time,open,high,low,close
2023-01-02 00:00:00,1900.0,1900.0,1891.02,1891.02
2023-01-02 01:00:00,1891.02,1891.02,1884.44,1884.44
2023-01-02 02:00:00,1884.44,1884.84,1879.67,1879.67
2023-01-02 03:00:00,1879.67,1880.58,1873.47,1876.15
2023-01-02 04:00:00,1876.15,1876.15,1868.37,1870.52
2023-01-02 05:00:00,1870.52,1874.93,1862.53,1862.53
2023-01-02 06:00:00,1862.53,1862.59,1854.28,1854.28
2023-01-02 07:00:00,1854.28,1856.13,1849.88,1849.9
2023-01-02 08:00:00,1849.9,1851.61,1848.75,1849.2
2023-01-02 09:00:00,1849.2,1853.08,1849.2,1850.1
2023-01-02 10:00:00,1850.1,1853.05,1845.9,1845.9
2023-01-02 11:00:00,1845.9,1848.9,1842.54,1848.12
2023-01-02 12:00:00,1848.12,1848.12,1843.03,1843.1
2023-01-02 13:00:00,1843.1,1847.32,1840.72,1845.74
2023-01-02 14:00:00,1845.74,1845.74,1840.06,1840.52
2023-01-02 15:00:00,1840.52,1840.69,1837.94,1840.69
2023-01-02 16:00:00,1840.69,1843.18,1836.54,1836.54
2023-01-02 17:00:00,1836.54,1840.67,1836.54,1837.64
2023-01-02 18:00:00,1837.64,1842.6,1837.18,1837.34
2023-01-02 19:00:00,1837.34,1839.98,1834.63,1838.35
2023-01-02 20:00:00,1838.35,1838.35,1830.53,1833.73
2023-01-02 21:00:00,1833.73,1836.75,1828.79,1828.79
2023-01-02 22:00:00,1828.79,1830.49,1828.07,1828.87
2023-01-02 23:00:00,1828.87,1833.25,1825.36,1825.55
2023-01-03 00:00:00,1825.55,1829.51,1825.55,1827.19
2023-01-03 01:00:00,1827.19,1827.98,1824.56,1827.82
2023-01-03 02:00:00,1827.82,1832.3,1827.82,1831.32
2023-01-03 03:00:00,1831.32,1833.15,1830.74,1832.29
2023-01-03 04:00:00,1832.29,1833.15,1825.76,1829.02
2023-01-03 05:00:00,1829.02,1829.1,1820.67,1823.2
2023-01-03 06:00:00,1823.2,1836.74,1823.2,1834.88
2023-01-03 07:00:00,1834.88,1837.01,1833.65,1836.78
2023-01-03 08:00:00,1836.78,1836.78,1824.99,1824.99
2023-01-03 09:00:00,1824.99,1825.84,1820.28,1821.8
2023-01-03 10:00:00,1821.8,1825.95,1819.73,1825.95
2023-01-03 11:00:00,1825.95,1831.56,1825.95,1827.83
2023-01-03 12:00:00,1827.83,1829.38,1823.66,1824.86
2023-01-03 13:00:00,1824.86,1830.26,1821.05,1821.79
2023-01-03 14:00:00,1821.79,1830.66,1819.61,1826.22
2023-01-03 15:00:00,1826.22,1828.67,1824.32,1826.04
2023-01-03 16:00:00,1826.04,1827.56,1823.2,1827.56
2023-01-03 17:00:00,1827.56,1834.77,1826.63,1834.77
2023-01-03 18:00:00,1834.77,1838.58,1834.61,1834.61
2023-01-03 19:00:00,1834.61,1837.97,1831.78,1837.1
2023-01-03 20:00:00,1837.1,1837.1,1830.52,1836.19
2023-01-03 21:00:00,1836.19,1836.19,1829.59,1833.72
2023-01-03 22:00:00,1833.72,1835.39,1829.83,1830.74
2023-01-03 23:00:00,1830.74,1835.76,1829.81,1835.76
2023-01-04 00:00:00,1835.76,1842.47,1831.17,1838.52
2023-01-04 01:00:00,1838.52,1842.4,1835.2,1835.2
2023-01-04 02:00:00,1835.2,1837.95,1830.66,1835.52
2023-01-04 03:00:00,1835.52,1839.11,1834.59,1836.52
2023-01-04 04:00:00,1836.52,1840.21,1835.59,1840.21
2023-01-04 05:00:00,1840.21,1845.59,1840.21,1842.32
2023-01-04 06:00:00,1842.32,1844.18,1836.75,1836.75
2023-01-04 07:00:00,1836.75,1837.94,1834.01,1835.88
2023-01-04 08:00:00,1835.88,1840.34,1834.44,1834.44
2023-01-04 09:00:00,1834.44,1836.83,1829.19,1835.37
2023-01-04 10:00:00,1835.37,1839.02,1834.55,1836.1
2023-01-04 11:00:00,1836.1,1840.0,1832.27,1840.0
2023-01-04 12:00:00,1840.0,1843.86,1834.99,1834.99
2023-01-04 13:00:00,1834.99,1848.17,1833.91,1848.17
2023-01-04 14:00:00,1848.17,1855.91,1845.26,1855.91
2023-01-04 15:00:00,1855.91,1855.91,1848.85,1849.24
2023-01-04 16:00:00,1849.24,1850.87,1847.21,1847.7
2023-01-04 17:00:00,1847.7,1848.69,1839.79,1839.79
2023-01-04 18:00:00,1839.79,1841.14,1832.8,1833.34
2023-01-04 19:00:00,1833.34,1839.31,1832.31,1839.31
2023-01-04 20:00:00,1839.31,1839.51,1827.48,1827.53
2023-01-04 21:00:00,1827.53,1832.12,1827.27,1827.27
2023-01-04 22:00:00,1827.27,1833.18,1827.27,1829.84
2023-01-04 23:00:00,1829.84,1833.97,1828.83,1831.95
2023-01-05 00:00:00,1831.95,1831.95,1824.16,1825.83
2023-01-05 01:00:00,1825.83,1827.32,1822.59,1823.21
2023-01-05 02:00:00,1823.21,1825.7,1818.16,1819.07
2023-01-05 03:00:00,1819.07,1829.15,1819.07,1828.79
2023-01-05 04:00:00,1828.79,1829.64,1824.78,1827.31
2023-01-05 05:00:00,1827.31,1828.28,1822.71,1823.61
2023-01-05 06:00:00,1823.61,1823.61,1815.01,1816.23
2023-01-05 07:00:00,1816.23,1816.23,1806.44,1806.87
2023-01-05 08:00:00,1806.87,1808.54,1799.28,1804.29
2023-01-05 09:00:00,1804.29,1811.18,1803.26,1809.5
2023-01-05 10:00:00,1809.5,1812.01,1806.32,1806.91
2023-01-05 11:00:00,1806.91,1806.91,1801.02,1806.45
2023-01-05 12:00:00,1806.45,1814.18,1803.04,1814.18
2023-01-05 13:00:00,1814.18,1821.55,1814.18,1820.41
2023-01-05 14:00:00,1820.41,1822.43,1817.64,1818.27
2023-01-05 15:00:00,1818.27,1821.12,1815.47,1821.12
2023-01-05 16:00:00,1821.12,1830.27,1819.95,1830.27
2023-01-05 17:00:00,1830.27,1832.76,1827.9,1828.61
2023-01-05 18:00:00,1828.61,1830.49,1827.39,1828.95
2023-01-05 19:00:00,1828.95,1836.08,1828.95,1836.08
2023-01-05 20:00:00,1836.08,1838.8,1834.2,1834.2
2023-01-05 21:00:00,1834.2,1835.5,1832.48,1835.5
2023-01-05 22:00:00,1835.5,1837.0,1832.51,1835.16
2023-01-05 23:00:00,1835.16,1852.44,1835.16,1852.36
2023-01-06 00:00:00,1852.36,1852.93,1849.67,1850.27
2023-01-06 01:00:00,1850.27,1850.27,1842.94,1849.09
2023-01-06 02:00:00,1849.09,1849.09,1841.13,1842.72
2023-01-06 03:00:00,1842.72,1842.99,1838.74,1839.14
2023-01-06 04:00:00,1839.14,1839.14,1830.49,1831.47
2023-01-06 05:00:00,1831.47,1837.98,1830.76,1837.53
2023-01-06 06:00:00,1837.53,1838.71,1832.85,1833.5
2023-01-06 07:00:00,1833.5,1839.89,1833.5,1839.89
2023-01-06 08:00:00,1839.89,1839.89,1830.89,1831.4
2023-01-06 09:00:00,1831.4,1835.04,1829.94,1832.15
2023-01-06 10:00:00,1832.15,1834.04,1826.78,1826.78
2023-01-06 11:00:00,1826.78,1835.03,1826.46,1834.09
2023-01-06 12:00:00,1834.09,1840.57,1833.4,1834.62
2023-01-06 13:00:00,1834.62,1837.41,1832.85,1832.85
2023-01-06 14:00:00,1832.85,1841.55,1831.21,1840.3
2023-01-06 15:00:00,1840.3,1840.47,1835.96,1836.36
2023-01-06 16:00:00,1836.36,1844.1,1835.49,1844.1
2023-01-06 17:00:00,1844.1,1845.53,1839.49,1843.31
2023-01-06 18:00:00,1843.31,1848.92,1840.87,1848.92
2023-01-06 19:00:00,1848.92,1850.53,1842.88,1845.19
2023-01-06 20:00:00,1845.19,1856.09,1844.52,1850.09
2023-01-06 21:00:00,1850.09,1850.09,1838.73,1838.73
2023-01-06 22:00:00,1838.73,1843.48,1837.35,1840.7
2023-01-06 23:00:00,1840.7,1844.08,1837.75,1844.08
2023-01-09 00:00:00,1844.08,1846.04,1839.7,1840.52
2023-01-09 01:00:00,1840.52,1840.89,1833.23,1834.83
2023-01-09 02:00:00,1834.83,1834.83,1830.1,1832.06
2023-01-09 03:00:00,1832.06,1850.59,1832.06,1849.77
2023-01-09 04:00:00,1849.77,1851.7,1843.38,1845.51
2023-01-09 05:00:00,1845.51,1846.14,1840.4,1843.78
2023-01-09 06:00:00,1843.78,1843.78,1832.89,1833.15
2023-01-09 07:00:00,1833.15,1837.98,1828.92,1829.34
2023-01-09 08:00:00,1829.34,1840.09,1828.75,1836.88
2023-01-09 09:00:00,1836.88,1838.89,1831.03,1832.24
2023-01-09 10:00:00,1832.24,1833.82,1826.25,1826.25
2023-01-09 11:00:00,1826.25,1827.57,1814.53,1814.53
2023-01-09 12:00:00,1814.53,1814.63,1810.26,1813.82
2023-01-09 13:00:00,1813.82,1814.45,1809.01,1811.24
2023-01-09 14:00:00,1811.24,1811.24,1804.88,1807.94
2023-01-09 15:00:00,1807.94,1812.62,1805.34,1812.62
2023-01-09 16:00:00,1812.62,1814.12,1811.18,1812.48
2023-01-09 17:00:00,1812.48,1814.09,1805.37,1805.37
2023-01-09 18:00:00,1805.37,1811.08,1805.19,1811.08
2023-01-09 19:00:00,1811.08,1811.08,1808.8,1810.58
2023-01-09 20:00:00,1810.58,1815.08,1810.58,1815.08
2023-01-09 21:00:00,1815.08,1818.41,1813.26,1817.07
2023-01-09 22:00:00,1817.07,1817.09,1809.52,1810.83
2023-01-09 23:00:00,1810.83,1811.63,1807.2,1810.26
2023-01-10 00:00:00,1810.26,1811.63,1807.78,1810.92
2023-01-10 01:00:00,1810.92,1818.49,1809.5,1816.96
2023-01-10 02:00:00,1816.96,1823.79,1815.01,1823.71
2023-01-10 03:00:00,1823.71,1834.53,1822.6,1828.74
2023-01-10 04:00:00,1828.74,1831.14,1827.06,1829.7
2023-01-10 05:00:00,1829.7,1834.19,1829.04,1829.04
2023-01-10 06:00:00,1829.04,1829.54,1822.66,1823.17
2023-01-10 07:00:00,1823.17,1825.48,1817.54,1817.79
2023-01-10 08:00:00,1817.79,1821.95,1813.01,1821.95
2023-01-10 09:00:00,1821.95,1822.3,1818.08,1820.12
2023-01-10 10:00:00,1820.12,1820.12,1814.48,1817.82
2023-01-10 11:00:00,1817.82,1819.02,1814.51,1814.51
2023-01-10 12:00:00,1814.51,1820.12,1814.51,1819.22
2023-01-10 13:00:00,1819.22,1821.96,1815.9,1815.9
2023-01-10 14:00:00,1815.9,1815.9,1811.09,1812.44
2023-01-10 15:00:00,1812.44,1815.89,1812.24,1814.69
2023-01-10 16:00:00,1814.69,1819.35,1814.64,1818.23
2023-01-10 17:00:00,1818.23,1822.96,1818.23,1821.51
2023-01-10 18:00:00,1821.51,1821.51,1812.02,1813.51
2023-01-10 19:00:00,1813.51,1814.72,1810.1,1813.14
2023-01-10 20:00:00,1813.14,1819.01,1813.14,1819.01
2023-01-10 21:00:00,1819.01,1820.09,1807.29,1807.29
2023-01-10 22:00:00,1807.29,1809.86,1803.26,1809.86
2023-01-10 23:00:00,1809.86,1815.95,1809.41,1815.61
2023-01-11 00:00:00,1815.61,1815.61,1811.95,1814.4
2023-01-11 01:00:00,1814.4,1816.64,1808.97,1814.45
2023-01-11 02:00:00,1814.45,1815.97,1810.86,1810.86
2023-01-11 03:00:00,1810.86,1811.82,1808.79,1809.75
2023-01-11 04:00:00,1809.75,1809.75,1794.05,1794.05
2023-01-11 05:00:00,1794.05,1794.05,1789.55,1791.5
2023-01-11 06:00:00,1791.5,1792.73,1785.94,1785.94
2023-01-11 07:00:00,1785.94,1794.06,1785.94,1794.06
2023-01-11 08:00:00,1794.06,1794.17,1788.51,1792.29
2023-01-11 09:00:00,1792.29,1792.29,1783.45,1783.45
2023-01-11 10:00:00,1783.45,1788.9,1783.45,1786.44
2023-01-11 11:00:00,1786.44,1795.52,1786.44,1795.16
2023-01-11 12:00:00,1795.16,1798.91,1794.05,1795.93
2023-01-11 13:00:00,1795.93,1800.06,1795.56,1800.06
2023-01-11 14:00:00,1800.06,1800.06,1792.61,1792.61
2023-01-11 15:00:00,1792.61,1798.97,1792.54,1797.46
2023-01-11 16:00:00,1797.46,1797.74,1794.62,1797.09
2023-01-11 17:00:00,1797.09,1798.11,1791.94,1793.02
2023-01-11 18:00:00,1793.02,1794.4,1790.32,1793.02
2023-01-11 19:00:00,1793.02,1798.08,1790.26,1798.08
2023-01-11 20:00:00,1798.08,1798.3,1792.1,1792.1
2023-01-11 21:00:00,1792.1,1792.1,1784.3,1785.36
2023-01-11 22:00:00,1785.36,1786.19,1782.24,1782.66
2023-01-11 23:00:00,1782.66,1783.24,1778.03,1779.77
2023-01-12 00:00:00,1779.77,1781.64,1774.1,1774.1
2023-01-12 01:00:00,1774.1,1775.51,1772.54,1773.59
2023-01-12 02:00:00,1773.59,1778.01,1773.59,1776.79
2023-01-12 03:00:00,1776.79,1778.25,1771.43,1775.09
2023-01-12 04:00:00,1775.09,1776.27,1768.6,1772.53
2023-01-12 05:00:00,1772.53,1777.91,1771.23,1777.91
2023-01-12 06:00:00,1777.91,1778.43,1772.32,1774.06
2023-01-12 07:00:00,1774.06,1774.06,1769.59,1773.84
2023-01-12 08:00:00,1773.84,1781.21,1771.19,1781.21
2023-01-12 09:00:00,1781.21,1781.47,1774.88,1775.18
2023-01-12 10:00:00,1775.18,1775.18,1772.59,1774.24
2023-01-12 11:00:00,1774.24,1775.63,1766.25,1766.4
2023-01-12 12:00:00,1766.4,1766.71,1762.53,1763.02
2023-01-12 13:00:00,1763.02,1764.88,1762.03,1764.88
2023-01-12 14:00:00,1764.88,1771.69,1763.23,1771.69
2023-01-12 15:00:00,1771.69,1771.69,1766.72,1766.74
2023-01-12 16:00:00,1766.74,1768.96,1764.17,1765.52
2023-01-12 17:00:00,1765.52,1766.78,1763.07,1764.49
2023-01-12 18:00:00,1764.49,1764.49,1757.72,1757.72
2023-01-12 19:00:00,1757.72,1760.13,1756.33,1756.68
2023-01-12 20:00:00,1756.68,1760.07,1755.67,1757.43
2023-01-12 21:00:00,1757.43,1758.24,1752.43,1752.43
2023-01-12 22:00:00,1752.43,1755.52,1750.69,1750.69
2023-01-12 23:00:00,1750.69,1755.31,1748.77,1751.81
2023-01-13 00:00:00,1751.81,1751.81,1743.88,1745.71
2023-01-13 01:00:00,1745.71,1748.01,1744.64,1747.75
2023-01-13 02:00:00,1747.75,1755.84,1736.36,1737.29
2023-01-13 03:00:00,1737.29,1739.3,1735.97,1738.75
2023-01-13 04:00:00,1738.75,1745.76,1738.75,1745.76
2023-01-13 05:00:00,1745.76,1750.74,1745.76,1746.79
2023-01-13 06:00:00,1746.79,1747.87,1744.2,1745.33
2023-01-13 07:00:00,1745.33,1747.68,1745.33,1747.4
2023-01-13 08:00:00,1747.4,1752.02,1746.55,1751.55
2023-01-13 09:00:00,1751.55,1759.72,1751.28,1759.72
2023-01-13 10:00:00,1759.72,1762.32,1757.43,1762.32
2023-01-13 11:00:00,1762.32,1764.29,1760.48,1764.29
2023-01-13 12:00:00,1764.29,1766.47,1764.29,1765.18
2023-01-13 13:00:00,1765.18,1766.62,1756.87,1756.87
2023-01-13 14:00:00,1756.87,1757.08,1753.43,1754.64
2023-01-13 15:00:00,1754.64,1761.41,1753.9,1761.41
2023-01-13 16:00:00,1761.41,1761.41,1756.53,1756.53
2023-01-13 17:00:00,1756.53,1756.53,1746.99,1748.01
2023-01-13 18:00:00,1748.01,1748.98,1745.0,1747.58
2023-01-13 19:00:00,1747.58,1747.92,1740.16,1742.43
2023-01-13 20:00:00,1742.43,1745.17,1735.89,1735.89
2023-01-13 21:00:00,1735.89,1744.86,1730.03,1741.65
2023-01-13 22:00:00,1741.65,1746.93,1740.02,1745.47
2023-01-13 23:00:00,1745.47,1748.16,1744.58,1748.16
2023-01-16 00:00:00,1748.16,1749.67,1746.17,1748.85
2023-01-16 01:00:00,1748.85,1752.19,1745.79,1752.19
2023-01-16 02:00:00,1752.19,1759.63,1752.19,1757.83
2023-01-16 03:00:00,1757.83,1759.06,1752.55,1755.02
2023-01-16 04:00:00,1755.02,1757.62,1754.46,1756.51
2023-01-16 05:00:00,1756.51,1758.55,1752.88,1757.36
2023-01-16 06:00:00,1757.36,1760.01,1754.66,1754.66
2023-01-16 07:00:00,1754.66,1755.13,1739.54,1742.38
2023-01-16 08:00:00,1742.38,1750.43,1742.22,1750.08
2023-01-16 09:00:00,1750.08,1750.08,1740.38,1740.38
2023-01-16 10:00:00,1740.38,1743.93,1737.49,1743.93
2023-01-16 11:00:00,1743.93,1753.17,1743.93,1750.68
2023-01-16 12:00:00,1750.68,1754.04,1746.87,1750.37
2023-01-16 13:00:00,1750.37,1755.18,1750.37,1752.58
2023-01-16 14:00:00,1752.58,1758.18,1750.54,1758.18
2023-01-16 15:00:00,1758.18,1760.81,1755.71,1756.78
2023-01-16 16:00:00,1756.78,1761.48,1755.19,1761.48
2023-01-16 17:00:00,1761.48,1772.79,1761.48,1772.79
2023-01-16 18:00:00,1772.79,1774.2,1768.66,1770.87
2023-01-16 19:00:00,1770.87,1780.54,1768.98,1780.54
2023-01-16 20:00:00,1780.54,1783.33,1778.88,1779.26
2023-01-16 21:00:00,1779.26,1779.74,1773.57,1779.54
2023-01-16 22:00:00,1779.54,1780.19,1767.48,1769.89
2023-01-16 23:00:00,1769.89,1773.11,1769.89,1773.02
2023-01-17 00:00:00,1773.02,1776.42,1772.3,1776.42
2023-01-17 01:00:00,1776.42,1782.68,1776.42,1777.03
2023-01-17 02:00:00,1777.03,1785.9,1777.03,1785.9
2023-01-17 03:00:00,1785.9,1788.41,1784.37,1785.51
2023-01-17 04:00:00,1785.51,1785.51,1779.8,1784.06
2023-01-17 05:00:00,1784.06,1784.06,1779.14,1779.14
2023-01-17 06:00:00,1779.14,1786.4,1779.13,1784.99
2023-01-17 07:00:00,1784.99,1793.11,1784.99,1791.94
2023-01-17 08:00:00,1791.94,1796.65,1786.88,1792.31
2023-01-17 09:00:00,1792.31,1793.71,1790.15,1792.73
2023-01-17 10:00:00,1792.73,1799.46,1792.6,1798.73
2023-01-17 11:00:00,1798.73,1800.36,1795.9,1800.04
2023-01-17 12:00:00,1800.04,1800.04,1790.55,1790.55
2023-01-17 13:00:00,1790.55,1795.96,1790.55,1792.31
2023-01-17 14:00:00,1792.31,1796.77,1791.05,1795.99
2023-01-17 15:00:00,1795.99,1797.87,1794.53,1796.41
2023-01-17 16:00:00,1796.41,1800.24,1791.74,1792.57
2023-01-17 17:00:00,1792.57,1796.33,1791.93,1791.93
2023-01-17 18:00:00,1791.93,1795.0,1786.57,1789.28
2023-01-17 19:00:00,1789.28,1792.47,1788.66,1791.85
2023-01-17 20:00:00,1791.85,1791.85,1785.94,1787.97
2023-01-17 21:00:00,1787.97,1790.42,1784.65,1789.89
2023-01-17 22:00:00,1789.89,1790.9,1786.6,1789.12
2023-01-17 23:00:00,1789.12,1805.56,1789.12,1801.58
2023-01-18 00:00:00,1801.58,1807.88,1798.31,1807.27
2023-01-18 01:00:00,1807.27,1807.91,1800.03,1804.09
2023-01-18 02:00:00,1804.09,1811.71,1804.09,1811.71
2023-01-18 03:00:00,1811.71,1813.63,1807.86,1813.63
2023-01-18 04:00:00,1813.63,1813.63,1809.25,1811.49
2023-01-18 05:00:00,1811.49,1813.59,1809.43,1809.83
2023-01-18 06:00:00,1809.83,1809.96,1806.18,1806.82
2023-01-18 07:00:00,1806.82,1806.82,1801.7,1804.53
2023-01-18 08:00:00,1804.53,1809.42,1803.96,1809.42
2023-01-18 09:00:00,1809.42,1815.97,1808.68,1815.97
2023-01-18 10:00:00,1815.97,1818.45,1815.05,1817.31
2023-01-18 11:00:00,1817.31,1818.89,1808.07,1808.07
2023-01-18 12:00:00,1808.07,1808.17,1803.07,1803.39
2023-01-18 13:00:00,1803.39,1804.97,1801.22,1803.74
2023-01-18 14:00:00,1803.74,1803.74,1796.98,1797.7
2023-01-18 15:00:00,1797.7,1808.06,1797.7,1807.65
2023-01-18 16:00:00,1807.65,1807.85,1801.7,1801.7
2023-01-18 17:00:00,1801.7,1801.7,1795.34,1797.39
2023-01-18 18:00:00,1797.39,1806.49,1796.03,1806.49
2023-01-18 19:00:00,1806.49,1806.49,1798.67,1800.1
2023-01-18 20:00:00,1800.1,1802.3,1789.53,1789.9
2023-01-18 21:00:00,1789.9,1798.99,1789.45,1796.23
2023-01-18 22:00:00,1796.23,1800.27,1795.31,1798.88
2023-01-18 23:00:00,1798.88,1801.63,1798.88,1801.63
2023-01-19 00:00:00,1801.63,1801.63,1794.23,1794.23
2023-01-19 01:00:00,1794.23,1801.52,1791.45,1797.79
2023-01-19 02:00:00,1797.79,1800.76,1797.13,1797.5
2023-01-19 03:00:00,1797.5,1802.11,1796.71,1796.71
2023-01-19 04:00:00,1796.71,1797.34,1793.91,1795.28
2023-01-19 05:00:00,1795.28,1797.67,1794.08,1795.23
2023-01-19 06:00:00,1795.23,1795.52,1787.99,1789.54
2023-01-19 07:00:00,1789.54,1796.5,1789.54,1793.36
2023-01-19 08:00:00,1793.36,1793.36,1786.41,1791.76
2023-01-19 09:00:00,1791.76,1791.76,1787.0,1787.1
2023-01-19 10:00:00,1787.1,1790.44,1785.98,1786.1
2023-01-19 11:00:00,1786.1,1786.1,1775.49,1775.49
2023-01-19 12:00:00,1775.49,1782.09,1773.63,1781.9
2023-01-19 13:00:00,1781.9,1784.09,1777.94,1778.29
2023-01-19 14:00:00,1778.29,1780.09,1771.54,1771.54
2023-01-19 15:00:00,1771.54,1776.89,1770.39,1774.95
2023-01-19 16:00:00,1774.95,1774.95,1765.61,1766.16
2023-01-19 17:00:00,1766.16,1766.38,1752.93,1758.14
2023-01-19 18:00:00,1758.14,1760.51,1752.99,1760.51
2023-01-19 19:00:00,1760.51,1762.91,1759.49,1760.51
2023-01-19 20:00:00,1760.51,1767.74,1760.51,1767.74
2023-01-19 21:00:00,1767.74,1782.62,1767.43,1782.62
2023-01-19 22:00:00,1782.62,1786.84,1778.41,1778.41
2023-01-19 23:00:00,1778.41,1783.77,1778.11,1780.7
2023-01-20 00:00:00,1780.7,1782.72,1775.61,1776.94
2023-01-20 01:00:00,1776.94,1779.93,1774.58,1779.33
2023-01-20 02:00:00,1779.33,1784.56,1776.32,1779.0
2023-01-20 03:00:00,1779.0,1779.03,1776.76,1776.83
2023-01-20 04:00:00,1776.83,1778.15,1773.66,1774.19
2023-01-20 05:00:00,1774.19,1777.41,1771.93,1773.26
2023-01-20 06:00:00,1773.26,1776.49,1772.68,1774.36
2023-01-20 07:00:00,1774.36,1776.4,1773.2,1774.46
2023-01-20 08:00:00,1774.46,1775.66,1768.16,1769.84
2023-01-20 09:00:00,1769.84,1775.1,1769.84,1772.18
2023-01-20 10:00:00,1772.18,1772.61,1765.73,1766.44
2023-01-20 11:00:00,1766.44,1767.22,1764.8,1764.8
2023-01-20 12:00:00,1764.8,1767.46,1763.11,1765.54
2023-01-20 13:00:00,1765.54,1772.83,1765.54,1772.61
2023-01-20 14:00:00,1772.61,1772.89,1768.61,1772.25
2023-01-20 15:00:00,1772.25,1772.74,1762.15,1762.15
2023-01-20 16:00:00,1762.15,1769.76,1762.15,1768.99
2023-01-20 17:00:00,1768.99,1774.72,1768.99,1771.8
2023-01-20 18:00:00,1771.8,1772.43,1761.7,1768.61
2023-01-20 19:00:00,1768.61,1774.24,1767.56,1774.24
2023-01-20 20:00:00,1774.24,1779.88,1766.87,1769.01
2023-01-20 21:00:00,1769.01,1771.54,1764.88,1771.54
2023-01-20 22:00:00,1771.54,1772.47,1769.06,1769.1
2023-01-20 23:00:00,1769.1,1771.6,1767.33,1770.63
2023-01-23 00:00:00,1770.63,1771.5,1764.24,1765.42
2023-01-23 01:00:00,1765.42,1769.8,1764.34,1769.42
2023-01-23 02:00:00,1769.42,1770.72,1765.13,1770.72
2023-01-23 03:00:00,1770.72,1771.64,1756.25,1756.66
2023-01-23 04:00:00,1756.66,1768.78,1753.55,1766.67
2023-01-23 05:00:00,1766.67,1769.11,1762.31,1762.44
2023-01-23 06:00:00,1762.44,1762.44,1756.95,1758.71
2023-01-23 07:00:00,1758.71,1761.27,1758.71,1760.35
2023-01-23 08:00:00,1760.35,1763.76,1759.79,1759.99
2023-01-23 09:00:00,1759.99,1765.97,1757.46,1765.84
2023-01-23 10:00:00,1765.84,1768.38,1757.63,1757.63
2023-01-23 11:00:00,1757.63,1758.5,1750.39,1752.66
2023-01-23 12:00:00,1752.66,1755.52,1748.72,1748.99
2023-01-23 13:00:00,1748.99,1751.64,1746.36,1748.63
2023-01-23 14:00:00,1748.63,1751.33,1748.21,1751.33
2023-01-23 15:00:00,1751.33,1752.56,1748.19,1748.75
2023-01-23 16:00:00,1748.75,1762.11,1748.75,1761.43
2023-01-23 17:00:00,1761.43,1763.49,1759.52,1761.21
2023-01-23 18:00:00,1761.21,1763.12,1758.09,1762.99
2023-01-23 19:00:00,1762.99,1766.22,1762.88,1765.05
2023-01-23 20:00:00,1765.05,1767.43,1763.16,1766.78
2023-01-23 21:00:00,1766.78,1768.76,1764.51,1768.76
2023-01-23 22:00:00,1768.76,1768.76,1762.38,1766.21
2023-01-23 23:00:00,1766.21,1767.11,1762.82,1763.3
2023-01-24 00:00:00,1763.3,1770.2,1763.3,1770.2
2023-01-24 01:00:00,1770.2,1779.74,1769.63,1779.47
2023-01-24 02:00:00,1779.47,1781.41,1775.09,1775.23
2023-01-24 03:00:00,1775.23,1783.14,1775.23,1782.57
2023-01-24 04:00:00,1782.57,1782.57,1779.56,1780.1
2023-01-24 05:00:00,1780.1,1789.54,1780.1,1785.37
2023-01-24 06:00:00,1785.37,1786.86,1780.33,1780.33
2023-01-24 07:00:00,1780.33,1783.41,1780.33,1783.04
2023-01-24 08:00:00,1783.04,1784.42,1780.47,1780.51
2023-01-24 09:00:00,1780.51,1783.39,1777.95,1777.95
2023-01-24 10:00:00,1777.95,1791.77,1777.95,1791.77
2023-01-24 11:00:00,1791.77,1791.77,1784.94,1789.59
2023-01-24 12:00:00,1789.59,1792.3,1788.59,1789.7
2023-01-24 13:00:00,1789.7,1791.86,1787.65,1788.53
2023-01-24 14:00:00,1788.53,1789.5,1785.92,1787.18
2023-01-24 15:00:00,1787.18,1795.5,1787.18,1793.63
2023-01-24 16:00:00,1793.63,1795.29,1790.65,1795.29
2023-01-24 17:00:00,1795.29,1797.32,1791.15,1793.19
2023-01-24 18:00:00,1793.19,1793.58,1787.82,1790.82
2023-01-24 19:00:00,1790.82,1792.81,1788.55,1791.68
2023-01-24 20:00:00,1791.68,1795.37,1791.68,1792.37
2023-01-24 21:00:00,1792.37,1798.67,1789.98,1798.67
2023-01-24 22:00:00,1798.67,1803.77,1798.24,1801.67
2023-01-24 23:00:00,1801.67,1803.63,1799.61,1800.8
2023-01-25 00:00:00,1800.8,1800.8,1793.74,1793.74
2023-01-25 01:00:00,1793.74,1803.89,1793.19,1803.86
2023-01-25 02:00:00,1803.86,1803.86,1796.11,1797.61
2023-01-25 03:00:00,1797.61,1800.07,1795.47,1796.69
2023-01-25 04:00:00,1796.69,1808.58,1795.61,1808.58
2023-01-25 05:00:00,1808.58,1814.2,1808.58,1809.74
2023-01-25 06:00:00,1809.74,1811.62,1808.39,1808.39
2023-01-25 07:00:00,1808.39,1808.39,1791.23,1800.6
2023-01-25 08:00:00,1800.6,1803.13,1797.88,1802.44
2023-01-25 09:00:00,1802.44,1804.03,1798.62,1803.81
2023-01-25 10:00:00,1803.81,1803.81,1797.21,1800.04
2023-01-25 11:00:00,1800.04,1800.82,1795.57,1795.57
2023-01-25 12:00:00,1795.57,1799.14,1790.74,1799.14
2023-01-25 13:00:00,1799.14,1804.21,1797.8,1803.4
2023-01-25 14:00:00,1803.4,1803.4,1797.8,1797.8
2023-01-25 15:00:00,1797.8,1807.89,1797.8,1807.89
2023-01-25 16:00:00,1807.89,1808.32,1805.15,1807.99
2023-01-25 17:00:00,1807.99,1815.27,1807.99,1815.27
2023-01-25 18:00:00,1815.27,1816.68,1810.54,1810.54
2023-01-25 19:00:00,1810.54,1816.96,1810.54,1811.99
2023-01-25 20:00:00,1811.99,1819.42,1809.71,1813.53
2023-01-25 21:00:00,1813.53,1815.11,1812.14,1815.11
2023-01-25 22:00:00,1815.11,1819.42,1814.55,1814.55
2023-01-25 23:00:00,1814.55,1816.59,1810.41,1816.59
2023-01-26 00:00:00,1816.59,1821.34,1816.22,1820.93
2023-01-26 01:00:00,1820.93,1824.52,1818.23,1824.52
2023-01-26 02:00:00,1824.52,1840.37,1824.52,1839.36
2023-01-26 03:00:00,1839.36,1859.83,1836.51,1859.83
2023-01-26 04:00:00,1859.83,1859.83,1850.38,1850.38
2023-01-26 05:00:00,1850.38,1854.85,1849.7,1849.7
2023-01-26 06:00:00,1849.7,1862.0,1849.7,1862.0
2023-01-26 07:00:00,1862.0,1869.42,1861.39,1863.2
2023-01-26 08:00:00,1863.2,1865.99,1859.98,1862.67
2023-01-26 09:00:00,1862.67,1871.51,1862.67,1868.66
2023-01-26 10:00:00,1868.66,1870.74,1864.97,1865.3
2023-01-26 11:00:00,1865.3,1877.01,1865.3,1877.01
2023-01-26 12:00:00,1877.01,1877.85,1872.9,1874.47
2023-01-26 13:00:00,1874.47,1874.47,1867.74,1867.74
2023-01-26 14:00:00,1867.74,1880.83,1867.74,1879.31
2023-01-26 15:00:00,1879.31,1879.31,1874.88,1876.28
2023-01-26 16:00:00,1876.28,1878.79,1874.45,1876.42
2023-01-26 17:00:00,1876.42,1876.5,1873.31,1873.67
2023-01-26 18:00:00,1873.67,1873.67,1863.14,1865.12
2023-01-26 19:00:00,1865.12,1865.85,1858.0,1860.81
2023-01-26 20:00:00,1860.81,1864.67,1856.1,1864.67
2023-01-26 21:00:00,1864.67,1869.51,1864.67,1869.51
2023-01-26 22:00:00,1869.51,1874.41,1868.56,1873.09
2023-01-26 23:00:00,1873.09,1878.39,1872.9,1878.39
2023-01-27 00:00:00,1878.39,1882.77,1878.39,1878.8
2023-01-27 01:00:00,1878.8,1885.1,1877.25,1885.1
2023-01-27 02:00:00,1885.1,1890.8,1883.83,1883.83
2023-01-27 03:00:00,1883.83,1889.96,1881.71,1889.96
2023-01-27 04:00:00,1889.96,1890.36,1883.61,1885.71
2023-01-27 05:00:00,1885.71,1893.76,1885.41,1893.31
2023-01-27 06:00:00,1893.31,1896.84,1885.76,1894.98
2023-01-27 07:00:00,1894.98,1897.31,1889.39,1894.64
2023-01-27 08:00:00,1894.64,1902.46,1891.25,1902.39
2023-01-27 09:00:00,1902.39,1906.61,1902.26,1906.33
2023-01-27 10:00:00,1906.33,1910.76,1903.89,1910.76
2023-01-27 11:00:00,1910.76,1920.84,1910.76,1918.42
2023-01-27 12:00:00,1918.42,1928.36,1918.42,1927.96
2023-01-27 13:00:00,1927.96,1931.7,1926.05,1928.48
2023-01-27 14:00:00,1928.48,1929.68,1919.49,1919.49
2023-01-27 15:00:00,1919.49,1921.37,1915.05,1917.42
2023-01-27 16:00:00,1917.42,1918.84,1906.6,1909.46
2023-01-27 17:00:00,1909.46,1911.06,1907.71,1910.19
2023-01-27 18:00:00,1910.19,1910.19,1909.21,1909.28
2023-01-27 19:00:00,1909.28,1913.46,1907.92,1908.13
2023-01-27 20:00:00,1908.13,1908.13,1897.82,1897.82
2023-01-27 21:00:00,1897.82,1907.44,1897.82,1905.84
2023-01-27 22:00:00,1905.84,1905.84,1896.8,1897.39
2023-01-27 23:00:00,1897.39,1910.4,1897.32,1910.4
2023-01-30 00:00:00,1910.4,1910.77,1907.97,1909.87
2023-01-30 01:00:00,1909.87,1913.47,1904.82,1904.82
2023-01-30 02:00:00,1904.82,1909.22,1903.43,1905.96
2023-01-30 03:00:00,1905.96,1908.33,1902.08,1903.55
2023-01-30 04:00:00,1903.55,1908.17,1900.63,1908.17
2023-01-30 05:00:00,1908.17,1908.17,1898.41,1900.0
2023-01-30 06:00:00,1900.0,1900.72,1892.85,1894.26
2023-01-30 07:00:00,1894.26,1895.17,1883.51,1884.63
2023-01-30 08:00:00,1884.63,1888.7,1881.05,1881.05
2023-01-30 09:00:00,1881.05,1887.38,1881.05,1882.54
2023-01-30 10:00:00,1882.54,1889.72,1882.54,1884.53
2023-01-30 11:00:00,1884.53,1886.52,1880.94,1880.94
2023-01-30 12:00:00,1880.94,1883.88,1876.38,1876.38
2023-01-30 13:00:00,1876.38,1880.05,1876.38,1876.58
2023-01-30 14:00:00,1876.58,1877.82,1871.41,1872.34
2023-01-30 15:00:00,1872.34,1875.99,1867.9,1875.16
2023-01-30 16:00:00,1875.16,1876.39,1871.48,1872.25
2023-01-30 17:00:00,1872.25,1874.7,1870.52,1872.03
2023-01-30 18:00:00,1872.03,1872.03,1867.95,1869.64
2023-01-30 19:00:00,1869.64,1871.94,1866.8,1866.8
2023-01-30 20:00:00,1866.8,1869.98,1862.63,1866.72
2023-01-30 21:00:00,1866.72,1869.14,1862.34,1862.34
2023-01-30 22:00:00,1862.34,1862.34,1855.48,1855.48
2023-01-30 23:00:00,1855.48,1864.3,1854.45,1862.97
2023-01-31 00:00:00,1862.97,1877.01,1862.97,1877.01
2023-01-31 01:00:00,1877.01,1880.06,1872.82,1876.08
2023-01-31 02:00:00,1876.08,1876.09,1866.54,1867.19
2023-01-31 03:00:00,1867.19,1870.59,1866.85,1866.85
2023-01-31 04:00:00,1866.85,1871.02,1865.36,1865.36
2023-01-31 05:00:00,1865.36,1868.26,1862.66,1863.55
2023-01-31 06:00:00,1863.55,1863.55,1857.33,1861.69
2023-01-31 07:00:00,1861.69,1864.76,1858.75,1858.75
2023-01-31 08:00:00,1858.75,1859.65,1853.27,1854.36
2023-01-31 09:00:00,1854.36,1858.98,1853.56,1855.45
2023-01-31 10:00:00,1855.45,1855.45,1849.84,1853.12
2023-01-31 11:00:00,1853.12,1861.19,1853.12,1861.19
2023-01-31 12:00:00,1861.19,1863.74,1861.04,1863.74
2023-01-31 13:00:00,1863.74,1868.87,1863.74,1868.87
2023-01-31 14:00:00,1868.87,1870.42,1865.95,1868.94
2023-01-31 15:00:00,1868.94,1871.04,1867.12,1867.12
2023-01-31 16:00:00,1867.12,1874.44,1866.26,1874.44
2023-01-31 17:00:00,1874.44,1882.79,1874.44,1880.15
2023-01-31 18:00:00,1880.15,1887.31,1878.67,1885.83
2023-01-31 19:00:00,1885.83,1885.83,1879.29,1879.29
2023-01-31 20:00:00,1879.29,1881.3,1877.54,1877.54
2023-01-31 21:00:00,1877.54,1878.47,1864.39,1865.01
2023-01-31 22:00:00,1865.01,1865.01,1857.83,1857.83
2023-01-31 23:00:00,1857.83,1857.83,1849.22,1851.54
2023-02-01 00:00:00,1851.54,1856.19,1851.05,1853.38
2023-02-01 01:00:00,1853.38,1857.33,1852.77,1855.89
2023-02-01 02:00:00,1855.89,1865.36,1854.83,1863.31
2023-02-01 03:00:00,1863.31,1864.91,1858.64,1858.64
2023-02-01 04:00:00,1858.64,1859.29,1856.4,1856.43
2023-02-01 05:00:00,1856.43,1864.72,1856.43,1864.72
2023-02-01 06:00:00,1864.72,1866.62,1863.37,1864.05
2023-02-01 07:00:00,1864.05,1865.6,1856.5,1860.65
2023-02-01 08:00:00,1860.65,1867.13,1860.14,1866.22
2023-02-01 09:00:00,1866.22,1868.35,1864.48,1866.32
2023-02-01 10:00:00,1866.32,1866.32,1857.12,1860.61
2023-02-01 11:00:00,1860.61,1868.55,1860.61,1867.96
2023-02-01 12:00:00,1867.96,1881.16,1867.96,1879.77
2023-02-01 13:00:00,1879.77,1879.77,1875.1,1877.26
2023-02-01 14:00:00,1877.26,1890.18,1877.26,1884.08
2023-02-01 15:00:00,1884.08,1884.84,1878.4,1879.46
2023-02-01 16:00:00,1879.46,1879.46,1865.66,1865.66
2023-02-01 17:00:00,1865.66,1871.75,1861.85,1871.14
2023-02-01 18:00:00,1871.14,1872.34,1862.11,1864.4
2023-02-01 19:00:00,1864.4,1869.4,1862.5,1867.5
2023-02-01 20:00:00,1867.5,1867.5,1859.26,1859.26
2023-02-01 21:00:00,1859.26,1859.29,1851.87,1852.21
2023-02-01 22:00:00,1852.21,1853.59,1848.57,1850.06
2023-02-01 23:00:00,1850.06,1854.12,1849.58,1854.12
2023-02-02 00:00:00,1854.12,1854.12,1849.06,1851.06
2023-02-02 01:00:00,1851.06,1853.16,1847.48,1848.92
2023-02-02 02:00:00,1848.92,1852.23,1842.28,1843.4
2023-02-02 03:00:00,1843.4,1844.37,1835.5,1835.5
2023-02-02 04:00:00,1835.5,1835.5,1827.37,1828.57
2023-02-02 05:00:00,1828.57,1832.7,1828.39,1832.07
2023-02-02 06:00:00,1832.07,1832.07,1821.71,1821.71
2023-02-02 07:00:00,1821.71,1821.79,1813.22,1813.22
2023-02-02 08:00:00,1813.22,1820.37,1810.76,1819.17
2023-02-02 09:00:00,1819.17,1827.17,1818.92,1827.17
2023-02-02 10:00:00,1827.17,1828.81,1823.62,1828.05
2023-02-02 11:00:00,1828.05,1828.52,1821.96,1828.09
2023-02-02 12:00:00,1828.09,1828.09,1814.17,1820.12
2023-02-02 13:00:00,1820.12,1820.12,1814.47,1815.53
2023-02-02 14:00:00,1815.53,1817.78,1813.1,1816.3
2023-02-02 15:00:00,1816.3,1818.24,1813.24,1818.06
2023-02-02 16:00:00,1818.06,1818.8,1815.64,1815.84
2023-02-02 17:00:00,1815.84,1816.6,1808.63,1816.35
2023-02-02 18:00:00,1816.35,1820.05,1815.92,1817.56
2023-02-02 19:00:00,1817.56,1828.89,1817.56,1828.89
2023-02-02 20:00:00,1828.89,1831.1,1822.82,1823.42
2023-02-02 21:00:00,1823.42,1835.89,1822.34,1835.89
2023-02-02 22:00:00,1835.89,1843.77,1835.89,1841.36
2023-02-02 23:00:00,1841.36,1843.97,1834.56,1836.01
2023-02-03 00:00:00,1836.01,1840.5,1833.55,1837.09
2023-02-03 01:00:00,1837.09,1840.65,1836.31,1840.65
2023-02-03 02:00:00,1840.65,1840.65,1838.49,1840.0
2023-02-03 03:00:00,1840.0,1847.11,1840.0,1845.46
2023-02-03 04:00:00,1845.46,1846.13,1841.67,1846.13
2023-02-03 05:00:00,1846.13,1846.13,1836.32,1837.78
2023-02-03 06:00:00,1837.78,1843.76,1837.78,1843.44
2023-02-03 07:00:00,1843.44,1845.01,1842.94,1843.36
2023-02-03 08:00:00,1843.36,1843.93,1836.12,1836.95
2023-02-03 09:00:00,1836.95,1840.61,1836.95,1840.33
2023-02-03 10:00:00,1840.33,1841.83,1838.92,1841.17
2023-02-03 11:00:00,1841.17,1842.34,1836.24,1838.89
2023-02-03 12:00:00,1838.89,1841.18,1835.48,1840.46
2023-02-03 13:00:00,1840.46,1843.9,1840.46,1843.31
2023-02-03 14:00:00,1843.31,1845.03,1841.26,1843.64
2023-02-03 15:00:00,1843.64,1843.71,1833.23,1833.23
2023-02-03 16:00:00,1833.23,1833.23,1824.29,1831.32
2023-02-03 17:00:00,1831.32,1831.32,1824.71,1826.61
2023-02-03 18:00:00,1826.61,1828.75,1822.21,1828.35
2023-02-03 19:00:00,1828.35,1830.88,1826.57,1826.57
2023-02-03 20:00:00,1826.57,1830.15,1825.13,1829.39
2023-02-03 21:00:00,1829.39,1834.14,1826.29,1829.61
2023-02-03 22:00:00,1829.61,1833.65,1828.48,1833.65
2023-02-03 23:00:00,1833.65,1833.71,1825.1,1825.51
2023-02-06 00:00:00,1825.51,1832.3,1825.23,1830.71
2023-02-06 01:00:00,1830.71,1830.71,1816.83,1816.83
2023-02-06 02:00:00,1816.83,1831.06,1815.74,1827.39
2023-02-06 03:00:00,1827.39,1831.24,1825.58,1827.25
2023-02-06 04:00:00,1827.25,1828.38,1821.54,1822.19
2023-02-06 05:00:00,1822.19,1827.02,1819.81,1824.53
2023-02-06 06:00:00,1824.53,1825.48,1820.88,1821.39
2023-02-06 07:00:00,1821.39,1822.11,1819.43,1820.21
2023-02-06 08:00:00,1820.21,1821.16,1816.43,1818.62
2023-02-06 09:00:00,1818.62,1820.32,1816.95,1818.58
2023-02-06 10:00:00,1818.58,1824.52,1815.99,1824.52
2023-02-06 11:00:00,1824.52,1828.74,1823.49,1828.74
2023-02-06 12:00:00,1828.74,1834.23,1826.47,1834.23
2023-02-06 13:00:00,1834.23,1835.73,1829.76,1829.76
2023-02-06 14:00:00,1829.76,1833.2,1828.92,1830.31
2023-02-06 15:00:00,1830.31,1839.69,1830.31,1836.69
2023-02-06 16:00:00,1836.69,1837.43,1833.09,1835.37
2023-02-06 17:00:00,1835.37,1835.37,1824.86,1825.75
2023-02-06 18:00:00,1825.75,1825.75,1816.22,1818.63
2023-02-06 19:00:00,1818.63,1819.33,1806.27,1806.7
2023-02-06 20:00:00,1806.7,1809.79,1805.01,1809.0
2023-02-06 21:00:00,1809.0,1809.0,1803.26,1806.31
2023-02-06 22:00:00,1806.31,1812.67,1806.31,1808.33
2023-02-06 23:00:00,1808.33,1809.88,1804.47,1805.19
2023-02-07 00:00:00,1805.19,1808.32,1802.63,1802.63
2023-02-07 01:00:00,1802.63,1819.98,1801.03,1818.68
2023-02-07 02:00:00,1818.68,1818.68,1803.12,1805.14
2023-02-07 03:00:00,1805.14,1805.14,1798.06,1802.5
2023-02-07 04:00:00,1802.5,1809.22,1801.31,1808.63
2023-02-07 05:00:00,1808.63,1811.47,1802.07,1811.29
2023-02-07 06:00:00,1811.29,1811.29,1805.25,1808.38
2023-02-07 07:00:00,1808.38,1808.38,1799.32,1799.32
2023-02-07 08:00:00,1799.32,1805.42,1799.32,1805.42
2023-02-07 09:00:00,1805.42,1807.89,1804.09,1807.28
2023-02-07 10:00:00,1807.28,1807.88,1805.12,1805.43
2023-02-07 11:00:00,1805.43,1805.43,1801.44,1803.47
2023-02-07 12:00:00,1803.47,1803.47,1789.89,1790.93
2023-02-07 13:00:00,1790.93,1800.48,1790.93,1798.76
2023-02-07 14:00:00,1798.76,1808.62,1798.76,1805.88
2023-02-07 15:00:00,1805.88,1806.13,1796.24,1798.46
2023-02-07 16:00:00,1798.46,1806.78,1798.07,1806.78
2023-02-07 17:00:00,1806.78,1814.13,1806.78,1814.13
2023-02-07 18:00:00,1814.13,1819.99,1814.13,1818.85
2023-02-07 19:00:00,1818.85,1821.41,1814.56,1814.56
2023-02-07 20:00:00,1814.56,1814.56,1809.33,1810.16
2023-02-07 21:00:00,1810.16,1816.29,1808.89,1816.02
2023-02-07 22:00:00,1816.02,1820.18,1815.05,1817.1
2023-02-07 23:00:00,1817.1,1817.3,1813.49,1813.49
2023-02-08 00:00:00,1813.49,1813.49,1801.19,1801.19
2023-02-08 01:00:00,1801.19,1803.05,1791.76,1795.08
2023-02-08 02:00:00,1795.08,1797.21,1791.79,1791.79
2023-02-08 03:00:00,1791.79,1791.97,1788.75,1788.75
2023-02-08 04:00:00,1788.75,1794.0,1788.59,1793.5
2023-02-08 05:00:00,1793.5,1797.88,1790.68,1797.88
2023-02-08 06:00:00,1797.88,1802.03,1797.49,1802.03
2023-02-08 07:00:00,1802.03,1813.35,1802.03,1812.18
2023-02-08 08:00:00,1812.18,1812.18,1800.43,1806.06
2023-02-08 09:00:00,1806.06,1807.89,1804.83,1807.66
2023-02-08 10:00:00,1807.66,1811.55,1807.25,1811.55
2023-02-08 11:00:00,1811.55,1819.95,1811.51,1815.89
2023-02-08 12:00:00,1815.89,1826.56,1815.89,1826.56
2023-02-08 13:00:00,1826.56,1827.82,1824.75,1824.75
2023-02-08 14:00:00,1824.75,1826.3,1821.34,1823.8
2023-02-08 15:00:00,1823.8,1828.56,1823.48,1826.4
2023-02-08 16:00:00,1826.4,1830.01,1826.08,1826.83
2023-02-08 17:00:00,1826.83,1829.99,1819.62,1823.06
2023-02-08 18:00:00,1823.06,1827.47,1821.12,1825.42
2023-02-08 19:00:00,1825.42,1826.57,1823.94,1825.48
2023-02-08 20:00:00,1825.48,1826.02,1822.34,1824.54
2023-02-08 21:00:00,1824.54,1824.54,1817.41,1820.01
2023-02-08 22:00:00,1820.01,1821.97,1816.02,1819.87
2023-02-08 23:00:00,1819.87,1820.29,1815.36,1819.29
2023-02-09 00:00:00,1819.29,1820.22,1817.03,1820.22
2023-02-09 01:00:00,1820.22,1829.18,1816.56,1829.18
2023-02-09 02:00:00,1829.18,1842.81,1829.18,1840.62
2023-02-09 03:00:00,1840.62,1844.65,1840.62,1842.02
2023-02-09 04:00:00,1842.02,1848.89,1842.02,1848.06
2023-02-09 05:00:00,1848.06,1852.47,1846.99,1850.16
2023-02-09 06:00:00,1850.16,1852.5,1848.01,1852.12
2023-02-09 07:00:00,1852.12,1854.25,1851.81,1853.35
2023-02-09 08:00:00,1853.35,1861.4,1852.66,1859.67
2023-02-09 09:00:00,1859.67,1867.88,1857.67,1867.88
2023-02-09 10:00:00,1867.88,1867.88,1862.95,1864.74
2023-02-09 11:00:00,1864.74,1866.21,1856.48,1858.75
2023-02-09 12:00:00,1858.75,1867.04,1858.75,1866.69
2023-02-09 13:00:00,1866.69,1867.76,1864.77,1865.94
2023-02-09 14:00:00,1865.94,1867.71,1859.8,1859.8
2023-02-09 15:00:00,1859.8,1859.8,1853.76,1857.94
2023-02-09 16:00:00,1857.94,1861.88,1857.14,1861.51
2023-02-09 17:00:00,1861.51,1864.7,1860.09,1863.45
2023-02-09 18:00:00,1863.45,1863.45,1855.69,1855.69
2023-02-09 19:00:00,1855.69,1861.7,1849.6,1849.6
2023-02-09 20:00:00,1849.6,1854.45,1846.65,1852.38
2023-02-09 21:00:00,1852.38,1857.63,1852.38,1855.41
2023-02-09 22:00:00,1855.41,1865.85,1854.83,1862.21
2023-02-09 23:00:00,1862.21,1866.84,1858.4,1859.07
2023-02-10 00:00:00,1859.07,1860.13,1854.3,1859.96
2023-02-10 01:00:00,1859.96,1864.2,1859.96,1862.19
2023-02-10 02:00:00,1862.19,1875.56,1862.19,1875.44
2023-02-10 03:00:00,1875.44,1882.64,1874.04,1881.66
2023-02-10 04:00:00,1881.66,1887.23,1879.14,1880.36
2023-02-10 05:00:00,1880.36,1881.47,1877.81,1879.74
2023-02-10 06:00:00,1879.74,1883.63,1878.9,1880.07
2023-02-10 07:00:00,1880.07,1880.07,1869.81,1870.51
2023-02-10 08:00:00,1870.51,1877.16,1868.88,1877.16
2023-02-10 09:00:00,1877.16,1877.16,1866.03,1867.85
2023-02-10 10:00:00,1867.85,1868.87,1864.86,1866.48
2023-02-10 11:00:00,1866.48,1868.58,1865.67,1867.42
2023-02-10 12:00:00,1867.42,1872.71,1867.42,1872.1
2023-02-10 13:00:00,1872.1,1884.63,1871.23,1884.63
2023-02-10 14:00:00,1884.63,1890.19,1880.48,1881.86
2023-02-10 15:00:00,1881.86,1881.97,1872.97,1872.97
2023-02-10 16:00:00,1872.97,1876.74,1869.65,1869.65
2023-02-10 17:00:00,1869.65,1872.98,1867.41,1869.51
2023-02-10 18:00:00,1869.51,1871.08,1867.77,1867.77
2023-02-10 19:00:00,1867.77,1878.56,1867.0,1878.56
2023-02-10 20:00:00,1878.56,1880.5,1874.96,1877.92
2023-02-10 21:00:00,1877.92,1880.41,1876.98,1876.98
2023-02-10 22:00:00,1876.98,1877.05,1874.22,1875.78
2023-02-10 23:00:00,1875.78,1879.79,1872.79,1878.78
2023-02-13 00:00:00,1878.78,1878.78,1872.54,1872.54
2023-02-13 01:00:00,1872.54,1875.18,1871.5,1871.85
2023-02-13 02:00:00,1871.85,1878.03,1870.62,1878.03
2023-02-13 03:00:00,1878.03,1891.94,1877.64,1890.72
2023-02-13 04:00:00,1890.72,1893.95,1889.63,1890.63
2023-02-13 05:00:00,1890.63,1893.76,1886.44,1891.48
2023-02-13 06:00:00,1891.48,1892.76,1888.12,1892.51
2023-02-13 07:00:00,1892.51,1903.1,1892.51,1903.1
2023-02-13 08:00:00,1903.1,1904.35,1897.1,1897.1
2023-02-13 09:00:00,1897.1,1898.7,1894.15,1896.97
2023-02-13 10:00:00,1896.97,1899.02,1887.58,1896.18
2023-02-13 11:00:00,1896.18,1899.38,1896.18,1898.66
2023-02-13 12:00:00,1898.66,1907.47,1895.71,1907.47
2023-02-13 13:00:00,1907.47,1907.88,1895.77,1896.53
2023-02-13 14:00:00,1896.53,1897.74,1888.97,1888.97
2023-02-13 15:00:00,1888.97,1900.98,1888.97,1900.98
2023-02-13 16:00:00,1900.98,1901.24,1896.55,1900.57
2023-02-13 17:00:00,1900.57,1902.42,1892.99,1892.99
2023-02-13 18:00:00,1892.99,1895.51,1890.41,1891.72
2023-02-13 19:00:00,1891.72,1892.8,1887.39,1889.48
2023-02-13 20:00:00,1889.48,1897.54,1887.89,1897.54
2023-02-13 21:00:00,1897.54,1900.35,1896.79,1900.03
2023-02-13 22:00:00,1900.03,1900.83,1891.14,1891.14
2023-02-13 23:00:00,1891.14,1897.25,1889.53,1897.25
2023-02-14 00:00:00,1897.25,1902.53,1896.28,1901.41
2023-02-14 01:00:00,1901.41,1905.24,1901.41,1904.1
2023-02-14 02:00:00,1904.1,1904.56,1891.8,1894.1
2023-02-14 03:00:00,1894.1,1897.21,1893.95,1896.31
2023-02-14 04:00:00,1896.31,1896.31,1890.07,1891.43
2023-02-14 05:00:00,1891.43,1902.03,1891.43,1901.43
2023-02-14 06:00:00,1901.43,1901.43,1893.39,1893.83
2023-02-14 07:00:00,1893.83,1898.1,1892.94,1897.71
2023-02-14 08:00:00,1897.71,1901.77,1897.46,1899.64
2023-02-14 09:00:00,1899.64,1900.69,1898.14,1898.56
2023-02-14 10:00:00,1898.56,1898.56,1891.11,1891.11
2023-02-14 11:00:00,1891.11,1894.03,1889.84,1894.03
2023-02-14 12:00:00,1894.03,1898.47,1894.03,1894.65
2023-02-14 13:00:00,1894.65,1900.38,1891.49,1894.54
2023-02-14 14:00:00,1894.54,1897.78,1889.46,1895.3
2023-02-14 15:00:00,1895.3,1895.3,1889.47,1891.84
2023-02-14 16:00:00,1891.84,1899.12,1891.84,1896.99
2023-02-14 17:00:00,1896.99,1896.99,1883.54,1884.96
2023-02-14 18:00:00,1884.96,1888.27,1880.21,1884.34
2023-02-14 19:00:00,1884.34,1894.03,1883.57,1890.71
2023-02-14 20:00:00,1890.71,1894.99,1888.13,1894.99
2023-02-14 21:00:00,1894.99,1894.99,1886.31,1887.25
2023-02-14 22:00:00,1887.25,1894.0,1887.25,1891.61
2023-02-14 23:00:00,1891.61,1891.61,1884.5,1886.21
2023-02-15 00:00:00,1886.21,1887.37,1880.77,1880.77
2023-02-15 01:00:00,1880.77,1885.63,1877.0,1884.65
2023-02-15 02:00:00,1884.65,1887.94,1880.62,1885.54
2023-02-15 03:00:00,1885.54,1885.54,1874.98,1878.22
2023-02-15 04:00:00,1878.22,1880.52,1875.52,1877.17
2023-02-15 05:00:00,1877.17,1877.17,1866.93,1866.93
2023-02-15 06:00:00,1866.93,1866.93,1860.63,1863.05
2023-02-15 07:00:00,1863.05,1865.63,1860.42,1864.65
2023-02-15 08:00:00,1864.65,1864.83,1861.05,1861.09
2023-02-15 09:00:00,1861.09,1865.37,1859.09,1865.33
2023-02-15 10:00:00,1865.33,1865.33,1858.1,1861.51
2023-02-15 11:00:00,1861.51,1863.46,1858.27,1860.11
2023-02-15 12:00:00,1860.11,1860.11,1854.52,1856.6
2023-02-15 13:00:00,1856.6,1857.49,1848.73,1851.37
2023-02-15 14:00:00,1851.37,1853.38,1840.1,1840.1
2023-02-15 15:00:00,1840.1,1842.78,1830.96,1830.96
2023-02-15 16:00:00,1830.96,1843.26,1830.96,1842.34
2023-02-15 17:00:00,1842.34,1844.24,1829.9,1829.9
2023-02-15 18:00:00,1829.9,1832.38,1825.12,1825.12
2023-02-15 19:00:00,1825.12,1826.66,1823.26,1824.66
2023-02-15 20:00:00,1824.66,1824.66,1813.43,1814.34
2023-02-15 21:00:00,1814.34,1816.24,1813.72,1815.4
2023-02-15 22:00:00,1815.4,1816.49,1809.71,1812.88
2023-02-15 23:00:00,1812.88,1812.88,1803.94,1807.07
2023-02-16 00:00:00,1807.07,1807.07,1800.22,1800.22
2023-02-16 01:00:00,1800.22,1813.9,1800.22,1813.32
2023-02-16 02:00:00,1813.32,1814.38,1796.39,1800.49
2023-02-16 03:00:00,1800.49,1807.35,1800.49,1804.95
2023-02-16 04:00:00,1804.95,1805.77,1802.3,1803.65
2023-02-16 05:00:00,1803.65,1810.38,1802.34,1805.56
2023-02-16 06:00:00,1805.56,1805.56,1800.51,1803.04
2023-02-16 07:00:00,1803.04,1803.65,1793.26,1793.26
2023-02-16 08:00:00,1793.26,1793.26,1784.07,1784.07
2023-02-16 09:00:00,1784.07,1785.13,1780.63,1783.91
2023-02-16 10:00:00,1783.91,1783.91,1775.97,1778.27
2023-02-16 11:00:00,1778.27,1778.27,1772.73,1774.34
2023-02-16 12:00:00,1774.34,1777.23,1772.13,1777.23
2023-02-16 13:00:00,1777.23,1784.3,1777.23,1783.7
2023-02-16 14:00:00,1783.7,1790.71,1782.0,1790.71
2023-02-16 15:00:00,1790.71,1792.48,1788.35,1790.54
2023-02-16 16:00:00,1790.54,1793.49,1786.36,1793.49
2023-02-16 17:00:00,1793.49,1803.28,1793.49,1797.64
2023-02-16 18:00:00,1797.64,1801.2,1796.1,1800.63
2023-02-16 19:00:00,1800.63,1808.45,1800.63,1808.25
2023-02-16 20:00:00,1808.25,1808.25,1798.79,1798.79
2023-02-16 21:00:00,1798.79,1808.0,1797.01,1805.98
2023-02-16 22:00:00,1805.98,1810.54,1805.98,1809.35
2023-02-16 23:00:00,1809.35,1809.35,1805.56,1806.54
2023-02-17 00:00:00,1806.54,1812.25,1805.45,1812.03
2023-02-17 01:00:00,1812.03,1814.09,1798.05,1798.05
2023-02-17 02:00:00,1798.05,1799.38,1795.37,1796.11
2023-02-17 03:00:00,1796.11,1809.66,1795.84,1806.16
2023-02-17 04:00:00,1806.16,1817.14,1806.16,1814.8
2023-02-17 05:00:00,1814.8,1816.53,1811.2,1816.53
2023-02-17 06:00:00,1816.53,1819.06,1814.7,1815.44
2023-02-17 07:00:00,1815.44,1823.64,1813.96,1823.44
2023-02-17 08:00:00,1823.44,1823.44,1816.27,1816.59
2023-02-17 09:00:00,1816.59,1820.95,1814.09,1814.09
2023-02-17 10:00:00,1814.09,1814.09,1803.96,1805.86
2023-02-17 11:00:00,1805.86,1808.91,1803.68,1808.91
2023-02-17 12:00:00,1808.91,1820.6,1808.91,1820.22
2023-02-17 13:00:00,1820.22,1826.24,1820.22,1826.24
2023-02-17 14:00:00,1826.24,1826.45,1822.19,1826.32
2023-02-17 15:00:00,1826.32,1826.32,1820.71,1822.71
2023-02-17 16:00:00,1822.71,1823.36,1810.13,1810.13
2023-02-17 17:00:00,1810.13,1813.04,1800.73,1801.45
2023-02-17 18:00:00,1801.45,1805.84,1798.03,1798.03
2023-02-17 19:00:00,1798.03,1799.4,1794.36,1795.0
2023-02-17 20:00:00,1795.0,1798.26,1793.56,1797.62
2023-02-17 21:00:00,1797.62,1800.45,1795.36,1799.58
2023-02-17 22:00:00,1799.58,1812.44,1799.58,1812.44
2023-02-17 23:00:00,1812.44,1813.81,1807.8,1807.8
2023-02-20 00:00:00,1807.8,1812.91,1807.8,1809.39
2023-02-20 01:00:00,1809.39,1809.39,1793.72,1793.72
2023-02-20 02:00:00,1793.72,1795.61,1790.58,1790.58
2023-02-20 03:00:00,1790.58,1793.21,1789.52,1789.52
2023-02-20 04:00:00,1789.52,1792.66,1789.52,1791.57
2023-02-20 05:00:00,1791.57,1802.83,1790.07,1802.83
2023-02-20 06:00:00,1802.83,1806.19,1800.1,1805.65
2023-02-20 07:00:00,1805.65,1808.92,1801.95,1804.53
2023-02-20 08:00:00,1804.53,1808.33,1801.44,1801.58
2023-02-20 09:00:00,1801.58,1801.58,1797.48,1797.98
2023-02-20 10:00:00,1797.98,1802.84,1796.61,1800.82
2023-02-20 11:00:00,1800.82,1800.82,1792.9,1794.22
2023-02-20 12:00:00,1794.22,1797.86,1793.59,1794.57
2023-02-20 13:00:00,1794.57,1797.36,1791.74,1794.15
2023-02-20 14:00:00,1794.15,1794.5,1789.69,1789.7
2023-02-20 15:00:00,1789.7,1796.62,1789.02,1796.62
2023-02-20 16:00:00,1796.62,1801.58,1796.62,1800.07
2023-02-20 17:00:00,1800.07,1806.46,1797.5,1806.4
2023-02-20 18:00:00,1806.4,1814.66,1806.4,1814.66
2023-02-20 19:00:00,1814.66,1815.86,1812.34,1815.39
2023-02-20 20:00:00,1815.39,1815.39,1804.98,1805.33
2023-02-20 21:00:00,1805.33,1807.43,1803.54,1804.61
2023-02-20 22:00:00,1804.61,1812.78,1804.61,1808.99
2023-02-20 23:00:00,1808.99,1808.99,1799.15,1802.22
2023-02-21 00:00:00,1802.22,1809.78,1802.22,1804.75
2023-02-21 01:00:00,1804.75,1805.08,1801.7,1805.08
2023-02-21 02:00:00,1805.08,1806.03,1802.8,1805.78
2023-02-21 03:00:00,1805.78,1810.79,1805.78,1810.64
2023-02-21 04:00:00,1810.64,1810.64,1798.74,1798.74
2023-02-21 05:00:00,1798.74,1803.7,1798.74,1800.95
2023-02-21 06:00:00,1800.95,1818.2,1796.16,1815.37
2023-02-21 07:00:00,1815.37,1815.37,1812.17,1812.78
2023-02-21 08:00:00,1812.78,1821.96,1812.78,1821.96
2023-02-21 09:00:00,1821.96,1828.68,1821.75,1827.44
2023-02-21 10:00:00,1827.44,1827.44,1820.21,1821.36
2023-02-21 11:00:00,1821.36,1821.36,1814.14,1817.77
2023-02-21 12:00:00,1817.77,1817.77,1807.19,1807.19
2023-02-21 13:00:00,1807.19,1809.73,1803.95,1805.14
2023-02-21 14:00:00,1805.14,1807.46,1801.54,1801.55
2023-02-21 15:00:00,1801.55,1801.72,1795.08,1797.34
2023-02-21 16:00:00,1797.34,1802.21,1795.77,1800.72
2023-02-21 17:00:00,1800.72,1805.35,1798.83,1799.91
2023-02-21 18:00:00,1799.91,1806.21,1799.13,1806.21
2023-02-21 19:00:00,1806.21,1812.4,1806.21,1811.62
2023-02-21 20:00:00,1811.62,1814.51,1808.97,1812.23
2023-02-21 21:00:00,1812.23,1813.31,1808.87,1813.31
2023-02-21 22:00:00,1813.31,1814.47,1797.61,1798.97
2023-02-21 23:00:00,1798.97,1798.97,1794.68,1797.89
2023-02-22 00:00:00,1797.89,1801.47,1797.31,1801.47
2023-02-22 01:00:00,1801.47,1805.73,1800.6,1802.46
2023-02-22 02:00:00,1802.46,1806.61,1800.5,1806.0
2023-02-22 03:00:00,1806.0,1808.93,1803.61,1806.47
2023-02-22 04:00:00,1806.47,1812.09,1801.09,1812.09
2023-02-22 05:00:00,1812.09,1819.26,1812.09,1816.33
2023-02-22 06:00:00,1816.33,1816.79,1811.66,1813.63
2023-02-22 07:00:00,1813.63,1813.63,1799.8,1799.8
2023-02-22 08:00:00,1799.8,1806.32,1799.68,1803.93
2023-02-22 09:00:00,1803.93,1808.73,1798.57,1807.68
2023-02-22 10:00:00,1807.68,1813.73,1807.68,1811.61
2023-02-22 11:00:00,1811.61,1814.36,1807.33,1814.15
2023-02-22 12:00:00,1814.15,1822.83,1812.3,1822.83
2023-02-22 13:00:00,1822.83,1826.59,1819.49,1825.78
2023-02-22 14:00:00,1825.78,1828.36,1819.74,1827.48
2023-02-22 15:00:00,1827.48,1827.48,1812.6,1812.6
2023-02-22 16:00:00,1812.6,1812.73,1809.22,1812.1
2023-02-22 17:00:00,1812.1,1819.71,1812.1,1817.47
2023-02-22 18:00:00,1817.47,1822.33,1816.94,1821.28
2023-02-22 19:00:00,1821.28,1821.28,1812.17,1818.87
2023-02-22 20:00:00,1818.87,1827.19,1817.09,1819.83
2023-02-22 21:00:00,1819.83,1823.02,1815.53,1815.82
2023-02-22 22:00:00,1815.82,1817.24,1806.53,1806.53
2023-02-22 23:00:00,1806.53,1806.82,1803.35,1805.34
2023-02-23 00:00:00,1805.34,1810.38,1800.58,1800.58
2023-02-23 01:00:00,1800.58,1800.83,1789.96,1789.96
2023-02-23 02:00:00,1789.96,1795.06,1789.96,1795.06
2023-02-23 03:00:00,1795.06,1795.06,1790.59,1793.26
2023-02-23 04:00:00,1793.26,1793.26,1783.05,1783.05
2023-02-23 05:00:00,1783.05,1783.05,1775.28,1776.03
2023-02-23 06:00:00,1776.03,1776.1,1766.97,1772.31
2023-02-23 07:00:00,1772.31,1775.02,1767.8,1775.02
2023-02-23 08:00:00,1775.02,1775.02,1767.12,1767.47
2023-02-23 09:00:00,1767.47,1770.34,1765.73,1766.59
2023-02-23 10:00:00,1766.59,1766.59,1762.21,1763.64
2023-02-23 11:00:00,1763.64,1768.8,1763.64,1767.96
2023-02-23 12:00:00,1767.96,1768.57,1762.47,1763.07
2023-02-23 13:00:00,1763.07,1765.77,1761.46,1763.71
2023-02-23 14:00:00,1763.71,1776.0,1763.23,1773.81
2023-02-23 15:00:00,1773.81,1774.11,1771.58,1771.58
2023-02-23 16:00:00,1771.58,1776.99,1768.52,1776.99
2023-02-23 17:00:00,1776.99,1776.99,1770.92,1771.88
2023-02-23 18:00:00,1771.88,1771.88,1756.12,1756.12
2023-02-23 19:00:00,1756.12,1758.56,1754.73,1755.65
2023-02-23 20:00:00,1755.65,1756.2,1751.47,1755.98
2023-02-23 21:00:00,1755.98,1755.98,1751.61,1752.91
2023-02-23 22:00:00,1752.91,1752.94,1746.39,1748.9
2023-02-23 23:00:00,1748.9,1755.18,1748.9,1752.89
2023-02-24 00:00:00,1752.89,1754.48,1752.08,1753.05
2023-02-24 01:00:00,1753.05,1753.05,1746.17,1748.06
2023-02-24 02:00:00,1748.06,1752.28,1745.22,1748.16
2023-02-24 03:00:00,1748.16,1748.16,1740.7,1746.09
2023-02-24 04:00:00,1746.09,1746.27,1741.07,1742.01
2023-02-24 05:00:00,1742.01,1746.06,1741.17,1742.94
2023-02-24 06:00:00,1742.94,1746.47,1734.59,1734.59
2023-02-24 07:00:00,1734.59,1735.15,1731.46,1731.58
2023-02-24 08:00:00,1731.58,1734.57,1727.12,1732.79
2023-02-24 09:00:00,1732.79,1734.14,1725.61,1726.19
2023-02-24 10:00:00,1726.19,1726.19,1720.81,1722.41
2023-02-24 11:00:00,1722.41,1725.47,1722.35,1723.37
2023-02-24 12:00:00,1723.37,1724.67,1721.39,1722.22
2023-02-24 13:00:00,1722.22,1722.22,1717.25,1721.63
2023-02-24 14:00:00,1721.63,1724.68,1719.7,1723.77
2023-02-24 15:00:00,1723.77,1733.3,1723.77,1728.98
2023-02-24 16:00:00,1728.98,1732.09,1724.77,1732.09
2023-02-24 17:00:00,1732.09,1734.04,1729.65,1731.25
2023-02-24 18:00:00,1731.25,1731.84,1727.91,1731.47
2023-02-24 19:00:00,1731.47,1739.83,1731.47,1738.08
2023-02-24 20:00:00,1738.08,1739.54,1734.94,1738.99
2023-02-24 21:00:00,1738.99,1742.41,1735.94,1735.94
2023-02-24 22:00:00,1735.94,1752.51,1735.94,1748.81
2023-02-24 23:00:00,1748.81,1748.81,1742.13,1745.18
2023-02-27 00:00:00,1745.18,1745.18,1740.38,1741.45
2023-02-27 01:00:00,1741.45,1743.08,1740.58,1741.68
2023-02-27 02:00:00,1741.68,1742.34,1735.42,1736.52
2023-02-27 03:00:00,1736.52,1737.12,1726.52,1728.36
2023-02-27 04:00:00,1728.36,1738.12,1728.36,1734.61
2023-02-27 05:00:00,1734.61,1739.68,1734.61,1738.14
2023-02-27 06:00:00,1738.14,1738.76,1732.14,1737.21
2023-02-27 07:00:00,1737.21,1738.42,1732.54,1738.42
2023-02-27 08:00:00,1738.42,1741.82,1736.46,1736.46
2023-02-27 09:00:00,1736.46,1740.19,1730.0,1732.64
2023-02-27 10:00:00,1732.64,1732.96,1730.92,1732.96
2023-02-27 11:00:00,1732.96,1733.52,1728.62,1729.56
2023-02-27 12:00:00,1729.56,1731.75,1728.64,1730.24
2023-02-27 13:00:00,1730.24,1737.54,1730.0,1737.54
2023-02-27 14:00:00,1737.54,1739.98,1735.05,1738.38
2023-02-27 15:00:00,1738.38,1738.38,1724.71,1724.71
2023-02-27 16:00:00,1724.71,1728.67,1724.48,1727.82
2023-02-27 17:00:00,1727.82,1727.82,1720.56,1723.5
2023-02-27 18:00:00,1723.5,1725.5,1721.62,1725.5
2023-02-27 19:00:00,1725.5,1734.11,1725.5,1731.56
2023-02-27 20:00:00,1731.56,1732.33,1726.23,1726.29
2023-02-27 21:00:00,1726.29,1726.86,1723.56,1726.55
2023-02-27 22:00:00,1726.55,1730.95,1725.43,1725.99
2023-02-27 23:00:00,1725.99,1725.99,1718.47,1718.73
2023-02-28 00:00:00,1718.73,1724.3,1718.73,1720.35
2023-02-28 01:00:00,1720.35,1725.13,1720.07,1722.57
2023-02-28 02:00:00,1722.57,1724.97,1720.87,1720.87
2023-02-28 03:00:00,1720.87,1720.87,1715.5,1716.54
2023-02-28 04:00:00,1716.54,1718.61,1712.05,1718.61
2023-02-28 05:00:00,1718.61,1725.81,1717.9,1725.81
2023-02-28 06:00:00,1725.81,1730.85,1725.81,1730.85
2023-02-28 07:00:00,1730.85,1734.59,1730.85,1734.28
2023-02-28 08:00:00,1734.28,1738.34,1730.05,1732.15
2023-02-28 09:00:00,1732.15,1737.6,1731.16,1737.6
2023-02-28 10:00:00,1737.6,1740.47,1735.05,1739.9
2023-02-28 11:00:00,1739.9,1739.9,1734.74,1734.89
2023-02-28 12:00:00,1734.89,1736.49,1734.18,1735.78
2023-02-28 13:00:00,1735.78,1745.33,1735.23,1745.33
2023-02-28 14:00:00,1745.33,1754.08,1744.72,1754.08
2023-02-28 15:00:00,1754.08,1754.08,1750.93,1752.58
2023-02-28 16:00:00,1752.58,1752.58,1745.57,1747.93
2023-02-28 17:00:00,1747.93,1750.41,1746.1,1747.34
2023-02-28 18:00:00,1747.34,1758.46,1747.34,1758.46
2023-02-28 19:00:00,1758.46,1758.46,1750.93,1755.5
2023-02-28 20:00:00,1755.5,1755.84,1748.84,1749.22
2023-02-28 21:00:00,1749.22,1756.41,1749.22,1754.19
2023-02-28 22:00:00,1754.19,1759.11,1754.19,1755.02
2023-02-28 23:00:00,1755.02,1755.59,1745.81,1749.04
2023-03-01 00:00:00,1749.04,1749.04,1742.73,1742.73
2023-03-01 01:00:00,1742.73,1743.44,1737.78,1739.98
2023-03-01 02:00:00,1739.98,1740.78,1728.77,1729.21
2023-03-01 03:00:00,1729.21,1730.0,1724.51,1729.3
2023-03-01 04:00:00,1729.3,1730.81,1727.6,1729.57
2023-03-01 05:00:00,1729.57,1729.57,1724.19,1726.64
2023-03-01 06:00:00,1726.64,1726.64,1723.67,1724.43
2023-03-01 07:00:00,1724.43,1727.22,1720.81,1720.81
2023-03-01 08:00:00,1720.81,1720.81,1718.72,1719.4
2023-03-01 09:00:00,1719.4,1723.88,1719.4,1723.88
2023-03-01 10:00:00,1723.88,1725.77,1720.52,1722.27
2023-03-01 11:00:00,1722.27,1723.86,1720.7,1723.86
2023-03-01 12:00:00,1723.86,1724.5,1715.64,1717.94
2023-03-01 13:00:00,1717.94,1717.94,1713.35,1713.35
2023-03-01 14:00:00,1713.35,1713.35,1707.05,1711.52
2023-03-01 15:00:00,1711.52,1725.67,1711.52,1718.42
2023-03-01 16:00:00,1718.42,1729.53,1718.42,1727.78
2023-03-01 17:00:00,1727.78,1727.92,1721.8,1722.28
2023-03-01 18:00:00,1722.28,1730.03,1718.26,1730.03
2023-03-01 19:00:00,1730.03,1732.73,1727.8,1732.43
2023-03-01 20:00:00,1732.43,1741.06,1731.79,1741.06
2023-03-01 21:00:00,1741.06,1756.72,1741.06,1755.2
2023-03-01 22:00:00,1755.2,1755.95,1752.48,1753.33
2023-03-01 23:00:00,1753.33,1757.93,1753.33,1756.03
2023-03-02 00:00:00,1756.03,1756.28,1750.05,1750.84
2023-03-02 01:00:00,1750.84,1752.73,1748.3,1751.72
2023-03-02 02:00:00,1751.72,1754.97,1742.09,1743.34
2023-03-02 03:00:00,1743.34,1748.27,1743.34,1747.53
2023-03-02 04:00:00,1747.53,1753.81,1747.53,1752.78
2023-03-02 05:00:00,1752.78,1753.55,1746.63,1747.83
2023-03-02 06:00:00,1747.83,1750.5,1735.57,1735.57
2023-03-02 07:00:00,1735.57,1735.57,1731.52,1731.89
2023-03-02 08:00:00,1731.89,1732.01,1727.15,1728.73
2023-03-02 09:00:00,1728.73,1731.47,1727.59,1728.33
2023-03-02 10:00:00,1728.33,1729.76,1725.29,1726.04
2023-03-02 11:00:00,1726.04,1728.23,1724.88,1728.23
2023-03-02 12:00:00,1728.23,1728.6,1725.48,1727.99
2023-03-02 13:00:00,1727.99,1728.11,1719.4,1719.4
2023-03-02 14:00:00,1719.4,1724.63,1716.17,1722.52
2023-03-02 15:00:00,1722.52,1725.09,1715.51,1716.88
2023-03-02 16:00:00,1716.88,1716.88,1709.72,1715.42
2023-03-02 17:00:00,1715.42,1715.73,1712.02,1712.02
2023-03-02 18:00:00,1712.02,1721.09,1712.02,1720.92
2023-03-02 19:00:00,1720.92,1722.98,1716.82,1722.98
2023-03-02 20:00:00,1722.98,1726.64,1716.77,1725.42
2023-03-02 21:00:00,1725.42,1727.07,1723.89,1724.64
2023-03-02 22:00:00,1724.64,1724.64,1718.82,1719.55
2023-03-02 23:00:00,1719.55,1727.99,1719.55,1727.99
2023-03-03 00:00:00,1727.99,1730.06,1721.38,1724.91
2023-03-03 01:00:00,1724.91,1728.78,1724.37,1727.73
2023-03-03 02:00:00,1727.73,1732.29,1725.83,1726.55
2023-03-03 03:00:00,1726.55,1726.55,1722.32,1722.32
2023-03-03 04:00:00,1722.32,1725.7,1721.32,1724.92
2023-03-03 05:00:00,1724.92,1734.02,1724.76,1734.02
2023-03-03 06:00:00,1734.02,1734.02,1727.46,1728.83
2023-03-03 07:00:00,1728.83,1729.04,1723.33,1723.33
2023-03-03 08:00:00,1723.33,1723.99,1718.71,1719.15
2023-03-03 09:00:00,1719.15,1719.15,1715.34,1715.34
2023-03-03 10:00:00,1715.34,1718.1,1711.92,1718.1
2023-03-03 11:00:00,1718.1,1725.56,1718.1,1725.56
2023-03-03 12:00:00,1725.56,1726.65,1721.38,1726.65
2023-03-03 13:00:00,1726.65,1740.15,1726.65,1739.12
2023-03-03 14:00:00,1739.12,1746.48,1739.12,1743.73
2023-03-03 15:00:00,1743.73,1745.23,1740.53,1745.23
2023-03-03 16:00:00,1745.23,1750.75,1745.23,1750.75
2023-03-03 17:00:00,1750.75,1750.75,1739.47,1739.81
2023-03-03 18:00:00,1739.81,1740.88,1735.37,1735.37
2023-03-03 19:00:00,1735.37,1737.69,1733.12,1737.19
2023-03-03 20:00:00,1737.19,1741.68,1733.42,1740.75
2023-03-03 21:00:00,1740.75,1742.47,1738.95,1740.3
2023-03-03 22:00:00,1740.3,1740.3,1732.93,1732.93
2023-03-03 23:00:00,1732.93,1735.55,1731.8,1735.34
2023-03-06 00:00:00,1735.34,1740.41,1735.29,1740.2
2023-03-06 01:00:00,1740.2,1740.2,1735.81,1739.17
2023-03-06 02:00:00,1739.17,1739.35,1729.94,1729.94
2023-03-06 03:00:00,1729.94,1739.37,1726.16,1734.07
2023-03-06 04:00:00,1734.07,1737.7,1732.27,1737.7
2023-03-06 05:00:00,1737.7,1740.16,1735.59,1739.01
2023-03-06 06:00:00,1739.01,1742.19,1734.81,1742.19
2023-03-06 07:00:00,1742.19,1742.19,1732.05,1732.34
2023-03-06 08:00:00,1732.34,1732.34,1725.13,1729.99
2023-03-06 09:00:00,1729.99,1734.99,1728.4,1734.17
2023-03-06 10:00:00,1734.17,1737.06,1732.62,1736.22
2023-03-06 11:00:00,1736.22,1742.3,1735.22,1736.85
2023-03-06 12:00:00,1736.85,1738.47,1733.49,1738.0
2023-03-06 13:00:00,1738.0,1741.22,1736.34,1736.34
2023-03-06 14:00:00,1736.34,1738.41,1733.42,1734.78
2023-03-06 15:00:00,1734.78,1737.79,1734.5,1737.45
2023-03-06 16:00:00,1737.45,1739.08,1736.09,1739.08
2023-03-06 17:00:00,1739.08,1740.2,1727.32,1727.32
2023-03-06 18:00:00,1727.32,1728.03,1723.64,1728.03
2023-03-06 19:00:00,1728.03,1728.03,1715.97,1718.42
2023-03-06 20:00:00,1718.42,1718.42,1713.12,1713.12
2023-03-06 21:00:00,1713.12,1719.61,1712.86,1719.23
2023-03-06 22:00:00,1719.23,1724.79,1717.19,1724.15
2023-03-06 23:00:00,1724.15,1725.99,1722.7,1722.7
2023-03-07 00:00:00,1722.7,1722.7,1717.61,1720.74
2023-03-07 01:00:00,1720.74,1726.67,1720.74,1726.13
2023-03-07 02:00:00,1726.13,1727.3,1720.86,1722.28
2023-03-07 03:00:00,1722.28,1725.31,1722.04,1723.86
2023-03-07 04:00:00,1723.86,1730.19,1722.07,1728.42
2023-03-07 05:00:00,1728.42,1735.62,1727.54,1735.62
2023-03-07 06:00:00,1735.62,1737.51,1734.14,1735.41
2023-03-07 07:00:00,1735.41,1742.25,1733.8,1739.94
2023-03-07 08:00:00,1739.94,1744.84,1739.24,1744.26
2023-03-07 09:00:00,1744.26,1745.09,1739.98,1739.98
2023-03-07 10:00:00,1739.98,1740.89,1730.61,1733.84
2023-03-07 11:00:00,1733.84,1737.92,1733.84,1737.85
2023-03-07 12:00:00,1737.85,1738.25,1731.73,1734.4
2023-03-07 13:00:00,1734.4,1734.71,1729.81,1729.81
2023-03-07 14:00:00,1729.81,1729.81,1718.28,1724.51
2023-03-07 15:00:00,1724.51,1730.5,1723.03,1729.04
2023-03-07 16:00:00,1729.04,1732.53,1729.04,1729.13
2023-03-07 17:00:00,1729.13,1729.69,1724.06,1724.41
2023-03-07 18:00:00,1724.41,1725.58,1718.03,1721.53
2023-03-07 19:00:00,1721.53,1721.53,1714.91,1715.66
2023-03-07 20:00:00,1715.66,1725.98,1715.41,1719.93
2023-03-07 21:00:00,1719.93,1720.77,1718.02,1720.77
2023-03-07 22:00:00,1720.77,1721.49,1717.46,1719.98
2023-03-07 23:00:00,1719.98,1721.77,1717.8,1719.61
2023-03-08 00:00:00,1719.61,1722.65,1719.05,1722.65
2023-03-08 01:00:00,1722.65,1723.35,1716.64,1716.64
2023-03-08 02:00:00,1716.64,1716.64,1712.06,1712.06
2023-03-08 03:00:00,1712.06,1713.47,1709.23,1711.13
2023-03-08 04:00:00,1711.13,1719.02,1711.13,1719.02
2023-03-08 05:00:00,1719.02,1722.8,1719.02,1721.59
2023-03-08 06:00:00,1721.59,1723.05,1717.64,1717.64
2023-03-08 07:00:00,1717.64,1719.17,1713.24,1713.33
2023-03-08 08:00:00,1713.33,1713.33,1704.87,1704.87
2023-03-08 09:00:00,1704.87,1706.35,1702.79,1703.88
2023-03-08 10:00:00,1703.88,1714.29,1703.88,1714.29
2023-03-08 11:00:00,1714.29,1717.34,1704.9,1704.9
2023-03-08 12:00:00,1704.9,1710.63,1704.9,1708.0
2023-03-08 13:00:00,1708.0,1711.46,1708.0,1710.57
2023-03-08 14:00:00,1710.57,1714.91,1710.57,1713.12
2023-03-08 15:00:00,1713.12,1714.39,1709.22,1709.23
2023-03-08 16:00:00,1709.23,1711.05,1705.84,1705.84
2023-03-08 17:00:00,1705.84,1713.22,1695.4,1695.4
2023-03-08 18:00:00,1695.4,1696.82,1689.72,1689.72
2023-03-08 19:00:00,1689.72,1692.78,1686.82,1687.43
2023-03-08 20:00:00,1687.43,1695.43,1686.58,1695.43
2023-03-08 21:00:00,1695.43,1699.67,1694.31,1695.85
2023-03-08 22:00:00,1695.85,1702.64,1695.85,1701.58
2023-03-08 23:00:00,1701.58,1701.58,1691.22,1691.22
2023-03-09 00:00:00,1691.22,1696.03,1691.09,1692.15
2023-03-09 01:00:00,1692.15,1695.16,1683.85,1686.07
2023-03-09 02:00:00,1686.07,1690.92,1684.41,1687.74
2023-03-09 03:00:00,1687.74,1687.74,1685.15,1686.47
2023-03-09 04:00:00,1686.47,1686.87,1683.11,1683.11
2023-03-09 05:00:00,1683.11,1683.26,1677.9,1677.9
2023-03-09 06:00:00,1677.9,1684.16,1677.9,1683.75
2023-03-09 07:00:00,1683.75,1686.17,1682.06,1684.34
2023-03-09 08:00:00,1684.34,1686.45,1675.64,1675.64
2023-03-09 09:00:00,1675.64,1675.64,1656.13,1656.13
2023-03-09 10:00:00,1656.13,1657.14,1654.34,1655.16
2023-03-09 11:00:00,1655.16,1659.49,1653.56,1653.92
2023-03-09 12:00:00,1653.92,1655.63,1651.72,1652.88
2023-03-09 13:00:00,1652.88,1659.71,1650.46,1659.71
2023-03-09 14:00:00,1659.71,1665.6,1658.19,1665.6
2023-03-09 15:00:00,1665.6,1672.96,1665.44,1669.01
2023-03-09 16:00:00,1669.01,1683.86,1667.05,1683.86
2023-03-09 17:00:00,1683.86,1686.6,1665.7,1665.7
2023-03-09 18:00:00,1665.7,1670.55,1665.47,1668.68
2023-03-09 19:00:00,1668.68,1670.17,1662.23,1662.77
2023-03-09 20:00:00,1662.77,1665.69,1662.0,1662.0
2023-03-09 21:00:00,1662.0,1664.08,1660.88,1661.6
2023-03-09 22:00:00,1661.6,1668.51,1659.87,1666.4
2023-03-09 23:00:00,1666.4,1667.0,1659.95,1659.95
2023-03-10 00:00:00,1659.95,1663.31,1659.95,1661.29
2023-03-10 01:00:00,1661.29,1662.64,1655.93,1656.68
2023-03-10 02:00:00,1656.68,1661.48,1655.03,1656.53
2023-03-10 03:00:00,1656.53,1656.53,1650.33,1653.17
2023-03-10 04:00:00,1653.17,1657.57,1653.17,1653.8
2023-03-10 05:00:00,1653.8,1655.85,1650.3,1655.85
2023-03-10 06:00:00,1655.85,1662.51,1655.75,1662.51
2023-03-10 07:00:00,1662.51,1663.51,1657.95,1658.12
2023-03-10 08:00:00,1658.12,1658.12,1654.74,1657.32
2023-03-10 09:00:00,1657.32,1659.24,1654.65,1656.26
2023-03-10 10:00:00,1656.26,1659.47,1653.8,1659.09
2023-03-10 11:00:00,1659.09,1659.09,1640.52,1641.45
2023-03-10 12:00:00,1641.45,1645.77,1637.41,1645.21
2023-03-10 13:00:00,1645.21,1647.25,1641.41,1641.41
2023-03-10 14:00:00,1641.41,1641.41,1630.7,1632.42
2023-03-10 15:00:00,1632.42,1633.05,1625.0,1633.05
2023-03-10 16:00:00,1633.05,1634.04,1630.95,1631.94
2023-03-10 17:00:00,1631.94,1634.78,1629.88,1631.48
2023-03-10 18:00:00,1631.48,1636.43,1631.48,1634.24
2023-03-10 19:00:00,1634.24,1635.94,1632.97,1633.54
2023-03-10 20:00:00,1633.54,1634.71,1631.47,1634.71
2023-03-10 21:00:00,1634.71,1637.85,1629.79,1629.79
2023-03-10 22:00:00,1629.79,1631.81,1628.24,1628.24
2023-03-10 23:00:00,1628.24,1628.24,1619.13,1619.13
2023-03-13 00:00:00,1619.13,1619.64,1614.31,1615.06
2023-03-13 01:00:00,1615.06,1622.53,1615.06,1622.14
2023-03-13 02:00:00,1622.14,1627.05,1620.95,1625.26
2023-03-13 03:00:00,1625.26,1625.26,1616.7,1616.7
2023-03-13 04:00:00,1616.7,1617.42,1614.49,1615.4
2023-03-13 05:00:00,1615.4,1616.12,1608.2,1608.2
2023-03-13 06:00:00,1608.2,1609.29,1605.01,1609.29
2023-03-13 07:00:00,1609.29,1609.29,1604.21,1605.3
2023-03-13 08:00:00,1605.3,1607.37,1603.82,1605.1
2023-03-13 09:00:00,1605.1,1607.33,1600.88,1607.33
2023-03-13 10:00:00,1607.33,1607.49,1593.18,1593.18
2023-03-13 11:00:00,1593.18,1599.52,1593.18,1599.52
2023-03-13 12:00:00,1599.52,1600.88,1596.43,1596.66
2023-03-13 13:00:00,1596.66,1603.04,1596.66,1600.01
2023-03-13 14:00:00,1600.01,1612.15,1600.01,1612.15
2023-03-13 15:00:00,1612.15,1612.15,1607.26,1607.26
2023-03-13 16:00:00,1607.26,1607.26,1603.42,1604.94
2023-03-13 17:00:00,1604.94,1605.77,1601.93,1603.05
2023-03-13 18:00:00,1603.05,1603.05,1596.61,1597.35
2023-03-13 19:00:00,1597.35,1602.85,1597.06,1600.68
2023-03-13 20:00:00,1600.68,1606.33,1600.38,1606.33
2023-03-13 21:00:00,1606.33,1606.33,1599.62,1599.62
2023-03-13 22:00:00,1599.62,1606.19,1597.57,1605.79
2023-03-13 23:00:00,1605.79,1605.79,1601.84,1602.72
2023-03-14 00:00:00,1602.72,1608.05,1598.92,1598.92
2023-03-14 01:00:00,1598.92,1601.49,1595.43,1595.8
2023-03-14 02:00:00,1595.8,1595.8,1593.08,1594.1
2023-03-14 03:00:00,1594.1,1595.46,1583.76,1583.76
2023-03-14 04:00:00,1583.76,1583.8,1577.44,1581.04
2023-03-14 05:00:00,1581.04,1581.04,1576.9,1577.67
2023-03-14 06:00:00,1577.67,1577.82,1575.55,1575.94
2023-03-14 07:00:00,1575.94,1575.94,1570.38,1571.56
2023-03-14 08:00:00,1571.56,1576.71,1571.56,1574.87
2023-03-14 09:00:00,1574.87,1577.32,1572.71,1576.99
2023-03-14 10:00:00,1576.99,1579.1,1576.91,1577.39
2023-03-14 11:00:00,1577.39,1577.39,1573.67,1573.84
2023-03-14 12:00:00,1573.84,1573.84,1569.09,1570.92
2023-03-14 13:00:00,1570.92,1574.36,1570.37,1573.61
2023-03-14 14:00:00,1573.61,1575.32,1571.8,1575.21
2023-03-14 15:00:00,1575.21,1575.21,1568.22,1568.22
2023-03-14 16:00:00,1568.22,1571.97,1565.91,1571.97
2023-03-14 17:00:00,1571.97,1572.98,1568.25,1570.77
2023-03-14 18:00:00,1570.77,1573.25,1569.67,1571.88
2023-03-14 19:00:00,1571.88,1571.88,1563.3,1569.72
2023-03-14 20:00:00,1569.72,1571.82,1564.12,1564.43
2023-03-14 21:00:00,1564.43,1565.43,1562.22,1564.51
2023-03-14 22:00:00,1564.51,1569.0,1562.75,1567.39
2023-03-14 23:00:00,1567.39,1571.75,1567.39,1570.67
2023-03-15 00:00:00,1570.67,1571.06,1563.28,1563.28
2023-03-15 01:00:00,1563.28,1566.49,1563.15,1566.49
2023-03-15 02:00:00,1566.49,1566.56,1563.85,1565.94
2023-03-15 03:00:00,1565.94,1566.92,1557.02,1559.82
2023-03-15 04:00:00,1559.82,1564.68,1559.82,1561.7
2023-03-15 05:00:00,1561.7,1566.4,1561.02,1565.25
2023-03-15 06:00:00,1565.25,1571.07,1565.25,1571.07
2023-03-15 07:00:00,1571.07,1574.41,1569.42,1572.21
2023-03-15 08:00:00,1572.21,1579.35,1572.21,1573.53
2023-03-15 09:00:00,1573.53,1573.53,1566.36,1569.71
2023-03-15 10:00:00,1569.71,1580.45,1569.71,1580.45
2023-03-15 11:00:00,1580.45,1589.03,1580.45,1588.77
2023-03-15 12:00:00,1588.77,1593.85,1588.62,1593.85
2023-03-15 13:00:00,1593.85,1593.85,1590.15,1590.21
2023-03-15 14:00:00,1590.21,1593.75,1589.31,1589.65
2023-03-15 15:00:00,1589.65,1589.81,1579.95,1580.97
2023-03-15 16:00:00,1580.97,1580.97,1572.97,1577.22
2023-03-15 17:00:00,1577.22,1585.07,1577.22,1582.9
2023-03-15 18:00:00,1582.9,1582.9,1577.31,1577.34
2023-03-15 19:00:00,1577.34,1581.18,1576.78,1580.24
2023-03-15 20:00:00,1580.24,1582.49,1575.85,1577.12
2023-03-15 21:00:00,1577.12,1580.79,1577.12,1579.93
2023-03-15 22:00:00,1579.93,1584.32,1579.93,1582.72
2023-03-15 23:00:00,1582.72,1582.72,1573.98,1573.98
2023-03-16 00:00:00,1573.98,1576.78,1571.17,1572.39
2023-03-16 01:00:00,1572.39,1574.74,1572.39,1573.16
2023-03-16 02:00:00,1573.16,1574.55,1570.63,1573.57
2023-03-16 03:00:00,1573.57,1575.07,1572.1,1573.7
2023-03-16 04:00:00,1573.7,1573.7,1566.98,1572.44
2023-03-16 05:00:00,1572.44,1575.63,1572.44,1573.66
2023-03-16 06:00:00,1573.66,1575.55,1571.21,1574.44
2023-03-16 07:00:00,1574.44,1576.73,1572.07,1576.17
2023-03-16 08:00:00,1576.17,1591.13,1576.17,1588.2
2023-03-16 09:00:00,1588.2,1590.25,1587.57,1590.25
2023-03-16 10:00:00,1590.25,1590.25,1584.95,1584.95
2023-03-16 11:00:00,1584.95,1587.2,1583.49,1586.74
2023-03-16 12:00:00,1586.74,1590.49,1585.84,1589.78
2023-03-16 13:00:00,1589.78,1592.14,1589.06,1592.14
2023-03-16 14:00:00,1592.14,1594.79,1590.05,1592.03
2023-03-16 15:00:00,1592.03,1592.59,1589.84,1592.59
2023-03-16 16:00:00,1592.59,1595.25,1591.84,1594.1
2023-03-16 17:00:00,1594.1,1607.2,1594.1,1607.2
2023-03-16 18:00:00,1607.2,1607.35,1603.25,1603.25
2023-03-16 19:00:00,1603.25,1606.33,1603.25,1603.47
2023-03-16 20:00:00,1603.47,1604.34,1599.4,1600.67
2023-03-16 21:00:00,1600.67,1600.67,1596.59,1599.49
2023-03-16 22:00:00,1599.49,1601.55,1598.84,1601.11
2023-03-16 23:00:00,1601.11,1601.81,1596.25,1596.25
2023-03-17 00:00:00,1596.25,1599.3,1596.01,1597.33
2023-03-17 01:00:00,1597.33,1597.57,1593.84,1593.84
2023-03-17 02:00:00,1593.84,1597.51,1593.2,1597.51
2023-03-17 03:00:00,1597.51,1598.26,1595.07,1598.26
2023-03-17 04:00:00,1598.26,1598.87,1595.99,1597.83
2023-03-17 05:00:00,1597.83,1599.04,1596.16,1596.16
2023-03-17 06:00:00,1596.16,1602.09,1594.72,1602.09
2023-03-17 07:00:00,1602.09,1609.82,1601.03,1608.38
2023-03-17 08:00:00,1608.38,1610.74,1607.26,1607.93
2023-03-17 09:00:00,1607.93,1610.1,1604.9,1605.51
2023-03-17 10:00:00,1605.51,1606.38,1602.88,1605.95
2023-03-17 11:00:00,1605.95,1605.95,1602.84,1604.52
2023-03-17 12:00:00,1604.52,1608.13,1603.78,1608.13
2023-03-17 13:00:00,1608.13,1612.35,1608.13,1610.62
2023-03-17 14:00:00,1610.62,1612.9,1609.49,1610.47
2023-03-17 15:00:00,1610.47,1618.66,1608.84,1615.32
2023-03-17 16:00:00,1615.32,1616.48,1610.6,1611.46
2023-03-17 17:00:00,1611.46,1611.46,1606.48,1607.18
2023-03-17 18:00:00,1607.18,1610.6,1605.52,1610.41
2023-03-17 19:00:00,1610.41,1612.95,1607.6,1607.6
2023-03-17 20:00:00,1607.6,1612.03,1607.6,1611.8
2023-03-17 21:00:00,1611.8,1618.62,1611.5,1618.62
2023-03-17 22:00:00,1618.62,1623.9,1618.37,1620.9
2023-03-17 23:00:00,1620.9,1625.57,1620.9,1625.08
2023-03-20 00:00:00,1625.08,1625.08,1620.78,1623.45
2023-03-20 01:00:00,1623.45,1624.64,1617.64,1621.75
2023-03-20 02:00:00,1621.75,1621.75,1615.32,1619.41
2023-03-20 03:00:00,1619.41,1620.78,1616.14,1616.14
2023-03-20 04:00:00,1616.14,1619.54,1614.47,1616.44
2023-03-20 05:00:00,1616.44,1619.08,1613.25,1614.05
2023-03-20 06:00:00,1614.05,1619.12,1610.65,1611.81
2023-03-20 07:00:00,1611.81,1613.2,1607.19,1607.19
2023-03-20 08:00:00,1607.19,1612.13,1603.88,1612.0
2023-03-20 09:00:00,1612.0,1612.0,1606.22,1606.22
2023-03-20 10:00:00,1606.22,1606.22,1601.95,1602.86
2023-03-20 11:00:00,1602.86,1615.48,1602.55,1615.48
2023-03-20 12:00:00,1615.48,1617.37,1613.23,1617.37
2023-03-20 13:00:00,1617.37,1617.37,1612.6,1613.19
2023-03-20 14:00:00,1613.19,1615.02,1612.81,1612.81
2023-03-20 15:00:00,1612.81,1616.64,1612.81,1615.53
2023-03-20 16:00:00,1615.53,1617.67,1610.9,1617.53
2023-03-20 17:00:00,1617.53,1617.86,1613.03,1614.7
2023-03-20 18:00:00,1614.7,1614.7,1608.59,1609.66
2023-03-20 19:00:00,1609.66,1612.38,1605.74,1605.74
2023-03-20 20:00:00,1605.74,1605.97,1601.89,1602.48
2023-03-20 21:00:00,1602.48,1602.48,1583.93,1583.93
2023-03-20 22:00:00,1583.93,1586.86,1582.06,1583.83
2023-03-20 23:00:00,1583.83,1589.14,1583.83,1589.14
2023-03-21 00:00:00,1589.14,1589.18,1585.67,1586.0
2023-03-21 01:00:00,1586.0,1590.41,1586.0,1588.07
2023-03-21 02:00:00,1588.07,1589.33,1581.29,1581.29
2023-03-21 03:00:00,1581.29,1589.13,1580.94,1589.13
2023-03-21 04:00:00,1589.13,1596.58,1587.23,1596.58
2023-03-21 05:00:00,1596.58,1602.35,1596.58,1599.02
2023-03-21 06:00:00,1599.02,1602.47,1599.0,1600.58
2023-03-21 07:00:00,1600.58,1600.58,1594.07,1594.07
2023-03-21 08:00:00,1594.07,1596.16,1591.03,1592.43
2023-03-21 09:00:00,1592.43,1597.17,1592.43,1597.17
2023-03-21 10:00:00,1597.17,1602.87,1597.05,1599.06
2023-03-21 11:00:00,1599.06,1601.51,1596.97,1596.97
2023-03-21 12:00:00,1596.97,1600.17,1594.42,1599.9
2023-03-21 13:00:00,1599.9,1600.13,1590.83,1592.96
2023-03-21 14:00:00,1592.96,1593.51,1588.8,1588.8
2023-03-21 15:00:00,1588.8,1596.14,1588.8,1596.07
2023-03-21 16:00:00,1596.07,1596.75,1593.47,1593.81
2023-03-21 17:00:00,1593.81,1596.3,1591.41,1594.66
2023-03-21 18:00:00,1594.66,1599.79,1594.25,1596.97
2023-03-21 19:00:00,1596.97,1601.85,1595.95,1601.57
2023-03-21 20:00:00,1601.57,1602.3,1593.97,1596.64
2023-03-21 21:00:00,1596.64,1604.05,1596.2,1600.9
2023-03-21 22:00:00,1600.9,1603.61,1600.0,1600.43
2023-03-21 23:00:00,1600.43,1600.86,1595.65,1596.97
2023-03-22 00:00:00,1596.97,1597.28,1593.85,1593.85
2023-03-22 01:00:00,1593.85,1601.93,1593.85,1598.44
2023-03-22 02:00:00,1598.44,1603.74,1597.8,1603.74
2023-03-22 03:00:00,1603.74,1605.28,1601.78,1604.52
2023-03-22 04:00:00,1604.52,1609.14,1602.25,1604.25
2023-03-22 05:00:00,1604.25,1604.83,1600.72,1604.04
2023-03-22 06:00:00,1604.04,1604.04,1600.56,1601.63
2023-03-22 07:00:00,1601.63,1601.63,1596.8,1596.81
2023-03-22 08:00:00,1596.81,1597.2,1594.69,1594.69
2023-03-22 09:00:00,1594.69,1602.21,1594.69,1602.21
2023-03-22 10:00:00,1602.21,1606.91,1602.1,1606.91
2023-03-22 11:00:00,1606.91,1609.54,1602.3,1603.9
2023-03-22 12:00:00,1603.9,1604.25,1599.95,1600.61
2023-03-22 13:00:00,1600.61,1600.87,1594.44,1599.39
2023-03-22 14:00:00,1599.39,1599.39,1590.4,1591.3
2023-03-22 15:00:00,1591.3,1592.56,1589.66,1589.91
2023-03-22 16:00:00,1589.91,1596.26,1589.91,1591.63
2023-03-22 17:00:00,1591.63,1595.11,1590.98,1590.98
2023-03-22 18:00:00,1590.98,1594.07,1588.6,1593.89
2023-03-22 19:00:00,1593.89,1596.4,1590.93,1596.09
2023-03-22 20:00:00,1596.09,1599.08,1594.95,1597.49
2023-03-22 21:00:00,1597.49,1601.19,1597.45,1597.94
2023-03-22 22:00:00,1597.94,1604.81,1596.11,1604.81
2023-03-22 23:00:00,1604.81,1607.63,1602.57,1607.63
2023-03-23 00:00:00,1607.63,1611.35,1607.63,1608.37
2023-03-23 01:00:00,1608.37,1613.3,1608.37,1613.3
2023-03-23 02:00:00,1613.3,1613.61,1610.36,1613.61
2023-03-23 03:00:00,1613.61,1614.86,1607.25,1607.25
2023-03-23 04:00:00,1607.25,1607.57,1603.7,1607.57
2023-03-23 05:00:00,1607.57,1607.57,1595.76,1595.76
2023-03-23 06:00:00,1595.76,1599.59,1594.19,1599.08
2023-03-23 07:00:00,1599.08,1601.18,1596.46,1596.46
2023-03-23 08:00:00,1596.46,1596.95,1594.73,1596.95
2023-03-23 09:00:00,1596.95,1598.38,1593.02,1593.02
2023-03-23 10:00:00,1593.02,1597.46,1590.63,1597.46
2023-03-23 11:00:00,1597.46,1598.39,1594.07,1598.39
2023-03-23 12:00:00,1598.39,1600.47,1593.31,1598.21
2023-03-23 13:00:00,1598.21,1598.21,1594.05,1596.06
2023-03-23 14:00:00,1596.06,1596.22,1590.87,1592.08
2023-03-23 15:00:00,1592.08,1593.61,1588.92,1593.57
2023-03-23 16:00:00,1593.57,1594.86,1590.18,1594.69
2023-03-23 17:00:00,1594.69,1601.56,1594.69,1597.92
2023-03-23 18:00:00,1597.92,1607.69,1597.92,1607.69
2023-03-23 19:00:00,1607.69,1607.69,1600.09,1601.53
2023-03-23 20:00:00,1601.53,1603.88,1598.58,1598.58
2023-03-23 21:00:00,1598.58,1604.99,1598.58,1604.44
2023-03-23 22:00:00,1604.44,1606.14,1602.07,1605.69
2023-03-23 23:00:00,1605.69,1611.38,1605.69,1611.34
2023-03-24 00:00:00,1611.34,1616.91,1610.09,1610.4
2023-03-24 01:00:00,1610.4,1613.72,1608.64,1608.67
2023-03-24 02:00:00,1608.67,1608.89,1604.43,1605.99
2023-03-24 03:00:00,1605.99,1605.99,1597.61,1599.12
2023-03-24 04:00:00,1599.12,1600.18,1596.39,1597.28
2023-03-24 05:00:00,1597.28,1601.06,1596.96,1596.96
2023-03-24 06:00:00,1596.96,1597.17,1591.65,1592.17
2023-03-24 07:00:00,1592.17,1595.67,1591.81,1595.0
2023-03-24 08:00:00,1595.0,1595.0,1590.55,1592.37
2023-03-24 09:00:00,1592.37,1593.04,1588.28,1588.36
2023-03-24 10:00:00,1588.36,1588.36,1586.35,1587.28
2023-03-24 11:00:00,1587.28,1587.28,1581.94,1581.94
2023-03-24 12:00:00,1581.94,1586.98,1580.91,1585.75
2023-03-24 13:00:00,1585.75,1585.75,1573.89,1577.29
2023-03-24 14:00:00,1577.29,1582.69,1577.09,1580.93
2023-03-24 15:00:00,1580.93,1583.48,1579.13,1582.49
2023-03-24 16:00:00,1582.49,1582.56,1577.66,1578.16
2023-03-24 17:00:00,1578.16,1578.16,1569.16,1569.93
2023-03-24 18:00:00,1569.93,1570.49,1565.53,1567.12
2023-03-24 19:00:00,1567.12,1571.32,1565.23,1570.12
2023-03-24 20:00:00,1570.12,1571.74,1569.29,1571.46
2023-03-24 21:00:00,1571.46,1571.46,1547.71,1553.21
2023-03-24 22:00:00,1553.21,1555.67,1552.8,1554.4
2023-03-24 23:00:00,1554.4,1561.01,1554.4,1561.01
2023-03-27 00:00:00,1561.01,1562.32,1554.23,1554.6
2023-03-27 01:00:00,1554.6,1558.81,1554.6,1556.77
2023-03-27 02:00:00,1556.77,1561.28,1556.68,1558.59
2023-03-27 03:00:00,1558.59,1565.51,1558.59,1563.42
2023-03-27 04:00:00,1563.42,1569.34,1563.42,1568.84
2023-03-27 05:00:00,1568.84,1574.32,1568.63,1568.63
2023-03-27 06:00:00,1568.63,1570.85,1567.22,1569.35
2023-03-27 07:00:00,1569.35,1573.79,1569.35,1573.79
2023-03-27 08:00:00,1573.79,1579.53,1573.51,1576.63
2023-03-27 09:00:00,1576.63,1578.48,1574.61,1575.28
2023-03-27 10:00:00,1575.28,1575.64,1566.33,1567.22
2023-03-27 11:00:00,1567.22,1568.55,1563.35,1563.64
2023-03-27 12:00:00,1563.64,1571.29,1562.62,1567.09
2023-03-27 13:00:00,1567.09,1575.64,1567.09,1569.23
2023-03-27 14:00:00,1569.23,1569.23,1560.79,1561.58
2023-03-27 15:00:00,1561.58,1566.34,1560.24,1566.34
2023-03-27 16:00:00,1566.34,1572.67,1565.13,1572.67
2023-03-27 17:00:00,1572.67,1575.16,1569.29,1575.16
2023-03-27 18:00:00,1575.16,1576.47,1574.11,1574.9
2023-03-27 19:00:00,1574.9,1575.05,1570.4,1570.4
2023-03-27 20:00:00,1570.4,1574.81,1570.22,1572.06
2023-03-27 21:00:00,1572.06,1572.64,1569.93,1572.37
2023-03-27 22:00:00,1572.37,1574.93,1568.85,1568.85
2023-03-27 23:00:00,1568.85,1571.29,1561.46,1561.46
2023-03-28 00:00:00,1561.46,1568.84,1561.46,1566.01
2023-03-28 01:00:00,1566.01,1566.01,1560.56,1563.62
2023-03-28 02:00:00,1563.62,1567.58,1563.62,1567.58
2023-03-28 03:00:00,1567.58,1573.12,1566.58,1573.12
2023-03-28 04:00:00,1573.12,1574.4,1567.36,1567.36
2023-03-28 05:00:00,1567.36,1567.36,1557.56,1557.56
2023-03-28 06:00:00,1557.56,1561.24,1553.29,1554.21
2023-03-28 07:00:00,1554.21,1557.54,1552.52,1557.54
2023-03-28 08:00:00,1557.54,1557.54,1552.79,1557.06
2023-03-28 09:00:00,1557.06,1557.92,1554.64,1556.52
2023-03-28 10:00:00,1556.52,1561.8,1552.93,1561.8
2023-03-28 11:00:00,1561.8,1564.79,1557.47,1562.69
2023-03-28 12:00:00,1562.69,1562.69,1552.14,1555.05
2023-03-28 13:00:00,1555.05,1555.83,1551.45,1553.75
2023-03-28 14:00:00,1553.75,1557.44,1553.75,1554.24
2023-03-28 15:00:00,1554.24,1556.34,1553.72,1556.34
2023-03-28 16:00:00,1556.34,1558.01,1553.74,1556.88
2023-03-28 17:00:00,1556.88,1557.27,1549.62,1552.57
2023-03-28 18:00:00,1552.57,1557.15,1551.75,1555.33
2023-03-28 19:00:00,1555.33,1555.33,1544.01,1545.27
2023-03-28 20:00:00,1545.27,1545.46,1536.37,1537.28
2023-03-28 21:00:00,1537.28,1539.66,1537.2,1538.65
2023-03-28 22:00:00,1538.65,1541.24,1536.65,1541.24
2023-03-28 23:00:00,1541.24,1542.87,1538.74,1540.42
2023-03-29 00:00:00,1540.42,1544.96,1540.36,1543.54
2023-03-29 01:00:00,1543.54,1544.25,1542.57,1542.61
2023-03-29 02:00:00,1542.61,1547.23,1540.52,1547.23
2023-03-29 03:00:00,1547.23,1547.68,1544.65,1544.65
2023-03-29 04:00:00,1544.65,1547.89,1542.45,1547.54
2023-03-29 05:00:00,1547.54,1550.37,1544.19,1550.37
2023-03-29 06:00:00,1550.37,1550.37,1546.38,1549.99
2023-03-29 07:00:00,1549.99,1550.99,1547.75,1549.53
2023-03-29 08:00:00,1549.53,1553.42,1546.23,1546.23
2023-03-29 09:00:00,1546.23,1550.99,1546.23,1547.59
2023-03-29 10:00:00,1547.59,1550.11,1543.47,1546.37
2023-03-29 11:00:00,1546.37,1547.5,1543.87,1546.51
2023-03-29 12:00:00,1546.51,1553.83,1546.51,1551.99
2023-03-29 13:00:00,1551.99,1563.88,1551.99,1562.77
2023-03-29 14:00:00,1562.77,1563.66,1561.35,1561.35
2023-03-29 15:00:00,1561.35,1564.9,1560.98,1564.55
2023-03-29 16:00:00,1564.55,1565.35,1560.36,1560.36
2023-03-29 17:00:00,1560.36,1562.18,1555.39,1555.39
2023-03-29 18:00:00,1555.39,1556.86,1551.85,1554.67
2023-03-29 19:00:00,1554.67,1554.67,1547.66,1548.68
2023-03-29 20:00:00,1548.68,1556.78,1547.9,1556.78
2023-03-29 21:00:00,1556.78,1556.78,1547.06,1547.06
2023-03-29 22:00:00,1547.06,1547.06,1538.17,1538.24
2023-03-29 23:00:00,1538.24,1540.39,1537.49,1537.49
2023-03-30 00:00:00,1537.49,1538.63,1535.42,1535.93
2023-03-30 01:00:00,1535.93,1540.77,1533.08,1540.77
2023-03-30 02:00:00,1540.77,1553.35,1540.59,1553.35
2023-03-30 03:00:00,1553.35,1561.71,1553.35,1561.15
2023-03-30 04:00:00,1561.15,1563.79,1559.47,1559.47
2023-03-30 05:00:00,1559.47,1561.06,1557.72,1558.31
2023-03-30 06:00:00,1558.31,1560.38,1558.25,1560.38
2023-03-30 07:00:00,1560.38,1568.14,1560.38,1568.14
2023-03-30 08:00:00,1568.14,1574.39,1568.14,1573.73
2023-03-30 09:00:00,1573.73,1578.38,1573.73,1578.38
2023-03-30 10:00:00,1578.38,1582.32,1578.38,1582.23
2023-03-30 11:00:00,1582.23,1582.71,1578.22,1582.71
2023-03-30 12:00:00,1582.71,1583.68,1578.77,1583.2
2023-03-30 13:00:00,1583.2,1588.99,1581.22,1588.95
2023-03-30 14:00:00,1588.95,1589.84,1583.44,1583.44
2023-03-30 15:00:00,1583.44,1589.66,1582.03,1588.41
2023-03-30 16:00:00,1588.41,1591.35,1587.79,1590.31
2023-03-30 17:00:00,1590.31,1591.53,1586.0,1586.0
2023-03-30 18:00:00,1586.0,1587.28,1583.09,1585.08
2023-03-30 19:00:00,1585.08,1585.08,1577.86,1577.86
2023-03-30 20:00:00,1577.86,1577.86,1564.11,1567.04
2023-03-30 21:00:00,1567.04,1567.04,1554.12,1554.12
2023-03-30 22:00:00,1554.12,1560.31,1554.12,1560.31
2023-03-30 23:00:00,1560.31,1560.76,1556.82,1556.86
2023-03-31 00:00:00,1556.86,1558.22,1556.41,1556.63
2023-03-31 01:00:00,1556.63,1563.0,1556.63,1563.0
2023-03-31 02:00:00,1563.0,1563.0,1551.5,1551.5
2023-03-31 03:00:00,1551.5,1551.5,1545.16,1546.36
2023-03-31 04:00:00,1546.36,1547.49,1543.41,1547.49
2023-03-31 05:00:00,1547.49,1549.14,1546.23,1546.68
2023-03-31 06:00:00,1546.68,1546.68,1539.63,1539.63
2023-03-31 07:00:00,1539.63,1546.01,1539.63,1546.01
2023-03-31 08:00:00,1546.01,1546.95,1537.7,1540.36
2023-03-31 09:00:00,1540.36,1541.34,1535.01,1535.8
2023-03-31 10:00:00,1535.8,1537.84,1535.0,1536.79
2023-03-31 11:00:00,1536.79,1537.08,1531.57,1533.72
2023-03-31 12:00:00,1533.72,1536.37,1531.45,1532.45
2023-03-31 13:00:00,1532.45,1532.45,1527.9,1531.11
2023-03-31 14:00:00,1531.11,1532.57,1527.07,1527.07
2023-03-31 15:00:00,1527.07,1533.28,1527.07,1531.33
2023-03-31 16:00:00,1531.33,1531.33,1527.1,1529.31
2023-03-31 17:00:00,1529.31,1529.31,1517.5,1517.5
2023-03-31 18:00:00,1517.5,1519.27,1515.52,1515.96
2023-03-31 19:00:00,1515.96,1517.39,1512.3,1512.3
2023-03-31 20:00:00,1512.3,1517.23,1511.12,1515.71
2023-03-31 21:00:00,1515.71,1523.7,1514.65,1523.7
2023-03-31 22:00:00,1523.7,1525.77,1520.85,1521.71
2023-03-31 23:00:00,1521.71,1521.71,1519.03,1519.88
2023-04-03 00:00:00,1519.88,1523.94,1509.47,1509.47
2023-04-03 01:00:00,1509.47,1510.17,1504.47,1505.02
2023-04-03 02:00:00,1505.02,1507.75,1504.48,1506.68
2023-04-03 03:00:00,1506.68,1508.58,1504.74,1508.43
2023-04-03 04:00:00,1508.43,1510.05,1506.92,1506.92
2023-04-03 05:00:00,1506.92,1511.76,1506.92,1511.36
2023-04-03 06:00:00,1511.36,1513.3,1510.2,1513.3
2023-04-03 07:00:00,1513.3,1516.18,1512.23,1514.98
2023-04-03 08:00:00,1514.98,1516.85,1511.6,1516.85
2023-04-03 09:00:00,1516.85,1520.63,1514.73,1520.63
2023-04-03 10:00:00,1520.63,1520.63,1518.01,1520.37
2023-04-03 11:00:00,1520.37,1521.52,1517.52,1518.59
2023-04-03 12:00:00,1518.59,1518.59,1515.57,1516.31
2023-04-03 13:00:00,1516.31,1517.44,1513.8,1514.17
2023-04-03 14:00:00,1514.17,1528.01,1514.17,1525.17
2023-04-03 15:00:00,1525.17,1529.26,1523.57,1527.36
2023-04-03 16:00:00,1527.36,1529.05,1525.64,1528.63
2023-04-03 17:00:00,1528.63,1532.2,1527.46,1527.46
2023-04-03 18:00:00,1527.46,1538.73,1527.46,1534.48
2023-04-03 19:00:00,1534.48,1540.12,1531.63,1539.95
2023-04-03 20:00:00,1539.95,1541.05,1537.72,1537.72
2023-04-03 21:00:00,1537.72,1540.48,1537.72,1539.26
2023-04-03 22:00:00,1539.26,1540.89,1538.02,1540.64
2023-04-03 23:00:00,1540.64,1542.92,1536.85,1542.92
2023-04-04 00:00:00,1542.92,1542.92,1536.83,1537.09
2023-04-04 01:00:00,1537.09,1538.83,1526.15,1527.62
2023-04-04 02:00:00,1527.62,1531.62,1523.68,1531.62
2023-04-04 03:00:00,1531.62,1535.78,1529.84,1535.78
2023-04-04 04:00:00,1535.78,1549.23,1535.78,1549.23
2023-04-04 05:00:00,1549.23,1553.13,1545.52,1553.13
2023-04-04 06:00:00,1553.13,1555.25,1547.99,1549.46
2023-04-04 07:00:00,1549.46,1549.46,1544.45,1548.62
2023-04-04 08:00:00,1548.62,1552.97,1548.62,1551.49
2023-04-04 09:00:00,1551.49,1559.07,1551.49,1557.07
2023-04-04 10:00:00,1557.07,1557.96,1550.85,1553.22
2023-04-04 11:00:00,1553.22,1553.22,1550.63,1552.82
2023-04-04 12:00:00,1552.82,1557.59,1551.03,1557.59
2023-04-04 13:00:00,1557.59,1558.26,1551.8,1553.3
2023-04-04 14:00:00,1553.3,1554.97,1548.64,1548.64
2023-04-04 15:00:00,1548.64,1562.68,1545.85,1562.28
2023-04-04 16:00:00,1562.28,1566.88,1562.28,1566.88
2023-04-04 17:00:00,1566.88,1568.92,1565.19,1567.94
2023-04-04 18:00:00,1567.94,1572.46,1567.94,1572.46
2023-04-04 19:00:00,1572.46,1575.91,1569.5,1574.83
2023-04-04 20:00:00,1574.83,1575.52,1570.69,1575.08
2023-04-04 21:00:00,1575.08,1581.18,1574.97,1579.82
2023-04-04 22:00:00,1579.82,1582.29,1579.59,1580.1
2023-04-04 23:00:00,1580.1,1588.95,1577.62,1588.95
2023-04-05 00:00:00,1588.95,1603.44,1588.95,1601.7
2023-04-05 01:00:00,1601.7,1603.09,1596.15,1596.15
2023-04-05 02:00:00,1596.15,1596.55,1592.29,1593.28
2023-04-05 03:00:00,1593.28,1597.84,1592.14,1597.84
2023-04-05 04:00:00,1597.84,1598.26,1592.01,1597.44
2023-04-05 05:00:00,1597.44,1597.44,1591.06,1591.9
2023-04-05 06:00:00,1591.9,1592.66,1588.76,1589.6
2023-04-05 07:00:00,1589.6,1591.33,1587.5,1590.74
2023-04-05 08:00:00,1590.74,1592.21,1588.19,1591.86
2023-04-05 09:00:00,1591.86,1592.7,1590.99,1591.52
2023-04-05 10:00:00,1591.52,1591.52,1585.11,1588.65
2023-04-05 11:00:00,1588.65,1592.85,1587.83,1588.52
2023-04-05 12:00:00,1588.52,1597.69,1588.52,1597.61
2023-04-05 13:00:00,1597.61,1600.79,1592.58,1593.8
2023-04-05 14:00:00,1593.8,1594.93,1584.05,1584.05
2023-04-05 15:00:00,1584.05,1585.17,1582.64,1584.13
2023-04-05 16:00:00,1584.13,1599.23,1582.74,1599.23
2023-04-05 17:00:00,1599.23,1599.86,1592.74,1594.97
2023-04-05 18:00:00,1594.97,1597.42,1586.23,1586.23
2023-04-05 19:00:00,1586.23,1596.67,1586.23,1588.09
2023-04-05 20:00:00,1588.09,1591.36,1585.35,1585.35
2023-04-05 21:00:00,1585.35,1587.15,1583.02,1583.02
2023-04-05 22:00:00,1583.02,1586.04,1582.35,1583.58
2023-04-05 23:00:00,1583.58,1584.31,1578.89,1578.89
2023-04-06 00:00:00,1578.89,1580.75,1577.2,1579.92
2023-04-06 01:00:00,1579.92,1579.92,1573.15,1579.53
2023-04-06 02:00:00,1579.53,1579.53,1575.83,1578.46
2023-04-06 03:00:00,1578.46,1578.46,1563.36,1563.36
2023-04-06 04:00:00,1563.36,1564.35,1560.33,1564.34
2023-04-06 05:00:00,1564.34,1568.42,1562.98,1562.98
2023-04-06 06:00:00,1562.98,1566.28,1562.95,1565.88
2023-04-06 07:00:00,1565.88,1568.73,1565.88,1568.63
2023-04-06 08:00:00,1568.63,1570.53,1565.19,1570.48
2023-04-06 09:00:00,1570.48,1570.48,1564.22,1564.94
2023-04-06 10:00:00,1564.94,1566.01,1563.35,1565.41
2023-04-06 11:00:00,1565.41,1566.91,1561.02,1561.02
2023-04-06 12:00:00,1561.02,1561.02,1552.58,1552.58
2023-04-06 13:00:00,1552.58,1554.21,1547.18,1547.18
2023-04-06 14:00:00,1547.18,1548.28,1543.89,1544.7
2023-04-06 15:00:00,1544.7,1549.14,1544.6,1549.08
2023-04-06 16:00:00,1549.08,1549.08,1544.19,1545.08
2023-04-06 17:00:00,1545.08,1558.01,1545.08,1558.01
2023-04-06 18:00:00,1558.01,1560.07,1552.29,1552.29
2023-04-06 19:00:00,1552.29,1552.77,1549.87,1552.77
2023-04-06 20:00:00,1552.77,1554.66,1552.57,1553.37
2023-04-06 21:00:00,1553.37,1554.46,1551.52,1553.06
2023-04-06 22:00:00,1553.06,1553.06,1548.51,1548.79
2023-04-06 23:00:00,1548.79,1549.68,1544.3,1548.55
2023-04-07 00:00:00,1548.55,1554.06,1548.55,1553.15
2023-04-07 01:00:00,1553.15,1554.85,1546.74,1546.74
2023-04-07 02:00:00,1546.74,1547.72,1544.08,1545.85
2023-04-07 03:00:00,1545.85,1549.57,1544.87,1549.57
2023-04-07 04:00:00,1549.57,1549.57,1542.18,1542.18
2023-04-07 05:00:00,1542.18,1543.48,1537.41,1539.05
2023-04-07 06:00:00,1539.05,1541.01,1536.98,1536.98
2023-04-07 07:00:00,1536.98,1543.17,1536.96,1543.17
2023-04-07 08:00:00,1543.17,1543.79,1536.56,1537.73
2023-04-07 09:00:00,1537.73,1544.01,1537.73,1543.41
2023-04-07 10:00:00,1543.41,1544.39,1541.55,1543.51
2023-04-07 11:00:00,1543.51,1549.75,1543.51,1548.89
2023-04-07 12:00:00,1548.89,1551.46,1545.27,1546.82
2023-04-07 13:00:00,1546.82,1550.16,1544.3,1544.47
2023-04-07 14:00:00,1544.47,1544.47,1535.29,1539.31
2023-04-07 15:00:00,1539.31,1542.29,1536.68,1537.65
2023-04-07 16:00:00,1537.65,1537.8,1533.53,1535.44
2023-04-07 17:00:00,1535.44,1542.05,1535.44,1542.05
2023-04-07 18:00:00,1542.05,1542.63,1538.36,1542.63
2023-04-07 19:00:00,1542.63,1544.69,1539.17,1540.0
2023-04-07 20:00:00,1540.0,1540.06,1536.89,1539.62
2023-04-07 21:00:00,1539.62,1543.29,1539.13,1542.47
2023-04-07 22:00:00,1542.47,1543.41,1539.47,1540.53
2023-04-07 23:00:00,1540.53,1543.39,1539.6,1543.39
2023-04-10 00:00:00,1543.39,1553.2,1543.01,1553.2
2023-04-10 01:00:00,1553.2,1557.32,1553.2,1557.32
2023-04-10 02:00:00,1557.32,1562.14,1557.32,1562.14
2023-04-10 03:00:00,1562.14,1564.11,1560.84,1564.11
2023-04-10 04:00:00,1564.11,1566.24,1562.67,1565.69
2023-04-10 05:00:00,1565.69,1567.05,1557.27,1558.03
2023-04-10 06:00:00,1558.03,1561.36,1556.57,1561.36
2023-04-10 07:00:00,1561.36,1569.55,1561.36,1569.55
2023-04-10 08:00:00,1569.55,1575.45,1569.55,1574.18
2023-04-10 09:00:00,1574.18,1583.22,1573.2,1583.22
2023-04-10 10:00:00,1583.22,1583.22,1578.74,1579.93
2023-04-10 11:00:00,1579.93,1584.52,1578.43,1581.13
2023-04-10 12:00:00,1581.13,1585.58,1580.72,1582.74
2023-04-10 13:00:00,1582.74,1583.39,1580.18,1580.56
2023-04-10 14:00:00,1580.56,1581.17,1575.86,1581.17
2023-04-10 15:00:00,1581.17,1583.28,1577.79,1577.79
2023-04-10 16:00:00,1577.79,1577.79,1570.87,1571.61
2023-04-10 17:00:00,1571.61,1573.87,1570.24,1573.4
2023-04-10 18:00:00,1573.4,1584.72,1573.4,1578.06
2023-04-10 19:00:00,1578.06,1582.5,1577.88,1580.59
2023-04-10 20:00:00,1580.59,1583.62,1578.27,1578.4
2023-04-10 21:00:00,1578.4,1580.03,1576.0,1577.9
2023-04-10 22:00:00,1577.9,1578.45,1571.54,1574.47
2023-04-10 23:00:00,1574.47,1575.68,1569.94,1571.15
2023-04-11 00:00:00,1571.15,1573.78,1569.41,1573.78
2023-04-11 01:00:00,1573.78,1583.11,1573.78,1582.22
2023-04-11 02:00:00,1582.22,1582.22,1577.68,1579.29
2023-04-11 03:00:00,1579.29,1581.54,1575.35,1581.28
2023-04-11 04:00:00,1581.28,1584.97,1581.21,1582.73
2023-04-11 05:00:00,1582.73,1587.02,1582.55,1586.87
2023-04-11 06:00:00,1586.87,1594.35,1586.41,1591.6
2023-04-11 07:00:00,1591.6,1595.22,1591.47,1592.31
2023-04-11 08:00:00,1592.31,1594.49,1591.15,1592.86
2023-04-11 09:00:00,1592.86,1594.42,1584.91,1584.91
2023-04-11 10:00:00,1584.91,1586.88,1582.05,1586.36
2023-04-11 11:00:00,1586.36,1587.66,1585.22,1587.66
2023-04-11 12:00:00,1587.66,1587.78,1582.39,1582.39
2023-04-11 13:00:00,1582.39,1584.9,1580.1,1580.27
2023-04-11 14:00:00,1580.27,1580.27,1575.09,1576.48
2023-04-11 15:00:00,1576.48,1579.59,1573.58,1575.03
2023-04-11 16:00:00,1575.03,1584.17,1572.1,1580.45
2023-04-11 17:00:00,1580.45,1581.28,1576.03,1576.03
2023-04-11 18:00:00,1576.03,1578.45,1573.42,1573.42
2023-04-11 19:00:00,1573.42,1574.37,1571.89,1572.24
2023-04-11 20:00:00,1572.24,1576.01,1572.24,1575.68
2023-04-11 21:00:00,1575.68,1575.68,1569.73,1571.16
2023-04-11 22:00:00,1571.16,1577.9,1570.35,1577.02
2023-04-11 23:00:00,1577.02,1584.03,1574.26,1584.03
2023-04-12 00:00:00,1584.03,1584.3,1581.55,1583.6
2023-04-12 01:00:00,1583.6,1587.92,1578.79,1578.79
2023-04-12 02:00:00,1578.79,1579.35,1576.63,1576.7
2023-04-12 03:00:00,1576.7,1580.29,1574.39,1574.78
2023-04-12 04:00:00,1574.78,1576.24,1572.99,1572.99
2023-04-12 05:00:00,1572.99,1578.82,1571.11,1578.24
2023-04-12 06:00:00,1578.24,1585.67,1578.24,1585.67
2023-04-12 07:00:00,1585.67,1585.89,1583.47,1583.86
2023-04-12 08:00:00,1583.86,1583.86,1579.15,1579.15
2023-04-12 09:00:00,1579.15,1579.15,1575.03,1575.49
2023-04-12 10:00:00,1575.49,1580.45,1574.88,1574.88
2023-04-12 11:00:00,1574.88,1583.15,1573.77,1582.6
2023-04-12 12:00:00,1582.6,1591.85,1582.6,1590.52
2023-04-12 13:00:00,1590.52,1593.41,1588.9,1589.79
2023-04-12 14:00:00,1589.79,1589.79,1579.74,1581.16
2023-04-12 15:00:00,1581.16,1586.11,1580.89,1586.11
2023-04-12 16:00:00,1586.11,1587.7,1584.26,1584.26
2023-04-12 17:00:00,1584.26,1593.85,1584.26,1593.85
2023-04-12 18:00:00,1593.85,1599.35,1592.42,1598.85
2023-04-12 19:00:00,1598.85,1600.78,1597.15,1597.62
2023-04-12 20:00:00,1597.62,1604.83,1597.62,1603.28
2023-04-12 21:00:00,1603.28,1603.28,1598.14,1600.08
2023-04-12 22:00:00,1600.08,1601.01,1596.79,1598.4
2023-04-12 23:00:00,1598.4,1601.67,1597.96,1597.96
2023-04-13 00:00:00,1597.96,1602.03,1596.2,1597.09
2023-04-13 01:00:00,1597.09,1598.35,1595.48,1596.52
2023-04-13 02:00:00,1596.52,1597.79,1593.75,1593.75
2023-04-13 03:00:00,1593.75,1594.24,1591.39,1594.11
2023-04-13 04:00:00,1594.11,1599.46,1594.11,1598.38
2023-04-13 05:00:00,1598.38,1602.0,1594.89,1595.33
2023-04-13 06:00:00,1595.33,1595.33,1587.44,1591.12
2023-04-13 07:00:00,1591.12,1596.87,1591.04,1591.16
2023-04-13 08:00:00,1591.16,1596.19,1589.91,1596.19
2023-04-13 09:00:00,1596.19,1596.19,1588.66,1588.66
2023-04-13 10:00:00,1588.66,1592.15,1585.28,1591.85
2023-04-13 11:00:00,1591.85,1594.42,1587.18,1587.18
2023-04-13 12:00:00,1587.18,1587.18,1580.13,1583.19
2023-04-13 13:00:00,1583.19,1583.52,1576.49,1576.81
2023-04-13 14:00:00,1576.81,1592.0,1576.81,1592.0
2023-04-13 15:00:00,1592.0,1594.58,1584.43,1585.82
2023-04-13 16:00:00,1585.82,1590.01,1583.92,1588.67
2023-04-13 17:00:00,1588.67,1588.72,1582.96,1586.05
2023-04-13 18:00:00,1586.05,1609.42,1586.05,1609.18
2023-04-13 19:00:00,1609.18,1612.43,1606.97,1612.43
2023-04-13 20:00:00,1612.43,1619.59,1611.86,1616.38
2023-04-13 21:00:00,1616.38,1617.18,1612.08,1616.35
2023-04-13 22:00:00,1616.35,1618.13,1611.25,1615.71
2023-04-13 23:00:00,1615.71,1625.03,1610.21,1621.52
2023-04-14 00:00:00,1621.52,1621.52,1617.31,1620.6
2023-04-14 01:00:00,1620.6,1628.13,1620.6,1624.71
2023-04-14 02:00:00,1624.71,1632.06,1623.48,1630.17
2023-04-14 03:00:00,1630.17,1635.79,1630.17,1635.79
2023-04-14 04:00:00,1635.79,1640.79,1635.09,1637.94
2023-04-14 05:00:00,1637.94,1638.6,1634.03,1634.03
2023-04-14 06:00:00,1634.03,1638.31,1629.99,1629.99
2023-04-14 07:00:00,1629.99,1635.86,1628.43,1635.86
2023-04-14 08:00:00,1635.86,1647.54,1635.33,1647.54
2023-04-14 09:00:00,1647.54,1650.72,1643.03,1643.03
2023-04-14 10:00:00,1643.03,1643.8,1638.92,1642.31
2023-04-14 11:00:00,1642.31,1645.3,1641.05,1645.3
2023-04-14 12:00:00,1645.3,1650.0,1643.58,1649.71
2023-04-14 13:00:00,1649.71,1653.79,1646.16,1652.92
2023-04-14 14:00:00,1652.92,1653.04,1647.15,1647.94
2023-04-14 15:00:00,1647.94,1647.94,1638.83,1640.62
2023-04-14 16:00:00,1640.62,1644.39,1640.62,1643.63
2023-04-14 17:00:00,1643.63,1643.63,1636.2,1636.44
2023-04-14 18:00:00,1636.44,1638.32,1633.01,1637.81
2023-04-14 19:00:00,1637.81,1646.16,1637.7,1642.56
2023-04-14 20:00:00,1642.56,1646.09,1641.19,1644.95
2023-04-14 21:00:00,1644.95,1648.34,1644.95,1646.76
2023-04-14 22:00:00,1646.76,1647.34,1639.98,1642.67
2023-04-14 23:00:00,1642.67,1643.68,1639.81,1643.68
2023-04-17 00:00:00,1643.68,1644.73,1637.45,1637.45
2023-04-17 01:00:00,1637.45,1644.48,1636.88,1643.53
2023-04-17 02:00:00,1643.53,1646.79,1641.8,1645.18
2023-04-17 03:00:00,1645.18,1646.13,1633.7,1634.89
2023-04-17 04:00:00,1634.89,1635.61,1629.32,1630.07
2023-04-17 05:00:00,1630.07,1634.77,1629.26,1630.43
2023-04-17 06:00:00,1630.43,1634.66,1630.43,1634.66
2023-04-17 07:00:00,1634.66,1636.14,1631.8,1632.35
2023-04-17 08:00:00,1632.35,1633.48,1628.9,1628.9
2023-04-17 09:00:00,1628.9,1633.2,1628.9,1632.93
2023-04-17 10:00:00,1632.93,1637.62,1632.93,1637.62
2023-04-17 11:00:00,1637.62,1645.86,1637.33,1645.86
2023-04-17 12:00:00,1645.86,1646.15,1636.99,1639.79
2023-04-17 13:00:00,1639.79,1639.79,1628.86,1628.86
2023-04-17 14:00:00,1628.86,1628.86,1623.03,1625.7
2023-04-17 15:00:00,1625.7,1628.54,1624.11,1628.54
2023-04-17 16:00:00,1628.54,1632.74,1625.51,1632.65
2023-04-17 17:00:00,1632.65,1634.87,1632.45,1633.37
2023-04-17 18:00:00,1633.37,1638.21,1630.58,1630.58
2023-04-17 19:00:00,1630.58,1632.9,1628.19,1630.44
2023-04-17 20:00:00,1630.44,1630.44,1625.67,1628.36
2023-04-17 21:00:00,1628.36,1631.71,1627.29,1630.54
2023-04-17 22:00:00,1630.54,1632.53,1624.79,1626.53
2023-04-17 23:00:00,1626.53,1629.33,1625.23,1629.33
2023-04-18 00:00:00,1629.33,1629.33,1625.31,1626.1
2023-04-18 01:00:00,1626.1,1626.65,1624.44,1625.05
2023-04-18 02:00:00,1625.05,1627.03,1623.68,1627.03
2023-04-18 03:00:00,1627.03,1629.26,1624.04,1624.19
2023-04-18 04:00:00,1624.19,1624.69,1622.35,1623.2
2023-04-18 05:00:00,1623.2,1634.44,1622.7,1634.44
2023-04-18 06:00:00,1634.44,1638.8,1628.07,1634.58
2023-04-18 07:00:00,1634.58,1634.58,1630.18,1633.68
2023-04-18 08:00:00,1633.68,1641.05,1633.68,1635.64
2023-04-18 09:00:00,1635.64,1645.03,1635.64,1643.92
2023-04-18 10:00:00,1643.92,1645.31,1641.13,1641.13
2023-04-18 11:00:00,1641.13,1643.78,1638.94,1641.51
2023-04-18 12:00:00,1641.51,1653.37,1639.64,1649.87
2023-04-18 13:00:00,1649.87,1656.69,1648.77,1655.27
2023-04-18 14:00:00,1655.27,1659.81,1653.51,1657.64
2023-04-18 15:00:00,1657.64,1665.35,1655.7,1665.35
2023-04-18 16:00:00,1665.35,1667.76,1660.14,1660.96
2023-04-18 17:00:00,1660.96,1666.3,1658.71,1658.71
2023-04-18 18:00:00,1658.71,1660.7,1654.74,1655.71
2023-04-18 19:00:00,1655.71,1658.27,1652.66,1653.08
2023-04-18 20:00:00,1653.08,1653.08,1644.78,1646.58
2023-04-18 21:00:00,1646.58,1652.4,1645.85,1652.4
2023-04-18 22:00:00,1652.4,1657.8,1650.71,1657.8
2023-04-18 23:00:00,1657.8,1659.17,1656.47,1659.17
2023-04-19 00:00:00,1659.17,1662.31,1657.46,1660.55
2023-04-19 01:00:00,1660.55,1661.54,1658.0,1661.54
2023-04-19 02:00:00,1661.54,1666.12,1660.75,1665.77
2023-04-19 03:00:00,1665.77,1665.77,1651.29,1651.29
2023-04-19 04:00:00,1651.29,1652.59,1647.08,1652.11
2023-04-19 05:00:00,1652.11,1655.9,1651.86,1654.07
2023-04-19 06:00:00,1654.07,1655.35,1654.07,1654.58
2023-04-19 07:00:00,1654.58,1659.67,1649.85,1649.85
2023-04-19 08:00:00,1649.85,1653.78,1649.85,1650.96
2023-04-19 09:00:00,1650.96,1651.87,1649.26,1649.94
2023-04-19 10:00:00,1649.94,1649.94,1645.32,1647.13
2023-04-19 11:00:00,1647.13,1651.07,1646.75,1650.94
2023-04-19 12:00:00,1650.94,1654.12,1646.95,1648.09
2023-04-19 13:00:00,1648.09,1648.81,1643.98,1645.23
2023-04-19 14:00:00,1645.23,1645.23,1632.78,1635.31
2023-04-19 15:00:00,1635.31,1635.31,1630.06,1633.88
2023-04-19 16:00:00,1633.88,1634.19,1628.57,1629.44
2023-04-19 17:00:00,1629.44,1636.16,1629.44,1636.16
2023-04-19 18:00:00,1636.16,1639.07,1634.88,1638.73
2023-04-19 19:00:00,1638.73,1638.73,1631.74,1632.26
2023-04-19 20:00:00,1632.26,1641.91,1630.51,1641.62
2023-04-19 21:00:00,1641.62,1643.53,1637.75,1642.86
2023-04-19 22:00:00,1642.86,1647.02,1642.08,1642.08
2023-04-19 23:00:00,1642.08,1644.46,1637.35,1637.35
2023-04-20 00:00:00,1637.35,1645.58,1637.35,1640.85
2023-04-20 01:00:00,1640.85,1645.11,1640.78,1645.1
2023-04-20 02:00:00,1645.1,1645.1,1642.84,1644.23
2023-04-20 03:00:00,1644.23,1650.03,1643.58,1649.45
2023-04-20 04:00:00,1649.45,1649.92,1640.99,1640.99
2023-04-20 05:00:00,1640.99,1642.42,1639.5,1640.2
2023-04-20 06:00:00,1640.2,1642.47,1632.45,1636.39
2023-04-20 07:00:00,1636.39,1637.45,1626.26,1626.26
2023-04-20 08:00:00,1626.26,1626.26,1622.96,1622.96
2023-04-20 09:00:00,1622.96,1623.82,1618.72,1618.72
2023-04-20 10:00:00,1618.72,1626.47,1618.72,1625.51
2023-04-20 11:00:00,1625.51,1625.51,1621.85,1622.25
2023-04-20 12:00:00,1622.25,1623.09,1618.48,1618.48
2023-04-20 13:00:00,1618.48,1620.36,1611.91,1611.91
2023-04-20 14:00:00,1611.91,1611.91,1604.94,1604.94
2023-04-20 15:00:00,1604.94,1604.94,1598.11,1598.14
2023-04-20 16:00:00,1598.14,1598.14,1591.88,1592.77
2023-04-20 17:00:00,1592.77,1597.02,1592.13,1595.37
2023-04-20 18:00:00,1595.37,1606.17,1595.25,1605.71
2023-04-20 19:00:00,1605.71,1605.71,1597.48,1600.03
2023-04-20 20:00:00,1600.03,1610.74,1599.61,1606.33
2023-04-20 21:00:00,1606.33,1612.88,1606.33,1610.28
2023-04-20 22:00:00,1610.28,1619.89,1610.28,1619.89
2023-04-20 23:00:00,1619.89,1619.89,1615.07,1618.07
2023-04-21 00:00:00,1618.07,1618.56,1613.03,1614.22
2023-04-21 01:00:00,1614.22,1615.0,1610.07,1611.69
2023-04-21 02:00:00,1611.69,1612.93,1607.95,1612.93
2023-04-21 03:00:00,1612.93,1617.11,1612.5,1616.4
2023-04-21 04:00:00,1616.4,1632.66,1616.26,1632.19
2023-04-21 05:00:00,1632.19,1636.48,1632.14,1634.86
2023-04-21 06:00:00,1634.86,1635.91,1630.43,1632.25
2023-04-21 07:00:00,1632.25,1637.1,1632.25,1636.02
2023-04-21 08:00:00,1636.02,1638.67,1634.52,1637.17
2023-04-21 09:00:00,1637.17,1637.86,1634.84,1636.01
2023-04-21 10:00:00,1636.01,1636.01,1626.6,1626.78
2023-04-21 11:00:00,1626.78,1628.46,1626.07,1628.46
2023-04-21 12:00:00,1628.46,1629.4,1626.29,1626.29
2023-04-21 13:00:00,1626.29,1627.06,1622.92,1625.62
2023-04-21 14:00:00,1625.62,1625.9,1622.42,1622.96
2023-04-21 15:00:00,1622.96,1623.37,1617.34,1617.35
2023-04-21 16:00:00,1617.35,1625.78,1617.35,1622.24
2023-04-21 17:00:00,1622.24,1622.24,1615.26,1616.24
2023-04-21 18:00:00,1616.24,1619.15,1615.65,1616.62
2023-04-21 19:00:00,1616.62,1624.45,1614.84,1621.86
2023-04-21 20:00:00,1621.86,1626.13,1621.83,1625.21
2023-04-21 21:00:00,1625.21,1625.21,1619.1,1622.7
2023-04-21 22:00:00,1622.7,1625.37,1619.53,1623.61
2023-04-21 23:00:00,1623.61,1629.95,1623.61,1629.14
2023-04-24 00:00:00,1629.14,1634.13,1627.54,1633.04
2023-04-24 01:00:00,1633.04,1634.16,1629.62,1629.62
2023-04-24 02:00:00,1629.62,1632.24,1629.04,1630.76
2023-04-24 03:00:00,1630.76,1630.76,1622.6,1622.6
2023-04-24 04:00:00,1622.6,1622.6,1600.47,1600.47
2023-04-24 05:00:00,1600.47,1600.47,1594.64,1594.79
2023-04-24 06:00:00,1594.79,1602.25,1594.62,1596.19
2023-04-24 07:00:00,1596.19,1607.4,1594.69,1607.4
2023-04-24 08:00:00,1607.4,1628.0,1607.4,1622.38
2023-04-24 09:00:00,1622.38,1634.98,1622.38,1627.89
2023-04-24 10:00:00,1627.89,1629.11,1622.31,1626.19
2023-04-24 11:00:00,1626.19,1634.7,1626.08,1634.7
2023-04-24 12:00:00,1634.7,1636.9,1626.13,1626.29
2023-04-24 13:00:00,1626.29,1630.12,1624.53,1630.12
2023-04-24 14:00:00,1630.12,1632.77,1628.93,1632.77
2023-04-24 15:00:00,1632.77,1636.44,1632.77,1636.44
2023-04-24 16:00:00,1636.44,1642.55,1636.36,1642.55
2023-04-24 17:00:00,1642.55,1643.38,1639.85,1640.54
2023-04-24 18:00:00,1640.54,1643.92,1639.72,1642.07
2023-04-24 19:00:00,1642.07,1644.12,1639.5,1639.5
2023-04-24 20:00:00,1639.5,1639.82,1634.14,1635.89
2023-04-24 21:00:00,1635.89,1637.58,1635.34,1637.14
2023-04-24 22:00:00,1637.14,1637.14,1633.27,1634.42
2023-04-24 23:00:00,1634.42,1642.32,1634.42,1640.95
2023-04-25 00:00:00,1640.95,1647.9,1639.95,1647.23
2023-04-25 01:00:00,1647.23,1648.19,1640.4,1640.4
2023-04-25 02:00:00,1640.4,1647.18,1640.4,1641.05
2023-04-25 03:00:00,1641.05,1648.28,1640.52,1646.79
2023-04-25 04:00:00,1646.79,1651.4,1646.79,1650.45
2023-04-25 05:00:00,1650.45,1652.84,1648.51,1648.51
2023-04-25 06:00:00,1648.51,1650.0,1644.52,1650.0
2023-04-25 07:00:00,1650.0,1650.63,1645.75,1645.75
2023-04-25 08:00:00,1645.75,1652.48,1645.25,1652.34
2023-04-25 09:00:00,1652.34,1654.22,1650.53,1650.53
2023-04-25 10:00:00,1650.53,1652.21,1649.05,1651.12
2023-04-25 11:00:00,1651.12,1659.0,1651.12,1655.78
2023-04-25 12:00:00,1655.78,1659.61,1655.51,1655.96
2023-04-25 13:00:00,1655.96,1657.15,1648.86,1648.86
2023-04-25 14:00:00,1648.86,1651.46,1645.38,1645.56
2023-04-25 15:00:00,1645.56,1646.19,1637.66,1637.66
2023-04-25 16:00:00,1637.66,1638.67,1635.6,1635.6
2023-04-25 17:00:00,1635.6,1643.48,1635.6,1641.67
2023-04-25 18:00:00,1641.67,1643.87,1638.56,1642.97
2023-04-25 19:00:00,1642.97,1644.61,1641.83,1644.11
2023-04-25 20:00:00,1644.11,1644.71,1638.53,1644.71
2023-04-25 21:00:00,1644.71,1647.98,1644.71,1645.24
2023-04-25 22:00:00,1645.24,1645.49,1636.73,1636.73
2023-04-25 23:00:00,1636.73,1636.73,1631.28,1631.28
2023-04-26 00:00:00,1631.28,1633.11,1629.29,1631.37
2023-04-26 01:00:00,1631.37,1631.37,1618.25,1618.55
2023-04-26 02:00:00,1618.55,1627.64,1618.2,1626.82
2023-04-26 03:00:00,1626.82,1626.82,1623.01,1624.93
2023-04-26 04:00:00,1624.93,1624.93,1620.55,1620.59
2023-04-26 05:00:00,1620.59,1620.59,1613.55,1614.45
2023-04-26 06:00:00,1614.45,1617.75,1614.32,1615.16
2023-04-26 07:00:00,1615.16,1615.16,1608.11,1608.98
2023-04-26 08:00:00,1608.98,1613.87,1607.99,1612.55
2023-04-26 09:00:00,1612.55,1614.36,1610.24,1614.36
2023-04-26 10:00:00,1614.36,1617.7,1612.69,1616.52
2023-04-26 11:00:00,1616.52,1621.23,1616.52,1621.05
2023-04-26 12:00:00,1621.05,1621.05,1616.98,1616.98
2023-04-26 13:00:00,1616.98,1617.53,1612.72,1612.77
2023-04-26 14:00:00,1612.77,1624.89,1612.24,1624.89
2023-04-26 15:00:00,1624.89,1630.05,1622.05,1630.05
2023-04-26 16:00:00,1630.05,1640.13,1629.57,1637.05
2023-04-26 17:00:00,1637.05,1637.26,1634.58,1635.79
2023-04-26 18:00:00,1635.79,1637.3,1632.79,1637.3
2023-04-26 19:00:00,1637.3,1639.16,1636.15,1639.11
2023-04-26 20:00:00,1639.11,1639.11,1628.89,1632.38
2023-04-26 21:00:00,1632.38,1638.75,1631.76,1638.75
2023-04-26 22:00:00,1638.75,1639.83,1633.74,1633.74
2023-04-26 23:00:00,1633.74,1635.3,1628.58,1628.58
2023-04-27 00:00:00,1628.58,1630.27,1626.58,1629.15
2023-04-27 01:00:00,1629.15,1631.96,1628.11,1631.96
2023-04-27 02:00:00,1631.96,1634.7,1626.97,1626.97
2023-04-27 03:00:00,1626.97,1626.97,1619.56,1619.56
2023-04-27 04:00:00,1619.56,1637.56,1618.36,1637.56
2023-04-27 05:00:00,1637.56,1639.99,1634.84,1639.23
2023-04-27 06:00:00,1639.23,1644.4,1639.23,1639.59
2023-04-27 07:00:00,1639.59,1646.35,1639.33,1646.35
2023-04-27 08:00:00,1646.35,1649.93,1646.35,1648.55
2023-04-27 09:00:00,1648.55,1653.64,1646.84,1653.64
2023-04-27 10:00:00,1653.64,1658.84,1653.64,1655.69
2023-04-27 11:00:00,1655.69,1660.11,1654.09,1658.37
2023-04-27 12:00:00,1658.37,1661.72,1656.93,1661.29
2023-04-27 13:00:00,1661.29,1664.76,1661.02,1664.76
2023-04-27 14:00:00,1664.76,1664.97,1658.34,1659.22
2023-04-27 15:00:00,1659.22,1661.3,1653.04,1655.53
2023-04-27 16:00:00,1655.53,1656.17,1654.23,1655.54
2023-04-27 17:00:00,1655.54,1656.43,1653.67,1656.27
2023-04-27 18:00:00,1656.27,1660.5,1655.63,1660.5
2023-04-27 19:00:00,1660.5,1660.5,1656.76,1657.53
2023-04-27 20:00:00,1657.53,1661.76,1656.4,1661.21
2023-04-27 21:00:00,1661.21,1662.08,1656.64,1658.64
2023-04-27 22:00:00,1658.64,1658.64,1655.09,1658.19
2023-04-27 23:00:00,1658.19,1665.7,1658.19,1662.81
2023-04-28 00:00:00,1662.81,1662.81,1658.31,1661.17
2023-04-28 01:00:00,1661.17,1661.79,1659.12,1661.34
2023-04-28 02:00:00,1661.34,1668.59,1661.34,1665.11
2023-04-28 03:00:00,1665.11,1667.89,1664.91,1665.21
2023-04-28 04:00:00,1665.21,1668.17,1664.97,1667.68
2023-04-28 05:00:00,1667.68,1671.51,1665.67,1665.67
2023-04-28 06:00:00,1665.67,1669.06,1665.67,1668.82
2023-04-28 07:00:00,1668.82,1672.72,1667.79,1668.57
2023-04-28 08:00:00,1668.57,1682.64,1668.57,1682.64
2023-04-28 09:00:00,1682.64,1683.22,1678.44,1678.44
2023-04-28 10:00:00,1678.44,1687.95,1678.07,1687.95
2023-04-28 11:00:00,1687.95,1689.21,1686.47,1687.7
2023-04-28 12:00:00,1687.7,1691.02,1685.11,1690.99
2023-04-28 13:00:00,1690.99,1696.37,1688.45,1688.45
2023-04-28 14:00:00,1688.45,1690.25,1685.66,1687.99
2023-04-28 15:00:00,1687.99,1691.01,1687.56,1689.66
2023-04-28 16:00:00,1689.66,1689.88,1684.97,1687.24
2023-04-28 17:00:00,1687.24,1687.5,1674.08,1674.79
2023-04-28 18:00:00,1674.79,1685.73,1674.79,1681.89
2023-04-28 19:00:00,1681.89,1685.53,1681.02,1683.84
2023-04-28 20:00:00,1683.84,1685.18,1676.12,1676.68
2023-04-28 21:00:00,1676.68,1687.56,1676.68,1687.56
2023-04-28 22:00:00,1687.56,1687.56,1682.27,1686.29
2023-04-28 23:00:00,1686.29,1690.14,1683.34,1689.0
2023-05-01 00:00:00,1689.0,1692.52,1685.5,1685.5
2023-05-01 01:00:00,1685.5,1687.43,1682.94,1685.41
2023-05-01 02:00:00,1685.41,1687.37,1682.36,1685.82
2023-05-01 03:00:00,1685.82,1693.52,1683.97,1692.71
2023-05-01 04:00:00,1692.71,1692.71,1682.57,1683.59
2023-05-01 05:00:00,1683.59,1696.85,1681.71,1696.17
2023-05-01 06:00:00,1696.17,1696.77,1689.77,1689.77
2023-05-01 07:00:00,1689.77,1696.77,1689.46,1691.42
2023-05-01 08:00:00,1691.42,1692.29,1684.33,1687.06
2023-05-01 09:00:00,1687.06,1690.35,1682.02,1685.03
2023-05-01 10:00:00,1685.03,1685.98,1680.93,1685.74
2023-05-01 11:00:00,1685.74,1690.15,1684.34,1688.89
2023-05-01 12:00:00,1688.89,1688.89,1682.17,1683.15
2023-05-01 13:00:00,1683.15,1694.79,1683.0,1694.79
2023-05-01 14:00:00,1694.79,1695.31,1687.0,1687.18
2023-05-01 15:00:00,1687.18,1687.18,1679.94,1679.94
2023-05-01 16:00:00,1679.94,1680.96,1674.54,1679.16
2023-05-01 17:00:00,1679.16,1681.58,1677.19,1681.13
2023-05-01 18:00:00,1681.13,1681.13,1676.87,1677.23
2023-05-01 19:00:00,1677.23,1678.34,1672.93,1674.95
2023-05-01 20:00:00,1674.95,1675.42,1666.49,1666.49
2023-05-01 21:00:00,1666.49,1666.49,1657.59,1657.59
2023-05-01 22:00:00,1657.59,1657.59,1651.1,1655.94
2023-05-01 23:00:00,1655.94,1658.91,1651.67,1658.91
2023-05-02 00:00:00,1658.91,1658.91,1651.82,1653.34
2023-05-02 01:00:00,1653.34,1658.12,1652.89,1653.51
2023-05-02 02:00:00,1653.51,1656.91,1650.9,1656.91
2023-05-02 03:00:00,1656.91,1664.43,1656.91,1660.61
2023-05-02 04:00:00,1660.61,1672.56,1659.13,1670.75
2023-05-02 05:00:00,1670.75,1675.66,1669.08,1669.54
2023-05-02 06:00:00,1669.54,1672.24,1667.34,1669.27
2023-05-02 07:00:00,1669.27,1671.77,1668.62,1671.65
2023-05-02 08:00:00,1671.65,1676.06,1669.5,1675.1
2023-05-02 09:00:00,1675.1,1676.78,1673.55,1674.94
2023-05-02 10:00:00,1674.94,1677.08,1674.58,1676.12
2023-05-02 11:00:00,1676.12,1684.98,1676.12,1684.56
2023-05-02 12:00:00,1684.56,1684.77,1676.48,1679.76
2023-05-02 13:00:00,1679.76,1682.22,1679.01,1681.7
2023-05-02 14:00:00,1681.7,1681.7,1674.16,1675.4
2023-05-02 15:00:00,1675.4,1680.73,1675.4,1680.73
2023-05-02 16:00:00,1680.73,1689.25,1680.73,1689.25
2023-05-02 17:00:00,1689.25,1691.35,1687.7,1689.27
2023-05-02 18:00:00,1689.27,1689.35,1683.01,1684.32
2023-05-02 19:00:00,1684.32,1689.45,1684.32,1689.45
2023-05-02 20:00:00,1689.45,1699.5,1689.45,1692.88
2023-05-02 21:00:00,1692.88,1696.02,1689.92,1696.02
2023-05-02 22:00:00,1696.02,1698.76,1690.61,1690.61
2023-05-02 23:00:00,1690.61,1690.61,1687.29,1690.23
2023-05-03 00:00:00,1690.23,1694.89,1689.86,1692.33
2023-05-03 01:00:00,1692.33,1694.56,1688.18,1690.29
2023-05-03 02:00:00,1690.29,1690.29,1682.47,1686.79
2023-05-03 03:00:00,1686.79,1687.57,1684.29,1685.23
2023-05-03 04:00:00,1685.23,1685.23,1674.88,1676.74
2023-05-03 05:00:00,1676.74,1685.49,1676.74,1684.72
2023-05-03 06:00:00,1684.72,1700.76,1682.83,1699.08
2023-05-03 07:00:00,1699.08,1699.08,1694.11,1694.11
2023-05-03 08:00:00,1694.11,1698.19,1688.71,1698.19
2023-05-03 09:00:00,1698.19,1703.99,1694.79,1700.3
2023-05-03 10:00:00,1700.3,1701.7,1696.92,1699.88
2023-05-03 11:00:00,1699.88,1705.85,1697.76,1705.85
2023-05-03 12:00:00,1705.85,1711.88,1704.38,1706.91
2023-05-03 13:00:00,1706.91,1708.17,1704.07,1705.65
2023-05-03 14:00:00,1705.65,1711.14,1703.38,1711.14
2023-05-03 15:00:00,1711.14,1711.46,1707.56,1707.56
2023-05-03 16:00:00,1707.56,1711.75,1707.56,1710.6
2023-05-03 17:00:00,1710.6,1725.99,1710.41,1724.27
2023-05-03 18:00:00,1724.27,1730.07,1720.32,1730.07
2023-05-03 19:00:00,1730.07,1732.08,1728.4,1728.4
2023-05-03 20:00:00,1728.4,1728.4,1724.66,1724.66
2023-05-03 21:00:00,1724.66,1735.29,1724.66,1733.77
2023-05-03 22:00:00,1733.77,1741.3,1733.77,1739.51
2023-05-03 23:00:00,1739.51,1752.96,1739.51,1751.5
2023-05-04 00:00:00,1751.5,1751.59,1744.66,1746.82
2023-05-04 01:00:00,1746.82,1749.63,1746.18,1746.18
2023-05-04 02:00:00,1746.18,1750.01,1744.88,1750.01
2023-05-04 03:00:00,1750.01,1751.13,1746.81,1746.81
2023-05-04 04:00:00,1746.81,1747.87,1743.41,1744.91
2023-05-04 05:00:00,1744.91,1744.91,1737.77,1737.82
2023-05-04 06:00:00,1737.82,1739.57,1736.26,1739.57
2023-05-04 07:00:00,1739.57,1743.66,1737.18,1742.88
2023-05-04 08:00:00,1742.88,1743.27,1740.03,1742.09
2023-05-04 09:00:00,1742.09,1743.87,1736.45,1743.87
2023-05-04 10:00:00,1743.87,1743.87,1734.69,1734.98
2023-05-04 11:00:00,1734.98,1734.98,1725.98,1725.98
2023-05-04 12:00:00,1725.98,1725.98,1721.11,1725.7
2023-05-04 13:00:00,1725.7,1730.44,1711.59,1712.1
2023-05-04 14:00:00,1712.1,1716.82,1712.1,1716.82
2023-05-04 15:00:00,1716.82,1718.28,1713.14,1713.5
2023-05-04 16:00:00,1713.5,1713.5,1708.07,1710.41
2023-05-04 17:00:00,1710.41,1711.16,1705.24,1705.63
2023-05-04 18:00:00,1705.63,1711.63,1704.09,1711.63
2023-05-04 19:00:00,1711.63,1716.57,1711.63,1716.57
2023-05-04 20:00:00,1716.57,1722.99,1716.51,1720.41
2023-05-04 21:00:00,1720.41,1727.59,1720.41,1726.77
2023-05-04 22:00:00,1726.77,1745.52,1726.77,1738.44
2023-05-04 23:00:00,1738.44,1740.84,1737.29,1740.66
2023-05-05 00:00:00,1740.66,1746.4,1740.66,1746.4
2023-05-05 01:00:00,1746.4,1747.91,1744.91,1745.37
2023-05-05 02:00:00,1745.37,1752.41,1744.47,1752.41
2023-05-05 03:00:00,1752.41,1753.95,1751.56,1752.26
2023-05-05 04:00:00,1752.26,1752.6,1749.89,1751.2
2023-05-05 05:00:00,1751.2,1753.84,1745.99,1745.99
2023-05-05 06:00:00,1745.99,1746.5,1733.24,1733.24
2023-05-05 07:00:00,1733.24,1736.92,1731.4,1736.76
2023-05-05 08:00:00,1736.76,1736.76,1732.39,1734.01
2023-05-05 09:00:00,1734.01,1735.91,1729.71,1729.71
2023-05-05 10:00:00,1729.71,1737.72,1729.71,1737.72
2023-05-05 11:00:00,1737.72,1741.46,1737.06,1738.78
2023-05-05 12:00:00,1738.78,1745.41,1738.41,1744.3
2023-05-05 13:00:00,1744.3,1746.94,1739.35,1739.35
2023-05-05 14:00:00,1739.35,1739.35,1731.6,1738.74
2023-05-05 15:00:00,1738.74,1739.32,1736.7,1739.11
2023-05-05 16:00:00,1739.11,1739.69,1736.88,1739.69
2023-05-05 17:00:00,1739.69,1744.08,1739.69,1741.53
2023-05-05 18:00:00,1741.53,1747.76,1739.83,1747.07
2023-05-05 19:00:00,1747.07,1747.07,1742.55,1742.81
2023-05-05 20:00:00,1742.81,1745.51,1741.94,1745.51
2023-05-05 21:00:00,1745.51,1745.51,1740.64,1743.7
2023-05-05 22:00:00,1743.7,1745.7,1742.47,1744.23
2023-05-05 23:00:00,1744.23,1745.03,1738.47,1738.47
2023-05-08 00:00:00,1738.47,1738.47,1733.39,1733.39
2023-05-08 01:00:00,1733.39,1733.39,1727.7,1729.86
2023-05-08 02:00:00,1729.86,1729.86,1720.45,1721.66
2023-05-08 03:00:00,1721.66,1728.63,1720.64,1728.63
2023-05-08 04:00:00,1728.63,1731.23,1726.31,1731.23
2023-05-08 05:00:00,1731.23,1731.23,1725.95,1727.07
2023-05-08 06:00:00,1727.07,1729.1,1725.35,1729.1
2023-05-08 07:00:00,1729.1,1731.58,1725.02,1725.67
2023-05-08 08:00:00,1725.67,1725.67,1718.2,1718.2
2023-05-08 09:00:00,1718.2,1727.42,1718.2,1725.3
2023-05-08 10:00:00,1725.3,1726.56,1720.08,1721.61
2023-05-08 11:00:00,1721.61,1721.61,1711.06,1711.06
2023-05-08 12:00:00,1711.06,1714.2,1704.15,1704.15
2023-05-08 13:00:00,1704.15,1711.32,1703.99,1711.32
2023-05-08 14:00:00,1711.32,1711.32,1693.9,1694.37
2023-05-08 15:00:00,1694.37,1695.31,1691.4,1691.4
2023-05-08 16:00:00,1691.4,1691.5,1687.65,1689.01
2023-05-08 17:00:00,1689.01,1689.01,1680.45,1681.13
2023-05-08 18:00:00,1681.13,1681.22,1677.21,1677.21
2023-05-08 19:00:00,1677.21,1678.88,1673.74,1678.15
2023-05-08 20:00:00,1678.15,1684.39,1675.75,1684.39
2023-05-08 21:00:00,1684.39,1686.49,1682.57,1685.59
2023-05-08 22:00:00,1685.59,1689.79,1683.33,1683.33
2023-05-08 23:00:00,1683.33,1687.35,1683.33,1685.69
2023-05-09 00:00:00,1685.69,1685.69,1678.59,1682.23
2023-05-09 01:00:00,1682.23,1686.3,1681.43,1681.43
2023-05-09 02:00:00,1681.43,1681.43,1673.65,1673.65
2023-05-09 03:00:00,1673.65,1683.67,1672.59,1682.34
2023-05-09 04:00:00,1682.34,1682.65,1679.06,1680.24
2023-05-09 05:00:00,1680.24,1682.44,1676.34,1676.34
2023-05-09 06:00:00,1676.34,1683.86,1675.72,1682.57
2023-05-09 07:00:00,1682.57,1685.72,1680.63,1685.23
2023-05-09 08:00:00,1685.23,1688.94,1684.81,1687.95
2023-05-09 09:00:00,1687.95,1688.18,1682.04,1685.53
2023-05-09 10:00:00,1685.53,1689.94,1685.53,1689.35
2023-05-09 11:00:00,1689.35,1695.09,1685.19,1686.25
2023-05-09 12:00:00,1686.25,1688.87,1681.88,1688.87
2023-05-09 13:00:00,1688.87,1689.97,1687.39,1687.39
2023-05-09 14:00:00,1687.39,1687.39,1677.07,1680.22
2023-05-09 15:00:00,1680.22,1681.94,1676.12,1679.51
2023-05-09 16:00:00,1679.51,1684.91,1678.96,1684.91
2023-05-09 17:00:00,1684.91,1687.75,1683.67,1687.1
2023-05-09 18:00:00,1687.1,1687.13,1684.66,1685.68
2023-05-09 19:00:00,1685.68,1691.11,1684.15,1689.66
2023-05-09 20:00:00,1689.66,1690.59,1685.98,1685.98
2023-05-09 21:00:00,1685.98,1689.05,1682.34,1689.05
2023-05-09 22:00:00,1689.05,1690.11,1680.88,1680.88
2023-05-09 23:00:00,1680.88,1692.19,1680.88,1691.23
2023-05-10 00:00:00,1691.23,1698.86,1691.23,1696.58
2023-05-10 01:00:00,1696.58,1697.88,1695.17,1695.85
2023-05-10 02:00:00,1695.85,1696.58,1689.91,1690.45
2023-05-10 03:00:00,1690.45,1703.29,1690.45,1703.29
2023-05-10 04:00:00,1703.29,1705.7,1702.36,1703.58
2023-05-10 05:00:00,1703.58,1709.96,1702.74,1706.84
2023-05-10 06:00:00,1706.84,1708.01,1703.69,1703.69
2023-05-10 07:00:00,1703.69,1703.69,1696.26,1698.05
2023-05-10 08:00:00,1698.05,1698.05,1689.02,1693.45
2023-05-10 09:00:00,1693.45,1693.71,1689.46,1693.71
2023-05-10 10:00:00,1693.71,1693.71,1685.43,1689.58
2023-05-10 11:00:00,1689.58,1690.13,1685.91,1686.87
2023-05-10 12:00:00,1686.87,1686.87,1672.1,1672.73
2023-05-10 13:00:00,1672.73,1676.63,1671.11,1676.29
2023-05-10 14:00:00,1676.29,1686.51,1676.29,1686.51
2023-05-10 15:00:00,1686.51,1686.51,1679.98,1679.98
2023-05-10 16:00:00,1679.98,1679.98,1672.7,1676.07
2023-05-10 17:00:00,1676.07,1679.68,1670.9,1672.28
2023-05-10 18:00:00,1672.28,1672.7,1669.21,1672.33
2023-05-10 19:00:00,1672.33,1672.58,1663.59,1663.59
2023-05-10 20:00:00,1663.59,1663.59,1655.0,1655.32
2023-05-10 21:00:00,1655.32,1659.06,1653.03,1657.6
2023-05-10 22:00:00,1657.6,1659.35,1656.05,1656.05
2023-05-10 23:00:00,1656.05,1661.36,1655.66,1661.36
2023-05-11 00:00:00,1661.36,1666.28,1661.36,1666.28
2023-05-11 01:00:00,1666.28,1673.61,1664.62,1673.61
2023-05-11 02:00:00,1673.61,1678.77,1673.18,1677.42
2023-05-11 03:00:00,1677.42,1686.18,1677.42,1683.36
2023-05-11 04:00:00,1683.36,1692.19,1682.37,1690.39
2023-05-11 05:00:00,1690.39,1693.11,1689.94,1689.94
2023-05-11 06:00:00,1689.94,1690.54,1684.62,1684.62
2023-05-11 07:00:00,1684.62,1688.8,1682.84,1688.8
2023-05-11 08:00:00,1688.8,1689.19,1681.01,1681.38
2023-05-11 09:00:00,1681.38,1684.54,1678.96,1682.35
2023-05-11 10:00:00,1682.35,1683.71,1674.11,1681.51
2023-05-11 11:00:00,1681.51,1686.88,1681.51,1686.88
2023-05-11 12:00:00,1686.88,1694.67,1686.88,1693.23
2023-05-11 13:00:00,1693.23,1709.54,1693.23,1709.54
2023-05-11 14:00:00,1709.54,1710.0,1704.63,1704.98
2023-05-11 15:00:00,1704.98,1710.2,1704.98,1707.27
2023-05-11 16:00:00,1707.27,1707.71,1699.89,1700.85
2023-05-11 17:00:00,1700.85,1702.81,1699.9,1702.01
2023-05-11 18:00:00,1702.01,1704.9,1701.65,1701.94
2023-05-11 19:00:00,1701.94,1704.5,1700.92,1704.31
2023-05-11 20:00:00,1704.31,1714.69,1704.31,1714.69
2023-05-11 21:00:00,1714.69,1715.79,1712.03,1715.79
2023-05-11 22:00:00,1715.79,1718.68,1713.46,1715.12
2023-05-11 23:00:00,1715.12,1716.68,1713.51,1714.59
2023-05-12 00:00:00,1714.59,1717.01,1713.57,1714.84
2023-05-12 01:00:00,1714.84,1717.1,1714.79,1717.1
2023-05-12 02:00:00,1717.1,1719.69,1714.99,1719.05
2023-05-12 03:00:00,1719.05,1719.2,1715.4,1717.31
2023-05-12 04:00:00,1717.31,1721.9,1717.31,1719.69
2023-05-12 05:00:00,1719.69,1722.37,1719.6,1722.09
2023-05-12 06:00:00,1722.09,1724.26,1712.64,1713.7
2023-05-12 07:00:00,1713.7,1715.68,1713.6,1714.34
2023-05-12 08:00:00,1714.34,1714.65,1708.47,1709.68
2023-05-12 09:00:00,1709.68,1709.68,1700.03,1700.59
2023-05-12 10:00:00,1700.59,1714.73,1700.42,1714.73
2023-05-12 11:00:00,1714.73,1714.84,1707.19,1707.77
2023-05-12 12:00:00,1707.77,1712.6,1704.26,1709.44
2023-05-12 13:00:00,1709.44,1716.96,1708.12,1714.78
2023-05-12 14:00:00,1714.78,1715.08,1710.98,1714.79
2023-05-12 15:00:00,1714.79,1720.41,1713.34,1713.59
2023-05-12 16:00:00,1713.59,1713.59,1705.79,1705.79
2023-05-12 17:00:00,1705.79,1705.79,1702.54,1705.61
2023-05-12 18:00:00,1705.61,1707.96,1704.35,1705.61
2023-05-12 19:00:00,1705.61,1711.21,1705.61,1709.33
2023-05-12 20:00:00,1709.33,1710.67,1707.92,1708.96
2023-05-12 21:00:00,1708.96,1714.45,1708.96,1713.6
2023-05-12 22:00:00,1713.6,1717.17,1713.07,1716.72
2023-05-12 23:00:00,1716.72,1717.61,1712.55,1714.66
2023-05-15 00:00:00,1714.66,1714.82,1709.38,1709.38
2023-05-15 01:00:00,1709.38,1709.38,1690.02,1691.49
2023-05-15 02:00:00,1691.49,1693.65,1683.41,1683.41
2023-05-15 03:00:00,1683.41,1687.41,1683.41,1687.38
2023-05-15 04:00:00,1687.38,1687.38,1682.21,1683.48
2023-05-15 05:00:00,1683.48,1688.53,1681.78,1688.0
2023-05-15 06:00:00,1688.0,1691.17,1686.36,1686.36
2023-05-15 07:00:00,1686.36,1688.79,1683.52,1684.38
2023-05-15 08:00:00,1684.38,1692.29,1680.14,1692.29
2023-05-15 09:00:00,1692.29,1702.86,1692.29,1699.8
2023-05-15 10:00:00,1699.8,1707.78,1699.8,1706.05
2023-05-15 11:00:00,1706.05,1706.05,1697.56,1699.85
2023-05-15 12:00:00,1699.85,1700.3,1693.91,1693.91
2023-05-15 13:00:00,1693.91,1697.19,1691.67,1697.19
2023-05-15 14:00:00,1697.19,1698.72,1694.18,1697.26
2023-05-15 15:00:00,1697.26,1697.92,1691.85,1691.85
2023-05-15 16:00:00,1691.85,1691.85,1685.69,1688.12
2023-05-15 17:00:00,1688.12,1691.12,1686.72,1687.37
2023-05-15 18:00:00,1687.37,1687.67,1677.79,1678.66
2023-05-15 19:00:00,1678.66,1678.66,1670.61,1674.92
2023-05-15 20:00:00,1674.92,1678.1,1673.57,1674.21
2023-05-15 21:00:00,1674.21,1688.65,1674.21,1688.65
2023-05-15 22:00:00,1688.65,1689.64,1686.13,1687.77
2023-05-15 23:00:00,1687.77,1688.71,1683.55,1684.7
2023-05-16 00:00:00,1684.7,1686.68,1680.59,1681.35
2023-05-16 01:00:00,1681.35,1681.35,1673.56,1674.0
2023-05-16 02:00:00,1674.0,1674.92,1671.34,1673.49
2023-05-16 03:00:00,1673.49,1674.23,1667.73,1668.1
2023-05-16 04:00:00,1668.1,1668.1,1660.61,1660.61
2023-05-16 05:00:00,1660.61,1663.07,1659.56,1661.86
2023-05-16 06:00:00,1661.86,1661.92,1659.05,1659.66
2023-05-16 07:00:00,1659.66,1669.73,1659.66,1669.59
2023-05-16 08:00:00,1669.59,1673.68,1669.14,1670.13
2023-05-16 09:00:00,1670.13,1676.5,1669.83,1676.5
2023-05-16 10:00:00,1676.5,1680.76,1676.5,1679.75
2023-05-16 11:00:00,1679.75,1685.41,1678.76,1678.76
2023-05-16 12:00:00,1678.76,1683.03,1678.76,1681.33
2023-05-16 13:00:00,1681.33,1681.81,1675.71,1675.71
2023-05-16 14:00:00,1675.71,1681.19,1665.71,1666.66
2023-05-16 15:00:00,1666.66,1666.66,1663.41,1666.23
2023-05-16 16:00:00,1666.23,1666.45,1659.74,1661.23
2023-05-16 17:00:00,1661.23,1667.34,1659.1,1665.21
2023-05-16 18:00:00,1665.21,1669.63,1665.21,1668.34
2023-05-16 19:00:00,1668.34,1669.78,1667.27,1669.0
2023-05-16 20:00:00,1669.0,1672.16,1668.96,1670.44
2023-05-16 21:00:00,1670.44,1675.44,1670.44,1673.88
2023-05-16 22:00:00,1673.88,1685.98,1673.88,1682.99
2023-05-16 23:00:00,1682.99,1682.99,1674.4,1675.52
2023-05-17 00:00:00,1675.52,1682.98,1675.52,1682.98
2023-05-17 01:00:00,1682.98,1687.98,1678.79,1687.98
2023-05-17 02:00:00,1687.98,1695.31,1686.82,1694.63
2023-05-17 03:00:00,1694.63,1695.43,1689.48,1695.43
2023-05-17 04:00:00,1695.43,1695.43,1690.93,1692.98
2023-05-17 05:00:00,1692.98,1692.98,1682.36,1685.52
2023-05-17 06:00:00,1685.52,1687.91,1682.62,1687.91
2023-05-17 07:00:00,1687.91,1687.91,1684.07,1687.24
2023-05-17 08:00:00,1687.24,1688.24,1685.29,1685.33
2023-05-17 09:00:00,1685.33,1688.6,1680.09,1680.09
2023-05-17 10:00:00,1680.09,1680.62,1676.46,1677.19
2023-05-17 11:00:00,1677.19,1681.69,1675.54,1679.03
2023-05-17 12:00:00,1679.03,1684.43,1676.43,1677.27
2023-05-17 13:00:00,1677.27,1677.27,1670.62,1676.68
2023-05-17 14:00:00,1676.68,1678.42,1672.73,1678.42
2023-05-17 15:00:00,1678.42,1679.73,1677.92,1679.63
2023-05-17 16:00:00,1679.63,1681.75,1674.59,1676.15
2023-05-17 17:00:00,1676.15,1677.82,1673.66,1677.82
2023-05-17 18:00:00,1677.82,1685.51,1677.33,1685.51
2023-05-17 19:00:00,1685.51,1690.46,1685.29,1688.51
2023-05-17 20:00:00,1688.51,1688.68,1684.77,1687.94
2023-05-17 21:00:00,1687.94,1694.13,1687.94,1693.65
2023-05-17 22:00:00,1693.65,1693.65,1684.2,1684.2
2023-05-17 23:00:00,1684.2,1689.28,1683.67,1686.94
2023-05-18 00:00:00,1686.94,1689.54,1685.53,1688.38
2023-05-18 01:00:00,1688.38,1689.06,1680.91,1680.91
2023-05-18 02:00:00,1680.91,1685.26,1680.81,1685.26
2023-05-18 03:00:00,1685.26,1685.26,1681.28,1682.25
2023-05-18 04:00:00,1682.25,1683.11,1676.52,1676.52
2023-05-18 05:00:00,1676.52,1682.41,1676.52,1682.41
2023-05-18 06:00:00,1682.41,1687.5,1680.93,1687.5
2023-05-18 07:00:00,1687.5,1688.16,1682.44,1687.47
2023-05-18 08:00:00,1687.47,1693.78,1687.47,1692.24
2023-05-18 09:00:00,1692.24,1693.83,1684.27,1684.51
2023-05-18 10:00:00,1684.51,1684.51,1677.13,1679.37
2023-05-18 11:00:00,1679.37,1680.12,1678.19,1679.07
2023-05-18 12:00:00,1679.07,1684.81,1679.07,1683.61
2023-05-18 13:00:00,1683.61,1687.43,1682.66,1687.43
2023-05-18 14:00:00,1687.43,1689.45,1681.99,1681.99
2023-05-18 15:00:00,1681.99,1682.96,1676.29,1676.29
2023-05-18 16:00:00,1676.29,1676.29,1669.19,1669.62
2023-05-18 17:00:00,1669.62,1671.46,1664.69,1667.39
2023-05-18 18:00:00,1667.39,1673.71,1667.39,1671.93
2023-05-18 19:00:00,1671.93,1672.41,1666.17,1666.17
2023-05-18 20:00:00,1666.17,1669.8,1665.61,1669.8
2023-05-18 21:00:00,1669.8,1669.8,1665.81,1666.21
2023-05-18 22:00:00,1666.21,1669.02,1662.7,1664.64
2023-05-18 23:00:00,1664.64,1664.64,1658.92,1659.71
2023-05-19 00:00:00,1659.71,1664.6,1659.71,1662.18
2023-05-19 01:00:00,1662.18,1663.5,1655.31,1656.65
2023-05-19 02:00:00,1656.65,1656.85,1650.37,1651.71
2023-05-19 03:00:00,1651.71,1653.62,1649.7,1651.15
2023-05-19 04:00:00,1651.15,1651.75,1649.84,1650.74
2023-05-19 05:00:00,1650.74,1653.64,1646.6,1653.64
2023-05-19 06:00:00,1653.64,1655.99,1651.95,1655.99
2023-05-19 07:00:00,1655.99,1661.62,1655.99,1661.62
2023-05-19 08:00:00,1661.62,1661.75,1650.7,1650.7
2023-05-19 09:00:00,1650.7,1652.66,1648.18,1650.09
2023-05-19 10:00:00,1650.09,1653.53,1650.08,1651.62
2023-05-19 11:00:00,1651.62,1653.54,1647.95,1653.54
2023-05-19 12:00:00,1653.54,1661.13,1652.99,1653.68
2023-05-19 13:00:00,1653.68,1661.12,1652.98,1660.39
2023-05-19 14:00:00,1660.39,1663.61,1659.26,1661.16
2023-05-19 15:00:00,1661.16,1663.62,1659.08,1663.62
2023-05-19 16:00:00,1663.62,1668.65,1663.62,1668.65
2023-05-19 17:00:00,1668.65,1676.17,1666.23,1671.44
2023-05-19 18:00:00,1671.44,1672.22,1668.27,1668.27
2023-05-19 19:00:00,1668.27,1676.3,1667.76,1676.3
2023-05-19 20:00:00,1676.3,1678.53,1664.52,1665.29
2023-05-19 21:00:00,1665.29,1665.93,1663.57,1663.57
2023-05-19 22:00:00,1663.57,1667.46,1660.78,1667.46
2023-05-19 23:00:00,1667.46,1667.5,1661.2,1661.46
2023-05-22 00:00:00,1661.46,1664.45,1655.92,1663.33
2023-05-22 01:00:00,1663.33,1668.16,1661.01,1663.19
2023-05-22 02:00:00,1663.19,1668.57,1662.69,1664.34
2023-05-22 03:00:00,1664.34,1664.67,1661.72,1663.32
2023-05-22 04:00:00,1663.32,1663.32,1653.03,1653.03
2023-05-22 05:00:00,1653.03,1659.43,1653.03,1659.43
2023-05-22 06:00:00,1659.43,1659.43,1647.56,1648.63
2023-05-22 07:00:00,1648.63,1650.79,1648.44,1649.77
2023-05-22 08:00:00,1649.77,1650.2,1645.85,1645.85
2023-05-22 09:00:00,1645.85,1649.46,1645.85,1648.1
2023-05-22 10:00:00,1648.1,1650.73,1647.13,1648.53
2023-05-22 11:00:00,1648.53,1653.79,1648.53,1653.19
2023-05-22 12:00:00,1653.19,1653.19,1650.38,1651.1
2023-05-22 13:00:00,1651.1,1656.01,1648.4,1656.01
2023-05-22 14:00:00,1656.01,1656.01,1647.58,1647.66
2023-05-22 15:00:00,1647.66,1648.17,1642.95,1648.17
2023-05-22 16:00:00,1648.17,1656.87,1645.34,1656.33
2023-05-22 17:00:00,1656.33,1663.43,1656.24,1663.43
2023-05-22 18:00:00,1663.43,1664.43,1661.18,1663.4
2023-05-22 19:00:00,1663.4,1669.64,1663.4,1666.58
2023-05-22 20:00:00,1666.58,1681.37,1664.16,1677.61
2023-05-22 21:00:00,1677.61,1677.61,1672.19,1672.19
2023-05-22 22:00:00,1672.19,1672.19,1667.43,1668.97
2023-05-22 23:00:00,1668.97,1677.3,1667.7,1675.4
2023-05-23 00:00:00,1675.4,1678.27,1673.96,1678.19
2023-05-23 01:00:00,1678.19,1681.02,1676.13,1676.83
2023-05-23 02:00:00,1676.83,1680.89,1675.66,1680.81
2023-05-23 03:00:00,1680.81,1682.92,1680.21,1682.43
2023-05-23 04:00:00,1682.43,1687.45,1682.43,1686.91
2023-05-23 05:00:00,1686.91,1686.91,1682.62,1683.9
2023-05-23 06:00:00,1683.9,1684.31,1678.69,1678.69
2023-05-23 07:00:00,1678.69,1678.69,1674.53,1676.43
2023-05-23 08:00:00,1676.43,1684.05,1676.43,1676.59
2023-05-23 09:00:00,1676.59,1678.24,1670.99,1672.24
2023-05-23 10:00:00,1672.24,1673.05,1669.46,1670.27
2023-05-23 11:00:00,1670.27,1677.93,1668.08,1677.93
2023-05-23 12:00:00,1677.93,1692.29,1677.93,1692.29
2023-05-23 13:00:00,1692.29,1698.45,1691.3,1693.02
2023-05-23 14:00:00,1693.02,1693.51,1686.94,1689.02
2023-05-23 15:00:00,1689.02,1692.01,1685.62,1690.71
2023-05-23 16:00:00,1690.71,1696.87,1690.37,1695.29
2023-05-23 17:00:00,1695.29,1699.99,1693.69,1698.67
2023-05-23 18:00:00,1698.67,1699.84,1693.94,1694.94
2023-05-23 19:00:00,1694.94,1698.27,1693.02,1693.02
2023-05-23 20:00:00,1693.02,1706.62,1693.02,1703.83
2023-05-23 21:00:00,1703.83,1703.83,1699.21,1700.86
2023-05-23 22:00:00,1700.86,1700.86,1697.21,1697.21
2023-05-23 23:00:00,1697.21,1697.21,1692.89,1694.21
2023-05-24 00:00:00,1694.21,1695.7,1692.03,1694.89
2023-05-24 01:00:00,1694.89,1694.89,1688.43,1688.43
2023-05-24 02:00:00,1688.43,1692.81,1686.14,1691.8
2023-05-24 03:00:00,1691.8,1697.77,1689.18,1697.77
2023-05-24 04:00:00,1697.77,1698.05,1694.01,1696.68
2023-05-24 05:00:00,1696.68,1696.68,1687.54,1689.5
2023-05-24 06:00:00,1689.5,1693.63,1689.43,1691.94
2023-05-24 07:00:00,1691.94,1694.33,1687.49,1688.14
2023-05-24 08:00:00,1688.14,1688.15,1681.05,1681.05
2023-05-24 09:00:00,1681.05,1683.74,1680.04,1680.18
2023-05-24 10:00:00,1680.18,1681.57,1675.09,1678.4
2023-05-24 11:00:00,1678.4,1681.87,1677.82,1678.32
2023-05-24 12:00:00,1678.32,1680.16,1675.74,1676.31
2023-05-24 13:00:00,1676.31,1678.6,1673.71,1676.05
2023-05-24 14:00:00,1676.05,1676.26,1668.04,1668.33
2023-05-24 15:00:00,1668.33,1672.32,1667.89,1672.25
2023-05-24 16:00:00,1672.25,1676.18,1671.32,1674.12
2023-05-24 17:00:00,1674.12,1677.57,1672.63,1677.57
2023-05-24 18:00:00,1677.57,1678.65,1674.31,1677.17
2023-05-24 19:00:00,1677.17,1678.63,1667.67,1667.67
2023-05-24 20:00:00,1667.67,1673.99,1667.67,1670.83
2023-05-24 21:00:00,1670.83,1675.45,1670.83,1675.45
2023-05-24 22:00:00,1675.45,1680.41,1675.45,1679.66
2023-05-24 23:00:00,1679.66,1683.08,1679.66,1681.06
2023-05-25 00:00:00,1681.06,1681.06,1672.32,1673.21
2023-05-25 01:00:00,1673.21,1676.18,1672.37,1672.37
2023-05-25 02:00:00,1672.37,1675.23,1671.62,1672.44
2023-05-25 03:00:00,1672.44,1678.11,1672.2,1673.65
2023-05-25 04:00:00,1673.65,1675.25,1670.67,1672.11
2023-05-25 05:00:00,1672.11,1675.29,1669.56,1671.58
2023-05-25 06:00:00,1671.58,1672.49,1670.66,1670.87
2023-05-25 07:00:00,1670.87,1675.1,1670.42,1674.86
2023-05-25 08:00:00,1674.86,1677.01,1673.14,1673.14
2023-05-25 09:00:00,1673.14,1679.1,1673.03,1679.1
2023-05-25 10:00:00,1679.1,1688.78,1679.1,1684.49
2023-05-25 11:00:00,1684.49,1687.32,1683.23,1684.0
2023-05-25 12:00:00,1684.0,1687.38,1684.0,1686.61
2023-05-25 13:00:00,1686.61,1709.57,1686.61,1709.37
2023-05-25 14:00:00,1709.37,1709.37,1707.09,1708.42
2023-05-25 15:00:00,1708.42,1714.66,1708.35,1713.89
2023-05-25 16:00:00,1713.89,1715.24,1707.34,1707.34
2023-05-25 17:00:00,1707.34,1708.6,1702.13,1704.03
2023-05-25 18:00:00,1704.03,1704.92,1699.63,1699.79
2023-05-25 19:00:00,1699.79,1704.13,1699.79,1702.76
2023-05-25 20:00:00,1702.76,1705.13,1699.89,1703.99
2023-05-25 21:00:00,1703.99,1705.97,1694.91,1694.91
2023-05-25 22:00:00,1694.91,1696.98,1689.22,1689.22
2023-05-25 23:00:00,1689.22,1694.21,1688.77,1694.21
2023-05-26 00:00:00,1694.21,1694.21,1691.33,1692.32
2023-05-26 01:00:00,1692.32,1693.85,1685.16,1685.16
2023-05-26 02:00:00,1685.16,1690.88,1681.44,1681.44
2023-05-26 03:00:00,1681.44,1687.75,1681.44,1685.3
2023-05-26 04:00:00,1685.3,1687.94,1683.28,1686.9
2023-05-26 05:00:00,1686.9,1687.16,1684.08,1686.2
2023-05-26 06:00:00,1686.2,1692.5,1684.85,1691.35
2023-05-26 07:00:00,1691.35,1697.23,1690.9,1696.92
2023-05-26 08:00:00,1696.92,1699.23,1694.6,1695.66
2023-05-26 09:00:00,1695.66,1697.45,1695.57,1696.56
2023-05-26 10:00:00,1696.56,1702.79,1693.56,1701.27
2023-05-26 11:00:00,1701.27,1701.27,1694.22,1699.55
2023-05-26 12:00:00,1699.55,1699.55,1691.79,1691.79
2023-05-26 13:00:00,1691.79,1697.66,1689.38,1697.66
2023-05-26 14:00:00,1697.66,1698.93,1694.41,1698.3
2023-05-26 15:00:00,1698.3,1701.07,1691.14,1691.14
2023-05-26 16:00:00,1691.14,1691.28,1685.74,1686.62
2023-05-26 17:00:00,1686.62,1686.62,1677.71,1681.63
2023-05-26 18:00:00,1681.63,1684.56,1679.28,1679.28
2023-05-26 19:00:00,1679.28,1684.36,1679.28,1682.41
2023-05-26 20:00:00,1682.41,1682.41,1676.59,1676.59
2023-05-26 21:00:00,1676.59,1676.59,1669.63,1669.63
2023-05-26 22:00:00,1669.63,1669.84,1664.51,1666.87
2023-05-26 23:00:00,1666.87,1668.31,1664.53,1664.92
2023-05-29 00:00:00,1664.92,1678.09,1664.92,1678.09
2023-05-29 01:00:00,1678.09,1679.3,1676.04,1678.42
2023-05-29 02:00:00,1678.42,1679.34,1672.37,1673.21
2023-05-29 03:00:00,1673.21,1674.79,1672.25,1673.36
2023-05-29 04:00:00,1673.36,1675.31,1671.21,1674.13
2023-05-29 05:00:00,1674.13,1674.13,1668.4,1668.4
2023-05-29 06:00:00,1668.4,1671.74,1667.85,1671.74
2023-05-29 07:00:00,1671.74,1671.74,1664.62,1668.56
2023-05-29 08:00:00,1668.56,1670.57,1664.74,1666.36
2023-05-29 09:00:00,1666.36,1667.81,1663.71,1665.37
2023-05-29 10:00:00,1665.37,1669.02,1664.86,1664.86
2023-05-29 11:00:00,1664.86,1675.07,1664.86,1675.07
2023-05-29 12:00:00,1675.07,1678.29,1671.7,1675.9
2023-05-29 13:00:00,1675.9,1675.9,1665.77,1666.79
2023-05-29 14:00:00,1666.79,1666.79,1659.44,1659.44
2023-05-29 15:00:00,1659.44,1663.32,1656.35,1662.54
2023-05-29 16:00:00,1662.54,1662.54,1659.08,1660.6
2023-05-29 17:00:00,1660.6,1669.99,1660.25,1669.65
2023-05-29 18:00:00,1669.65,1674.95,1668.67,1674.95
2023-05-29 19:00:00,1674.95,1680.5,1674.92,1677.55
2023-05-29 20:00:00,1677.55,1679.61,1674.35,1677.71
2023-05-29 21:00:00,1677.71,1680.17,1677.28,1680.17
2023-05-29 22:00:00,1680.17,1683.57,1678.07,1679.06
2023-05-29 23:00:00,1679.06,1681.53,1678.55,1678.55
2023-05-30 00:00:00,1678.55,1680.48,1676.83,1679.33
2023-05-30 01:00:00,1679.33,1679.44,1676.75,1679.44
2023-05-30 02:00:00,1679.44,1679.44,1671.22,1671.5
2023-05-30 03:00:00,1671.5,1673.45,1665.47,1665.47
2023-05-30 04:00:00,1665.47,1665.83,1663.0,1665.21
2023-05-30 05:00:00,1665.21,1667.74,1663.07,1663.07
2023-05-30 06:00:00,1663.07,1667.21,1663.07,1663.58
2023-05-30 07:00:00,1663.58,1665.56,1663.58,1665.56
2023-05-30 08:00:00,1665.56,1670.29,1663.73,1668.95
2023-05-30 09:00:00,1668.95,1671.36,1666.7,1669.2
2023-05-30 10:00:00,1669.2,1674.55,1668.82,1674.1
2023-05-30 11:00:00,1674.1,1679.11,1674.1,1679.11
2023-05-30 12:00:00,1679.11,1680.18,1674.01,1674.01
2023-05-30 13:00:00,1674.01,1680.21,1673.76,1678.87
2023-05-30 14:00:00,1678.87,1682.35,1674.12,1682.35
2023-05-30 15:00:00,1682.35,1682.35,1673.94,1674.47
2023-05-30 16:00:00,1674.47,1674.47,1669.39,1669.39
2023-05-30 17:00:00,1669.39,1671.54,1668.5,1670.73
2023-05-30 18:00:00,1670.73,1674.91,1665.93,1665.93
2023-05-30 19:00:00,1665.93,1670.76,1665.84,1670.76
2023-05-30 20:00:00,1670.76,1674.53,1667.98,1674.04
2023-05-30 21:00:00,1674.04,1674.04,1665.11,1669.0
2023-05-30 22:00:00,1669.0,1671.35,1666.83,1670.77
2023-05-30 23:00:00,1670.77,1673.24,1667.84,1668.14
2023-05-31 00:00:00,1668.14,1668.14,1660.78,1663.67
2023-05-31 01:00:00,1663.67,1664.05,1658.49,1661.69
2023-05-31 02:00:00,1661.69,1663.46,1660.19,1660.19
2023-05-31 03:00:00,1660.19,1661.19,1655.65,1656.62
2023-05-31 04:00:00,1656.62,1657.66,1650.66,1650.66
2023-05-31 05:00:00,1650.66,1653.65,1646.8,1646.8
2023-05-31 06:00:00,1646.8,1647.32,1643.12,1643.17
2023-05-31 07:00:00,1643.17,1649.35,1643.17,1646.75
2023-05-31 08:00:00,1646.75,1649.38,1645.89,1646.05
2023-05-31 09:00:00,1646.05,1654.97,1646.05,1653.99
2023-05-31 10:00:00,1653.99,1654.29,1647.69,1650.83
2023-05-31 11:00:00,1650.83,1652.21,1649.12,1652.21
2023-05-31 12:00:00,1652.21,1656.12,1651.95,1654.46
2023-05-31 13:00:00,1654.46,1662.01,1654.46,1662.01
2023-05-31 14:00:00,1662.01,1670.87,1662.01,1670.0
2023-05-31 15:00:00,1670.0,1679.24,1669.67,1671.66
2023-05-31 16:00:00,1671.66,1672.8,1665.61,1665.61
2023-05-31 17:00:00,1665.61,1671.32,1664.1,1670.65
2023-05-31 18:00:00,1670.65,1676.61,1670.34,1671.59
2023-05-31 19:00:00,1671.59,1671.74,1668.36,1668.54
2023-05-31 20:00:00,1668.54,1672.58,1668.54,1671.49
2023-05-31 21:00:00,1671.49,1676.46,1671.49,1673.68
2023-05-31 22:00:00,1673.68,1681.4,1673.2,1678.69
2023-05-31 23:00:00,1678.69,1679.51,1671.74,1672.17
2023-06-01 00:00:00,1672.17,1673.07,1670.28,1672.52
2023-06-01 01:00:00,1672.52,1672.56,1665.14,1665.68
2023-06-01 02:00:00,1665.68,1668.8,1665.68,1668.8
2023-06-01 03:00:00,1668.8,1670.68,1666.42,1666.85
2023-06-01 04:00:00,1666.85,1672.71,1666.85,1670.3
2023-06-01 05:00:00,1670.3,1672.5,1663.44,1667.03
2023-06-01 06:00:00,1667.03,1667.03,1658.28,1660.11
2023-06-01 07:00:00,1660.11,1662.38,1653.98,1653.98
2023-06-01 08:00:00,1653.98,1657.05,1650.9,1656.98
2023-06-01 09:00:00,1656.98,1657.35,1651.29,1654.55
2023-06-01 10:00:00,1654.55,1656.89,1653.2,1653.76
2023-06-01 11:00:00,1653.76,1654.27,1650.75,1650.81
2023-06-01 12:00:00,1650.81,1652.82,1647.03,1647.03
2023-06-01 13:00:00,1647.03,1649.62,1646.32,1649.52
2023-06-01 14:00:00,1649.52,1654.04,1649.52,1649.66
2023-06-01 15:00:00,1649.66,1651.67,1646.78,1646.78
2023-06-01 16:00:00,1646.78,1647.98,1638.3,1638.3
2023-06-01 17:00:00,1638.3,1643.71,1638.3,1641.18
2023-06-01 18:00:00,1641.18,1643.51,1638.12,1639.55
2023-06-01 19:00:00,1639.55,1639.76,1633.67,1633.67
2023-06-01 20:00:00,1633.67,1636.53,1633.39,1635.68
2023-06-01 21:00:00,1635.68,1635.68,1629.57,1630.41
2023-06-01 22:00:00,1630.41,1631.57,1624.57,1624.57
2023-06-01 23:00:00,1624.57,1631.42,1624.57,1628.2
2023-06-02 00:00:00,1628.2,1630.9,1627.41,1630.9
2023-06-02 01:00:00,1630.9,1635.05,1630.9,1632.53
2023-06-02 02:00:00,1632.53,1633.95,1629.95,1631.28
2023-06-02 03:00:00,1631.28,1631.28,1627.44,1628.65
2023-06-02 04:00:00,1628.65,1632.5,1627.88,1627.88
2023-06-02 05:00:00,1627.88,1628.77,1624.44,1627.46
2023-06-02 06:00:00,1627.46,1630.99,1624.27,1630.05
2023-06-02 07:00:00,1630.05,1636.66,1627.93,1634.16
2023-06-02 08:00:00,1634.16,1637.33,1633.54,1636.79
2023-06-02 09:00:00,1636.79,1636.79,1631.6,1633.06
2023-06-02 10:00:00,1633.06,1637.89,1629.46,1635.87
2023-06-02 11:00:00,1635.87,1636.36,1631.74,1631.74
2023-06-02 12:00:00,1631.74,1631.74,1621.59,1621.79
2023-06-02 13:00:00,1621.79,1626.24,1619.64,1626.24
2023-06-02 14:00:00,1626.24,1627.86,1622.92,1622.92
2023-06-02 15:00:00,1622.92,1623.79,1614.04,1614.04
2023-06-02 16:00:00,1614.04,1617.59,1613.46,1617.1
2023-06-02 17:00:00,1617.1,1631.91,1615.57,1630.97
2023-06-02 18:00:00,1630.97,1630.97,1622.13,1622.13
2023-06-02 19:00:00,1622.13,1622.13,1614.2,1614.95
2023-06-02 20:00:00,1614.95,1615.09,1611.04,1612.14
2023-06-02 21:00:00,1612.14,1614.0,1608.34,1614.0
2023-06-02 22:00:00,1614.0,1615.4,1612.36,1612.72
2023-06-02 23:00:00,1612.72,1613.31,1609.55,1609.55
2023-06-05 00:00:00,1609.55,1612.14,1599.25,1599.25
2023-06-05 01:00:00,1599.25,1606.42,1599.25,1606.42
2023-06-05 02:00:00,1606.42,1607.45,1603.89,1603.89
2023-06-05 03:00:00,1603.89,1614.78,1603.89,1614.59
2023-06-05 04:00:00,1614.59,1618.93,1612.88,1618.93
2023-06-05 05:00:00,1618.93,1622.47,1618.92,1621.41
2023-06-05 06:00:00,1621.41,1623.26,1618.31,1618.31
2023-06-05 07:00:00,1618.31,1625.27,1618.31,1625.27
2023-06-05 08:00:00,1625.27,1629.29,1624.39,1626.13
2023-06-05 09:00:00,1626.13,1638.15,1624.04,1638.15
2023-06-05 10:00:00,1638.15,1638.82,1633.05,1635.06
2023-06-05 11:00:00,1635.06,1635.06,1623.73,1625.1
2023-06-05 12:00:00,1625.1,1625.1,1618.35,1619.49
2023-06-05 13:00:00,1619.49,1619.49,1609.28,1609.28
2023-06-05 14:00:00,1609.28,1625.41,1609.28,1618.41
2023-06-05 15:00:00,1618.41,1619.45,1611.51,1615.35
2023-06-05 16:00:00,1615.35,1617.72,1608.02,1609.93
2023-06-05 17:00:00,1609.93,1610.52,1607.44,1607.44
2023-06-05 18:00:00,1607.44,1617.15,1607.44,1617.15
2023-06-05 19:00:00,1617.15,1620.71,1613.85,1614.79
2023-06-05 20:00:00,1614.79,1622.05,1614.17,1616.64
2023-06-05 21:00:00,1616.64,1620.11,1616.37,1619.86
2023-06-05 22:00:00,1619.86,1619.86,1610.05,1615.69
2023-06-05 23:00:00,1615.69,1616.63,1613.95,1614.44
2023-06-06 00:00:00,1614.44,1615.51,1608.4,1610.76
2023-06-06 01:00:00,1610.76,1617.76,1610.76,1615.96
2023-06-06 02:00:00,1615.96,1616.49,1609.56,1613.8
2023-06-06 03:00:00,1613.8,1616.61,1609.23,1609.23
2023-06-06 04:00:00,1609.23,1611.57,1609.23,1610.62
2023-06-06 05:00:00,1610.62,1612.64,1606.62,1608.94
2023-06-06 06:00:00,1608.94,1608.94,1602.31,1602.95
2023-06-06 07:00:00,1602.95,1602.95,1599.29,1600.58
2023-06-06 08:00:00,1600.58,1605.08,1600.58,1603.0
2023-06-06 09:00:00,1603.0,1610.5,1600.65,1610.5
2023-06-06 10:00:00,1610.5,1612.12,1608.79,1610.21
2023-06-06 11:00:00,1610.21,1610.87,1609.33,1609.43
2023-06-06 12:00:00,1609.43,1613.39,1608.61,1613.39
2023-06-06 13:00:00,1613.39,1617.6,1613.39,1613.68
2023-06-06 14:00:00,1613.68,1615.72,1611.05,1613.19
2023-06-06 15:00:00,1613.19,1616.16,1613.19,1615.16
2023-06-06 16:00:00,1615.16,1624.65,1615.16,1618.41
2023-06-06 17:00:00,1618.41,1618.93,1607.01,1609.03
2023-06-06 18:00:00,1609.03,1609.03,1604.53,1606.12
2023-06-06 19:00:00,1606.12,1606.12,1604.03,1605.05
2023-06-06 20:00:00,1605.05,1610.62,1604.06,1609.14
2023-06-06 21:00:00,1609.14,1609.14,1603.74,1604.36
2023-06-06 22:00:00,1604.36,1610.31,1604.09,1608.93
2023-06-06 23:00:00,1608.93,1616.78,1608.65,1616.78
2023-06-07 00:00:00,1616.78,1619.12,1616.36,1616.77
2023-06-07 01:00:00,1616.77,1616.77,1607.66,1610.12
2023-06-07 02:00:00,1610.12,1611.29,1608.86,1608.92
2023-06-07 03:00:00,1608.92,1615.74,1608.92,1615.02
2023-06-07 04:00:00,1615.02,1615.02,1608.75,1610.18
2023-06-07 05:00:00,1610.18,1613.69,1610.18,1613.69
2023-06-07 06:00:00,1613.69,1613.69,1609.42,1611.25
2023-06-07 07:00:00,1611.25,1611.25,1602.9,1602.9
2023-06-07 08:00:00,1602.9,1604.58,1594.7,1594.7
2023-06-07 09:00:00,1594.7,1595.63,1592.72,1594.71
2023-06-07 10:00:00,1594.71,1610.62,1593.97,1610.21
2023-06-07 11:00:00,1610.21,1616.73,1609.91,1612.93
2023-06-07 12:00:00,1612.93,1616.13,1609.19,1615.47
2023-06-07 13:00:00,1615.47,1619.09,1611.98,1611.98
2023-06-07 14:00:00,1611.98,1618.02,1611.56,1616.22
2023-06-07 15:00:00,1616.22,1616.92,1610.19,1610.19
2023-06-07 16:00:00,1610.19,1610.45,1604.25,1604.25
2023-06-07 17:00:00,1604.25,1604.44,1598.88,1600.09
2023-06-07 18:00:00,1600.09,1600.7,1597.07,1600.7
2023-06-07 19:00:00,1600.7,1604.42,1587.56,1587.56
2023-06-07 20:00:00,1587.56,1589.73,1586.48,1588.24
2023-06-07 21:00:00,1588.24,1592.79,1588.24,1592.79
2023-06-07 22:00:00,1592.79,1603.4,1592.79,1603.4
2023-06-07 23:00:00,1603.4,1603.53,1594.14,1597.67
2023-06-08 00:00:00,1597.67,1597.67,1593.72,1595.87
2023-06-08 01:00:00,1595.87,1601.31,1594.7,1598.32
2023-06-08 02:00:00,1598.32,1602.28,1596.74,1601.73
2023-06-08 03:00:00,1601.73,1601.73,1589.52,1589.55
2023-06-08 04:00:00,1589.55,1591.21,1588.35,1590.83
2023-06-08 05:00:00,1590.83,1594.47,1588.42,1594.47
2023-06-08 06:00:00,1594.47,1597.37,1593.23,1593.55
2023-06-08 07:00:00,1593.55,1601.1,1593.55,1600.92
2023-06-08 08:00:00,1600.92,1603.92,1600.43,1601.88
2023-06-08 09:00:00,1601.88,1608.57,1601.88,1606.78
2023-06-08 10:00:00,1606.78,1612.12,1606.78,1612.12
2023-06-08 11:00:00,1612.12,1619.64,1609.22,1619.64
2023-06-08 12:00:00,1619.64,1624.15,1616.45,1624.15
2023-06-08 13:00:00,1624.15,1624.89,1621.46,1624.74
2023-06-08 14:00:00,1624.74,1627.76,1621.7,1627.69
2023-06-08 15:00:00,1627.69,1640.86,1627.69,1640.86
2023-06-08 16:00:00,1640.86,1640.86,1635.21,1635.21
2023-06-08 17:00:00,1635.21,1644.86,1635.21,1643.19
2023-06-08 18:00:00,1643.19,1645.95,1640.56,1645.95
2023-06-08 19:00:00,1645.95,1645.95,1639.18,1640.03
2023-06-08 20:00:00,1640.03,1640.77,1636.66,1636.66
2023-06-08 21:00:00,1636.66,1639.26,1635.04,1637.91
2023-06-08 22:00:00,1637.91,1639.61,1636.06,1637.28
2023-06-08 23:00:00,1637.28,1643.61,1637.28,1642.64
2023-06-09 00:00:00,1642.64,1650.41,1639.63,1650.41
2023-06-09 01:00:00,1650.41,1650.54,1643.36,1643.36
2023-06-09 02:00:00,1643.36,1644.63,1640.56,1640.56
2023-06-09 03:00:00,1640.56,1641.64,1638.7,1640.68
2023-06-09 04:00:00,1640.68,1645.18,1640.68,1643.51
2023-06-09 05:00:00,1643.51,1643.54,1640.37,1642.58
2023-06-09 06:00:00,1642.58,1650.05,1642.58,1646.04
2023-06-09 07:00:00,1646.04,1649.42,1644.18,1648.49
2023-06-09 08:00:00,1648.49,1648.88,1641.94,1641.94
2023-06-09 09:00:00,1641.94,1644.78,1638.4,1639.8
2023-06-09 10:00:00,1639.8,1641.22,1638.12,1641.22
2023-06-09 11:00:00,1641.22,1642.04,1638.56,1641.81
2023-06-09 12:00:00,1641.81,1641.81,1637.05,1638.52
2023-06-09 13:00:00,1638.52,1638.52,1629.89,1630.38
2023-06-09 14:00:00,1630.38,1630.38,1626.4,1627.44
2023-06-09 15:00:00,1627.44,1630.07,1624.61,1629.71
2023-06-09 16:00:00,1629.71,1630.46,1628.55,1628.68
2023-06-09 17:00:00,1628.68,1635.65,1627.21,1627.79
2023-06-09 18:00:00,1627.79,1630.83,1627.16,1629.08
2023-06-09 19:00:00,1629.08,1629.08,1623.3,1626.51
2023-06-09 20:00:00,1626.51,1630.37,1626.51,1628.57
2023-06-09 21:00:00,1628.57,1628.91,1623.88,1626.87
2023-06-09 22:00:00,1626.87,1629.55,1624.9,1629.55
2023-06-09 23:00:00,1629.55,1634.94,1629.55,1634.26
2023-06-12 00:00:00,1634.26,1637.0,1634.12,1634.72
2023-06-12 01:00:00,1634.72,1644.84,1634.14,1644.84
2023-06-12 02:00:00,1644.84,1649.32,1639.3,1649.32
2023-06-12 03:00:00,1649.32,1656.43,1649.32,1656.43
2023-06-12 04:00:00,1656.43,1658.23,1655.43,1655.54
2023-06-12 05:00:00,1655.54,1660.63,1655.54,1658.79
2023-06-12 06:00:00,1658.79,1664.06,1657.31,1662.63
2023-06-12 07:00:00,1662.63,1667.19,1662.63,1664.78
2023-06-12 08:00:00,1664.78,1666.7,1659.96,1661.26
2023-06-12 09:00:00,1661.26,1664.01,1660.0,1661.89
2023-06-12 10:00:00,1661.89,1667.02,1661.47,1665.88
2023-06-12 11:00:00,1665.88,1671.99,1665.88,1667.44
2023-06-12 12:00:00,1667.44,1671.96,1667.12,1671.96
2023-06-12 13:00:00,1671.96,1671.96,1667.87,1669.63
2023-06-12 14:00:00,1669.63,1670.03,1667.53,1669.31
2023-06-12 15:00:00,1669.31,1672.87,1669.31,1671.55
2023-06-12 16:00:00,1671.55,1676.95,1668.0,1676.93
2023-06-12 17:00:00,1676.93,1677.11,1672.07,1672.07
2023-06-12 18:00:00,1672.07,1675.36,1670.03,1672.87
2023-06-12 19:00:00,1672.87,1672.87,1665.21,1665.93
2023-06-12 20:00:00,1665.93,1668.92,1662.36,1662.36
2023-06-12 21:00:00,1662.36,1663.33,1659.09,1659.09
2023-06-12 22:00:00,1659.09,1668.64,1659.09,1668.64
2023-06-12 23:00:00,1668.64,1669.0,1664.85,1668.78
2023-06-13 00:00:00,1668.78,1671.09,1666.96,1670.76
2023-06-13 01:00:00,1670.76,1670.76,1665.26,1667.11
2023-06-13 02:00:00,1667.11,1670.55,1662.2,1662.36
2023-06-13 03:00:00,1662.36,1666.51,1660.74,1666.51
2023-06-13 04:00:00,1666.51,1671.31,1665.87,1668.61
2023-06-13 05:00:00,1668.61,1668.93,1663.03,1666.8
2023-06-13 06:00:00,1666.8,1666.8,1661.21,1662.24
2023-06-13 07:00:00,1662.24,1665.39,1660.65,1663.29
2023-06-13 08:00:00,1663.29,1665.94,1656.15,1656.15
2023-06-13 09:00:00,1656.15,1657.37,1648.97,1650.45
2023-06-13 10:00:00,1650.45,1655.68,1650.45,1655.31
2023-06-13 11:00:00,1655.31,1655.9,1649.43,1649.43
2023-06-13 12:00:00,1649.43,1652.71,1649.17,1652.06
2023-06-13 13:00:00,1652.06,1652.06,1644.96,1646.59
2023-06-13 14:00:00,1646.59,1648.58,1644.72,1644.72
2023-06-13 15:00:00,1644.72,1652.41,1644.72,1651.47
2023-06-13 16:00:00,1651.47,1653.24,1645.88,1650.13
2023-06-13 17:00:00,1650.13,1656.11,1650.13,1654.75
2023-06-13 18:00:00,1654.75,1660.99,1654.75,1655.82
2023-06-13 19:00:00,1655.82,1656.1,1650.43,1652.46
2023-06-13 20:00:00,1652.46,1660.6,1652.46,1660.6
2023-06-13 21:00:00,1660.6,1663.2,1658.48,1658.48
2023-06-13 22:00:00,1658.48,1664.44,1655.11,1657.12
2023-06-13 23:00:00,1657.12,1657.31,1648.59,1648.59
2023-06-14 00:00:00,1648.59,1653.6,1646.14,1653.0
2023-06-14 01:00:00,1653.0,1654.41,1650.69,1650.69
2023-06-14 02:00:00,1650.69,1653.79,1650.65,1652.3
2023-06-14 03:00:00,1652.3,1652.3,1646.7,1646.7
2023-06-14 04:00:00,1646.7,1652.02,1645.26,1651.65
2023-06-14 05:00:00,1651.65,1653.87,1651.65,1653.14
2023-06-14 06:00:00,1653.14,1653.64,1647.72,1648.65
2023-06-14 07:00:00,1648.65,1651.31,1644.12,1650.71
2023-06-14 08:00:00,1650.71,1654.86,1645.39,1646.61
2023-06-14 09:00:00,1646.61,1651.06,1645.5,1651.06
2023-06-14 10:00:00,1651.06,1653.2,1648.74,1648.75
2023-06-14 11:00:00,1648.75,1648.75,1645.45,1646.77
2023-06-14 12:00:00,1646.77,1652.42,1646.21,1652.42
2023-06-14 13:00:00,1652.42,1653.81,1650.24,1652.23
2023-06-14 14:00:00,1652.23,1663.48,1652.23,1662.73
2023-06-14 15:00:00,1662.73,1663.22,1659.74,1661.28
2023-06-14 16:00:00,1661.28,1664.6,1660.91,1661.31
2023-06-14 17:00:00,1661.31,1665.59,1660.97,1663.0
2023-06-14 18:00:00,1663.0,1669.64,1660.85,1668.94
2023-06-14 19:00:00,1668.94,1669.44,1666.71,1669.06
2023-06-14 20:00:00,1669.06,1669.62,1664.65,1668.42
2023-06-14 21:00:00,1668.42,1686.67,1668.24,1686.67
2023-06-14 22:00:00,1686.67,1689.43,1684.92,1689.43
2023-06-14 23:00:00,1689.43,1689.96,1687.06,1687.62
2023-06-15 00:00:00,1687.62,1688.79,1680.53,1683.32
2023-06-15 01:00:00,1683.32,1683.32,1680.39,1681.41
2023-06-15 02:00:00,1681.41,1691.17,1681.41,1683.87
2023-06-15 03:00:00,1683.87,1683.87,1676.05,1679.71
2023-06-15 04:00:00,1679.71,1690.79,1678.49,1690.01
2023-06-15 05:00:00,1690.01,1696.44,1690.01,1695.89
2023-06-15 06:00:00,1695.89,1704.89,1695.19,1704.89
2023-06-15 07:00:00,1704.89,1712.66,1704.89,1710.06
2023-06-15 08:00:00,1710.06,1710.06,1699.6,1700.8
2023-06-15 09:00:00,1700.8,1700.8,1689.61,1689.61
2023-06-15 10:00:00,1689.61,1700.4,1689.61,1698.08
2023-06-15 11:00:00,1698.08,1704.25,1698.08,1702.34
2023-06-15 12:00:00,1702.34,1704.28,1696.43,1696.89
2023-06-15 13:00:00,1696.89,1698.73,1693.78,1693.78
2023-06-15 14:00:00,1693.78,1699.02,1693.78,1699.02
2023-06-15 15:00:00,1699.02,1699.13,1690.58,1698.58
2023-06-15 16:00:00,1698.58,1698.83,1690.27,1690.27
2023-06-15 17:00:00,1690.27,1694.74,1687.87,1687.89
2023-06-15 18:00:00,1687.89,1689.81,1686.7,1688.45
2023-06-15 19:00:00,1688.45,1693.44,1688.45,1691.23
2023-06-15 20:00:00,1691.23,1691.32,1682.29,1685.17
2023-06-15 21:00:00,1685.17,1687.93,1684.49,1686.15
2023-06-15 22:00:00,1686.15,1688.48,1685.99,1687.17
2023-06-15 23:00:00,1687.17,1690.66,1682.66,1690.15
2023-06-16 00:00:00,1690.15,1692.36,1688.7,1691.19
2023-06-16 01:00:00,1691.19,1692.32,1689.12,1689.38
2023-06-16 02:00:00,1689.38,1693.33,1687.81,1687.81
2023-06-16 03:00:00,1687.81,1689.8,1686.33,1686.33
2023-06-16 04:00:00,1686.33,1687.2,1680.74,1684.67
2023-06-16 05:00:00,1684.67,1688.08,1682.96,1684.05
2023-06-16 06:00:00,1684.05,1691.53,1684.05,1690.09
2023-06-16 07:00:00,1690.09,1693.72,1690.09,1692.14
2023-06-16 08:00:00,1692.14,1695.41,1685.14,1687.89
2023-06-16 09:00:00,1687.89,1687.95,1682.42,1683.69
2023-06-16 10:00:00,1683.69,1685.03,1677.27,1677.27
2023-06-16 11:00:00,1677.27,1678.37,1673.16,1674.66
2023-06-16 12:00:00,1674.66,1685.93,1673.96,1685.88
2023-06-16 13:00:00,1685.88,1692.81,1685.88,1691.8
2023-06-16 14:00:00,1691.8,1695.04,1690.25,1692.28
2023-06-16 15:00:00,1692.28,1696.58,1691.84,1694.78
2023-06-16 16:00:00,1694.78,1700.92,1694.49,1699.14
2023-06-16 17:00:00,1699.14,1702.82,1697.1,1697.91
2023-06-16 18:00:00,1697.91,1698.73,1696.5,1698.04
2023-06-16 19:00:00,1698.04,1698.54,1694.13,1696.14
2023-06-16 20:00:00,1696.14,1697.45,1693.46,1693.76
2023-06-16 21:00:00,1693.76,1693.76,1689.08,1691.13
2023-06-16 22:00:00,1691.13,1692.55,1688.26,1688.45
2023-06-16 23:00:00,1688.45,1688.45,1683.07,1687.1
2023-06-19 00:00:00,1687.1,1693.73,1685.66,1689.94
2023-06-19 01:00:00,1689.94,1690.75,1686.35,1690.42
2023-06-19 02:00:00,1690.42,1690.42,1684.74,1685.34
2023-06-19 03:00:00,1685.34,1685.34,1674.8,1675.61
2023-06-19 04:00:00,1675.61,1678.26,1672.72,1676.93
2023-06-19 05:00:00,1676.93,1681.02,1676.01,1679.43
2023-06-19 06:00:00,1679.43,1687.03,1678.6,1678.6
2023-06-19 07:00:00,1678.6,1678.82,1671.35,1673.31
2023-06-19 08:00:00,1673.31,1675.53,1669.96,1675.19
2023-06-19 09:00:00,1675.19,1677.36,1672.46,1674.51
2023-06-19 10:00:00,1674.51,1674.51,1670.76,1671.8
2023-06-19 11:00:00,1671.8,1677.12,1671.8,1676.96
2023-06-19 12:00:00,1676.96,1683.93,1675.27,1675.27
2023-06-19 13:00:00,1675.27,1678.42,1671.97,1671.97
2023-06-19 14:00:00,1671.97,1674.8,1670.48,1670.48
2023-06-19 15:00:00,1670.48,1675.37,1669.97,1674.85
2023-06-19 16:00:00,1674.85,1686.54,1674.85,1686.54
2023-06-19 17:00:00,1686.54,1687.45,1683.52,1686.84
2023-06-19 18:00:00,1686.84,1695.47,1686.84,1695.47
2023-06-19 19:00:00,1695.47,1698.64,1693.0,1696.0
2023-06-19 20:00:00,1696.0,1697.54,1693.94,1695.4
2023-06-19 21:00:00,1695.4,1701.45,1692.77,1701.45
2023-06-19 22:00:00,1701.45,1701.45,1698.71,1699.31
2023-06-19 23:00:00,1699.31,1703.5,1696.82,1703.5
2023-06-20 00:00:00,1703.5,1706.42,1701.72,1703.94
2023-06-20 01:00:00,1703.94,1703.94,1696.56,1699.3
2023-06-20 02:00:00,1699.3,1701.01,1696.46,1701.01
2023-06-20 03:00:00,1701.01,1704.23,1699.24,1699.34
2023-06-20 04:00:00,1699.34,1705.06,1695.32,1695.32
2023-06-20 05:00:00,1695.32,1698.37,1693.1,1698.02
2023-06-20 06:00:00,1698.02,1699.83,1695.71,1699.83
2023-06-20 07:00:00,1699.83,1711.72,1699.83,1711.72
2023-06-20 08:00:00,1711.72,1717.87,1711.14,1716.98
2023-06-20 09:00:00,1716.98,1717.65,1711.72,1714.46
2023-06-20 10:00:00,1714.46,1714.8,1711.13,1711.15
2023-06-20 11:00:00,1711.15,1712.54,1707.76,1707.79
2023-06-20 12:00:00,1707.79,1716.49,1707.79,1712.85
2023-06-20 13:00:00,1712.85,1717.48,1711.73,1713.04
2023-06-20 14:00:00,1713.04,1713.81,1711.12,1713.81
2023-06-20 15:00:00,1713.81,1713.81,1707.59,1709.93
2023-06-20 16:00:00,1709.93,1709.93,1701.31,1701.84
2023-06-20 17:00:00,1701.84,1705.48,1700.03,1700.31
2023-06-20 18:00:00,1700.31,1703.17,1697.91,1701.09
2023-06-20 19:00:00,1701.09,1701.09,1694.73,1694.99
2023-06-20 20:00:00,1694.99,1698.69,1692.95,1696.27
2023-06-20 21:00:00,1696.27,1697.9,1687.96,1688.34
2023-06-20 22:00:00,1688.34,1693.26,1688.34,1692.1
2023-06-20 23:00:00,1692.1,1692.1,1688.09,1689.24
2023-06-21 00:00:00,1689.24,1692.32,1687.54,1691.4
2023-06-21 01:00:00,1691.4,1699.46,1691.4,1692.72
2023-06-21 02:00:00,1692.72,1694.37,1691.42,1693.72
2023-06-21 03:00:00,1693.72,1694.21,1691.61,1692.17
2023-06-21 04:00:00,1692.17,1696.57,1692.17,1696.57
2023-06-21 05:00:00,1696.57,1697.29,1690.63,1690.63
2023-06-21 06:00:00,1690.63,1694.54,1685.23,1685.23
2023-06-21 07:00:00,1685.23,1689.41,1684.17,1684.17
2023-06-21 08:00:00,1684.17,1684.17,1672.49,1674.66
2023-06-21 09:00:00,1674.66,1676.9,1672.76,1674.4
2023-06-21 10:00:00,1674.4,1674.4,1667.38,1667.68
2023-06-21 11:00:00,1667.68,1667.68,1664.41,1664.41
2023-06-21 12:00:00,1664.41,1665.31,1656.76,1659.75
2023-06-21 13:00:00,1659.75,1663.35,1655.5,1655.5
2023-06-21 14:00:00,1655.5,1657.4,1652.2,1652.2
2023-06-21 15:00:00,1652.2,1652.71,1647.71,1648.4
2023-06-21 16:00:00,1648.4,1649.68,1646.76,1646.87
2023-06-21 17:00:00,1646.87,1653.08,1646.87,1652.33
2023-06-21 18:00:00,1652.33,1652.38,1649.92,1652.27
2023-06-21 19:00:00,1652.27,1657.33,1652.27,1654.81
2023-06-21 20:00:00,1654.81,1662.49,1654.81,1657.9
2023-06-21 21:00:00,1657.9,1662.9,1656.73,1661.11
2023-06-21 22:00:00,1661.11,1662.42,1657.83,1660.31
2023-06-21 23:00:00,1660.31,1660.31,1654.57,1654.57
2023-06-22 00:00:00,1654.57,1656.06,1653.96,1654.72
2023-06-22 01:00:00,1654.72,1662.69,1654.72,1662.69
2023-06-22 02:00:00,1662.69,1665.96,1662.69,1663.53
2023-06-22 03:00:00,1663.53,1669.7,1663.02,1667.74
2023-06-22 04:00:00,1667.74,1673.28,1667.74,1671.2
2023-06-22 05:00:00,1671.2,1671.2,1657.86,1657.86
2023-06-22 06:00:00,1657.86,1660.69,1655.89,1656.22
2023-06-22 07:00:00,1656.22,1661.63,1656.22,1661.63
2023-06-22 08:00:00,1661.63,1664.21,1659.81,1659.81
2023-06-22 09:00:00,1659.81,1661.11,1658.82,1659.56
2023-06-22 10:00:00,1659.56,1669.07,1659.56,1668.78
2023-06-22 11:00:00,1668.78,1674.36,1668.78,1674.36
2023-06-22 12:00:00,1674.36,1679.54,1674.36,1676.77
2023-06-22 13:00:00,1676.77,1677.83,1674.04,1676.37
2023-06-22 14:00:00,1676.37,1689.47,1675.71,1689.47
2023-06-22 15:00:00,1689.47,1689.47,1683.46,1683.48
2023-06-22 16:00:00,1683.48,1684.82,1679.31,1680.73
2023-06-22 17:00:00,1680.73,1680.73,1673.69,1676.21
2023-06-22 18:00:00,1676.21,1680.56,1675.93,1680.56
2023-06-22 19:00:00,1680.56,1684.98,1680.56,1684.98
2023-06-22 20:00:00,1684.98,1688.87,1682.83,1684.72
2023-06-22 21:00:00,1684.72,1685.89,1680.53,1680.53
2023-06-22 22:00:00,1680.53,1691.47,1680.36,1691.47
2023-06-22 23:00:00,1691.47,1695.01,1689.82,1689.82
2023-06-23 00:00:00,1689.82,1693.75,1689.82,1692.84
2023-06-23 01:00:00,1692.84,1695.78,1689.73,1693.93
2023-06-23 02:00:00,1693.93,1694.42,1689.78,1691.83
2023-06-23 03:00:00,1691.83,1695.36,1684.02,1694.19
2023-06-23 04:00:00,1694.19,1695.94,1692.12,1695.27
2023-06-23 05:00:00,1695.27,1697.97,1693.42,1697.97
2023-06-23 06:00:00,1697.97,1706.07,1697.97,1706.07
2023-06-23 07:00:00,1706.07,1706.73,1701.25,1704.27
2023-06-23 08:00:00,1704.27,1706.26,1701.17,1701.47
2023-06-23 09:00:00,1701.47,1701.47,1696.74,1696.74
2023-06-23 10:00:00,1696.74,1699.16,1695.41,1695.41
2023-06-23 11:00:00,1695.41,1700.88,1695.41,1698.92
2023-06-23 12:00:00,1698.92,1701.24,1694.44,1694.44
2023-06-23 13:00:00,1694.44,1694.44,1684.59,1685.74
2023-06-23 14:00:00,1685.74,1688.98,1684.87,1687.4
2023-06-23 15:00:00,1687.4,1698.78,1687.4,1689.5
2023-06-23 16:00:00,1689.5,1695.57,1689.06,1695.57
2023-06-23 17:00:00,1695.57,1695.57,1682.44,1682.44
2023-06-23 18:00:00,1682.44,1685.91,1679.27,1679.4
2023-06-23 19:00:00,1679.4,1686.15,1679.24,1686.15
2023-06-23 20:00:00,1686.15,1693.14,1686.15,1688.29
2023-06-23 21:00:00,1688.29,1688.59,1673.49,1673.49
2023-06-23 22:00:00,1673.49,1673.49,1669.52,1670.44
2023-06-23 23:00:00,1670.44,1670.44,1663.04,1663.23
2023-06-26 00:00:00,1663.23,1663.24,1656.65,1656.65
2023-06-26 01:00:00,1656.65,1657.97,1654.49,1654.49
2023-06-26 02:00:00,1654.49,1654.49,1645.94,1646.53
2023-06-26 03:00:00,1646.53,1649.97,1646.33,1649.97
2023-06-26 04:00:00,1649.97,1656.89,1649.97,1656.89
2023-06-26 05:00:00,1656.89,1664.29,1656.89,1663.92
2023-06-26 06:00:00,1663.92,1670.46,1663.92,1668.11
2023-06-26 07:00:00,1668.11,1668.14,1666.19,1666.19
2023-06-26 08:00:00,1666.19,1666.93,1662.27,1665.49
2023-06-26 09:00:00,1665.49,1669.55,1664.27,1667.1
2023-06-26 10:00:00,1667.1,1669.26,1664.56,1664.8
2023-06-26 11:00:00,1664.8,1666.08,1655.91,1655.91
2023-06-26 12:00:00,1655.91,1661.31,1655.16,1660.34
2023-06-26 13:00:00,1660.34,1662.35,1657.14,1661.58
2023-06-26 14:00:00,1661.58,1661.82,1658.38,1659.6
2023-06-26 15:00:00,1659.6,1669.18,1658.29,1669.18
2023-06-26 16:00:00,1669.18,1669.78,1664.15,1665.58
2023-06-26 17:00:00,1665.58,1665.69,1660.55,1660.55
2023-06-26 18:00:00,1660.55,1664.13,1659.74,1659.74
2023-06-26 19:00:00,1659.74,1660.03,1649.6,1649.63
2023-06-26 20:00:00,1649.63,1653.9,1648.59,1653.9
2023-06-26 21:00:00,1653.9,1660.85,1653.45,1653.45
2023-06-26 22:00:00,1653.45,1654.14,1651.93,1652.91
2023-06-26 23:00:00,1652.91,1653.92,1650.31,1650.71
2023-06-27 00:00:00,1650.71,1651.19,1642.94,1642.94
2023-06-27 01:00:00,1642.94,1653.0,1642.94,1649.68
2023-06-27 02:00:00,1649.68,1662.66,1649.68,1662.66
2023-06-27 03:00:00,1662.66,1667.97,1660.43,1665.49
2023-06-27 04:00:00,1665.49,1668.86,1662.08,1668.86
2023-06-27 05:00:00,1668.86,1668.86,1662.29,1664.9
2023-06-27 06:00:00,1664.9,1665.77,1661.83,1662.2
2023-06-27 07:00:00,1662.2,1666.68,1660.13,1666.68
2023-06-27 08:00:00,1666.68,1666.68,1658.4,1658.73
2023-06-27 09:00:00,1658.73,1660.06,1656.0,1658.04
2023-06-27 10:00:00,1658.04,1661.0,1656.92,1660.88
2023-06-27 11:00:00,1660.88,1662.5,1657.8,1661.24
2023-06-27 12:00:00,1661.24,1661.24,1656.24,1657.92
2023-06-27 13:00:00,1657.92,1662.9,1656.4,1662.64
2023-06-27 14:00:00,1662.64,1666.5,1662.64,1664.89
2023-06-27 15:00:00,1664.89,1675.99,1664.89,1675.99
2023-06-27 16:00:00,1675.99,1678.96,1674.23,1675.21
2023-06-27 17:00:00,1675.21,1676.78,1671.64,1676.65
2023-06-27 18:00:00,1676.65,1693.65,1673.8,1689.39
2023-06-27 19:00:00,1689.39,1689.64,1685.84,1685.84
2023-06-27 20:00:00,1685.84,1687.82,1685.19,1686.52
2023-06-27 21:00:00,1686.52,1687.31,1683.22,1687.05
2023-06-27 22:00:00,1687.05,1691.91,1687.05,1687.59
2023-06-27 23:00:00,1687.59,1692.28,1687.1,1688.01
2023-06-28 00:00:00,1688.01,1688.68,1684.81,1688.68
2023-06-28 01:00:00,1688.68,1690.48,1676.48,1690.48
2023-06-28 02:00:00,1690.48,1692.05,1686.09,1689.14
2023-06-28 03:00:00,1689.14,1697.61,1689.14,1695.27
2023-06-28 04:00:00,1695.27,1698.8,1694.0,1694.94
2023-06-28 05:00:00,1694.94,1695.24,1687.87,1689.14
2023-06-28 06:00:00,1689.14,1693.78,1687.97,1693.78
2023-06-28 07:00:00,1693.78,1693.78,1687.45,1689.28
2023-06-28 08:00:00,1689.28,1695.54,1689.26,1695.43
2023-06-28 09:00:00,1695.43,1697.39,1689.17,1691.32
2023-06-28 10:00:00,1691.32,1691.32,1677.54,1677.54
2023-06-28 11:00:00,1677.54,1678.22,1664.92,1664.92
2023-06-28 12:00:00,1664.92,1664.92,1656.96,1662.12
2023-06-28 13:00:00,1662.12,1665.74,1660.85,1663.43
2023-06-28 14:00:00,1663.43,1664.58,1661.62,1664.58
2023-06-28 15:00:00,1664.58,1666.4,1662.43,1662.56
2023-06-28 16:00:00,1662.56,1666.57,1661.1,1664.06
2023-06-28 17:00:00,1664.06,1666.86,1660.29,1666.86
2023-06-28 18:00:00,1666.86,1666.93,1662.93,1663.57
2023-06-28 19:00:00,1663.57,1663.57,1656.45,1656.45
2023-06-28 20:00:00,1656.45,1658.1,1640.3,1640.3
2023-06-28 21:00:00,1640.3,1642.3,1639.26,1639.26
2023-06-28 22:00:00,1639.26,1647.47,1639.26,1647.18
2023-06-28 23:00:00,1647.18,1647.18,1640.79,1640.79
2023-06-29 00:00:00,1640.79,1643.48,1637.1,1637.1
2023-06-29 01:00:00,1637.1,1637.53,1628.84,1628.84
2023-06-29 02:00:00,1628.84,1630.23,1626.7,1627.99
2023-06-29 03:00:00,1627.99,1632.29,1624.84,1624.84
2023-06-29 04:00:00,1624.84,1633.53,1622.41,1633.53
2023-06-29 05:00:00,1633.53,1638.91,1631.77,1638.91
2023-06-29 06:00:00,1638.91,1641.14,1636.92,1637.67
2023-06-29 07:00:00,1637.67,1637.67,1630.98,1630.98
2023-06-29 08:00:00,1630.98,1634.4,1630.98,1633.92
2023-06-29 09:00:00,1633.92,1635.89,1630.29,1630.29
2023-06-29 10:00:00,1630.29,1630.74,1628.39,1628.9
2023-06-29 11:00:00,1628.9,1633.94,1625.91,1633.94
2023-06-29 12:00:00,1633.94,1638.79,1633.16,1638.79
2023-06-29 13:00:00,1638.79,1642.46,1637.3,1642.2
2023-06-29 14:00:00,1642.2,1642.2,1638.56,1638.96
2023-06-29 15:00:00,1638.96,1639.89,1636.88,1638.54
2023-06-29 16:00:00,1638.54,1640.23,1634.2,1636.42
2023-06-29 17:00:00,1636.42,1642.81,1635.55,1642.81
2023-06-29 18:00:00,1642.81,1643.42,1634.26,1635.39
2023-06-29 19:00:00,1635.39,1644.1,1634.33,1644.1
2023-06-29 20:00:00,1644.1,1650.82,1641.56,1650.81
2023-06-29 21:00:00,1650.81,1650.91,1644.54,1644.54
2023-06-29 22:00:00,1644.54,1645.83,1642.67,1644.93
2023-06-29 23:00:00,1644.93,1648.52,1644.58,1644.58
2023-06-30 00:00:00,1644.58,1649.34,1639.81,1649.3
2023-06-30 01:00:00,1649.3,1649.53,1638.43,1642.23
2023-06-30 02:00:00,1642.23,1650.55,1642.23,1644.7
2023-06-30 03:00:00,1644.7,1646.61,1643.63,1644.99
2023-06-30 04:00:00,1644.99,1647.08,1642.32,1642.32
2023-06-30 05:00:00,1642.32,1643.03,1638.24,1638.24
2023-06-30 06:00:00,1638.24,1642.36,1638.24,1638.61
2023-06-30 07:00:00,1638.61,1640.94,1636.95,1640.94
2023-06-30 08:00:00,1640.94,1647.08,1640.94,1645.86
2023-06-30 09:00:00,1645.86,1654.01,1645.86,1652.08
2023-06-30 10:00:00,1652.08,1655.18,1648.33,1649.01
2023-06-30 11:00:00,1649.01,1649.01,1645.84,1646.9
2023-06-30 12:00:00,1646.9,1647.51,1643.63,1644.96
2023-06-30 13:00:00,1644.96,1644.96,1638.11,1641.61
2023-06-30 14:00:00,1641.61,1646.88,1641.49,1646.48
2023-06-30 15:00:00,1646.48,1648.8,1645.98,1647.09
2023-06-30 16:00:00,1647.09,1652.22,1646.88,1648.85
2023-06-30 17:00:00,1648.85,1651.1,1648.43,1648.92
2023-06-30 18:00:00,1648.92,1655.22,1648.82,1655.22
2023-06-30 19:00:00,1655.22,1657.09,1648.84,1649.18
2023-06-30 20:00:00,1649.18,1649.98,1646.02,1647.99
2023-06-30 21:00:00,1647.99,1650.72,1642.04,1649.81
2023-06-30 22:00:00,1649.81,1653.34,1649.3,1653.34
2023-06-30 23:00:00,1653.34,1653.34,1647.9,1650.23
2023-07-03 00:00:00,1650.23,1650.23,1644.8,1647.73
2023-07-03 01:00:00,1647.73,1652.36,1645.69,1650.58
2023-07-03 02:00:00,1650.58,1650.58,1644.33,1647.37
2023-07-03 03:00:00,1647.37,1648.58,1643.74,1647.86
2023-07-03 04:00:00,1647.86,1648.43,1638.68,1639.51
2023-07-03 05:00:00,1639.51,1640.42,1636.2,1637.94
2023-07-03 06:00:00,1637.94,1644.94,1635.72,1635.72
2023-07-03 07:00:00,1635.72,1636.41,1621.5,1623.88
2023-07-03 08:00:00,1623.88,1631.01,1622.92,1628.7
2023-07-03 09:00:00,1628.7,1630.57,1626.49,1629.99
2023-07-03 10:00:00,1629.99,1637.63,1629.99,1634.64
2023-07-03 11:00:00,1634.64,1639.27,1634.64,1636.55
2023-07-03 12:00:00,1636.55,1639.04,1634.23,1636.32
2023-07-03 13:00:00,1636.32,1636.32,1631.3,1634.77
2023-07-03 14:00:00,1634.77,1640.62,1629.37,1629.37
2023-07-03 15:00:00,1629.37,1636.54,1629.37,1633.42
2023-07-03 16:00:00,1633.42,1639.06,1629.59,1629.59
2023-07-03 17:00:00,1629.59,1629.59,1619.99,1620.44
2023-07-03 18:00:00,1620.44,1623.78,1620.11,1621.32
2023-07-03 19:00:00,1621.32,1629.82,1621.32,1629.07
2023-07-03 20:00:00,1629.07,1632.92,1626.09,1632.92
2023-07-03 21:00:00,1632.92,1638.09,1629.67,1636.99
2023-07-03 22:00:00,1636.99,1642.43,1636.99,1639.52
2023-07-03 23:00:00,1639.52,1640.31,1634.61,1639.07
2023-07-04 00:00:00,1639.07,1639.07,1634.43,1634.43
2023-07-04 01:00:00,1634.43,1634.43,1626.29,1626.29
2023-07-04 02:00:00,1626.29,1628.22,1624.23,1626.12
2023-07-04 03:00:00,1626.12,1628.96,1624.34,1628.96
2023-07-04 04:00:00,1628.96,1631.91,1622.29,1622.29
2023-07-04 05:00:00,1622.29,1626.16,1622.29,1626.16
2023-07-04 06:00:00,1626.16,1626.16,1621.88,1621.88
2023-07-04 07:00:00,1621.88,1622.26,1615.79,1616.46
2023-07-04 08:00:00,1616.46,1617.7,1615.18,1616.62
2023-07-04 09:00:00,1616.62,1617.4,1606.68,1607.27
2023-07-04 10:00:00,1607.27,1612.47,1607.27,1612.47
2023-07-04 11:00:00,1612.47,1616.28,1603.69,1605.09
2023-07-04 12:00:00,1605.09,1605.15,1595.17,1595.17
2023-07-04 13:00:00,1595.17,1595.17,1588.73,1590.27
2023-07-04 14:00:00,1590.27,1591.05,1585.53,1585.53
2023-07-04 15:00:00,1585.53,1587.78,1583.13,1583.98
2023-07-04 16:00:00,1583.98,1583.98,1577.16,1577.16
2023-07-04 17:00:00,1577.16,1580.2,1576.42,1578.23
2023-07-04 18:00:00,1578.23,1578.23,1573.78,1575.2
2023-07-04 19:00:00,1575.2,1576.24,1571.95,1576.24
2023-07-04 20:00:00,1576.24,1588.41,1575.92,1587.8
2023-07-04 21:00:00,1587.8,1590.6,1587.8,1589.74
2023-07-04 22:00:00,1589.74,1594.23,1587.83,1587.83
2023-07-04 23:00:00,1587.83,1592.75,1586.86,1592.75
2023-07-05 00:00:00,1592.75,1597.28,1591.3,1597.28
2023-07-05 01:00:00,1597.28,1606.97,1596.97,1605.58
2023-07-05 02:00:00,1605.58,1606.99,1603.19,1603.46
2023-07-05 03:00:00,1603.46,1604.8,1598.6,1604.8
2023-07-05 04:00:00,1604.8,1606.16,1603.52,1604.27
2023-07-05 05:00:00,1604.27,1609.56,1604.27,1606.5
2023-07-05 06:00:00,1606.5,1607.11,1603.31,1603.72
2023-07-05 07:00:00,1603.72,1605.19,1601.4,1603.61
2023-07-05 08:00:00,1603.61,1605.35,1601.02,1604.57
2023-07-05 09:00:00,1604.57,1605.6,1600.83,1605.6
2023-07-05 10:00:00,1605.6,1605.87,1597.37,1597.37
2023-07-05 11:00:00,1597.37,1599.25,1594.72,1598.1
2023-07-05 12:00:00,1598.1,1606.56,1597.34,1606.56
2023-07-05 13:00:00,1606.56,1607.03,1599.15,1599.15
2023-07-05 14:00:00,1599.15,1599.15,1594.65,1598.55
2023-07-05 15:00:00,1598.55,1602.71,1593.13,1593.13
2023-07-05 16:00:00,1593.13,1598.62,1593.13,1595.67
2023-07-05 17:00:00,1595.67,1596.57,1591.42,1591.42
2023-07-05 18:00:00,1591.42,1592.87,1589.42,1590.98
2023-07-05 19:00:00,1590.98,1593.56,1588.44,1592.91
2023-07-05 20:00:00,1592.91,1598.69,1591.16,1597.96
2023-07-05 21:00:00,1597.96,1600.72,1596.93,1596.93
2023-07-05 22:00:00,1596.93,1601.86,1596.51,1601.4
2023-07-05 23:00:00,1601.4,1602.38,1599.46,1600.99
2023-07-06 00:00:00,1600.99,1615.3,1600.99,1615.3
2023-07-06 01:00:00,1615.3,1620.72,1615.3,1620.08
2023-07-06 02:00:00,1620.08,1626.08,1620.08,1623.72
2023-07-06 03:00:00,1623.72,1630.6,1621.88,1630.6
2023-07-06 04:00:00,1630.6,1636.04,1630.6,1630.95
2023-07-06 05:00:00,1630.95,1632.24,1626.26,1626.26
2023-07-06 06:00:00,1626.26,1628.18,1623.22,1623.22
2023-07-06 07:00:00,1623.22,1625.65,1618.72,1620.13
2023-07-06 08:00:00,1620.13,1623.06,1618.54,1618.54
2023-07-06 09:00:00,1618.54,1619.08,1613.08,1619.07
2023-07-06 10:00:00,1619.07,1619.07,1614.49,1615.93
2023-07-06 11:00:00,1615.93,1621.94,1615.87,1621.94
2023-07-06 12:00:00,1621.94,1624.9,1617.5,1617.5
2023-07-06 13:00:00,1617.5,1621.48,1614.89,1621.48
2023-07-06 14:00:00,1621.48,1623.63,1618.78,1622.69
2023-07-06 15:00:00,1622.69,1623.76,1620.05,1620.05
2023-07-06 16:00:00,1620.05,1622.42,1613.03,1613.54
2023-07-06 17:00:00,1613.54,1615.61,1609.98,1610.08
2023-07-06 18:00:00,1610.08,1624.96,1610.08,1624.93
2023-07-06 19:00:00,1624.93,1629.78,1624.93,1627.08
2023-07-06 20:00:00,1627.08,1628.38,1621.85,1625.59
2023-07-06 21:00:00,1625.59,1631.72,1625.59,1626.45
2023-07-06 22:00:00,1626.45,1627.05,1624.45,1625.95
2023-07-06 23:00:00,1625.95,1633.07,1625.95,1629.24
2023-07-07 00:00:00,1629.24,1631.67,1626.95,1629.31
2023-07-07 01:00:00,1629.31,1632.44,1629.07,1632.26
2023-07-07 02:00:00,1632.26,1638.86,1631.35,1633.72
2023-07-07 03:00:00,1633.72,1635.69,1632.17,1633.05
2023-07-07 04:00:00,1633.05,1643.85,1633.05,1639.35
2023-07-07 05:00:00,1639.35,1639.35,1634.67,1634.67
2023-07-07 06:00:00,1634.67,1638.92,1634.67,1638.92
2023-07-07 07:00:00,1638.92,1638.92,1631.9,1631.9
2023-07-07 08:00:00,1631.9,1641.86,1630.67,1639.6
2023-07-07 09:00:00,1639.6,1640.4,1632.25,1632.91
2023-07-07 10:00:00,1632.91,1633.95,1625.13,1625.13
2023-07-07 11:00:00,1625.13,1629.12,1625.13,1628.1
2023-07-07 12:00:00,1628.1,1632.18,1626.77,1632.18
2023-07-07 13:00:00,1632.18,1643.44,1632.18,1643.44
2023-07-07 14:00:00,1643.44,1644.57,1640.0,1640.0
2023-07-07 15:00:00,1640.0,1644.37,1634.71,1634.71
2023-07-07 16:00:00,1634.71,1644.7,1633.7,1643.84
2023-07-07 17:00:00,1643.84,1648.39,1643.84,1647.48
2023-07-07 18:00:00,1647.48,1654.95,1647.37,1654.83
2023-07-07 19:00:00,1654.83,1655.8,1653.35,1655.7
2023-07-07 20:00:00,1655.7,1655.7,1653.9,1654.28
2023-07-07 21:00:00,1654.28,1656.1,1652.65,1656.1
2023-07-07 22:00:00,1656.1,1660.29,1652.63,1660.29
2023-07-07 23:00:00,1660.29,1664.13,1659.12,1663.07
2023-07-10 00:00:00,1663.07,1664.86,1660.94,1661.01
2023-07-10 01:00:00,1661.01,1661.01,1650.62,1650.62
2023-07-10 02:00:00,1650.62,1655.22,1650.62,1655.22
2023-07-10 03:00:00,1655.22,1657.07,1654.79,1656.09
2023-07-10 04:00:00,1656.09,1673.99,1654.24,1669.17
2023-07-10 05:00:00,1669.17,1669.17,1665.73,1666.33
2023-07-10 06:00:00,1666.33,1670.49,1664.42,1670.24
2023-07-10 07:00:00,1670.24,1670.85,1666.07,1667.63
2023-07-10 08:00:00,1667.63,1667.63,1662.29,1665.25
2023-07-10 09:00:00,1665.25,1665.83,1662.49,1665.83
2023-07-10 10:00:00,1665.83,1668.26,1665.07,1668.26
2023-07-10 11:00:00,1668.26,1670.84,1667.58,1667.58
2023-07-10 12:00:00,1667.58,1670.27,1667.58,1670.27
2023-07-10 13:00:00,1670.27,1676.36,1670.27,1675.08
2023-07-10 14:00:00,1675.08,1675.08,1664.43,1664.43
2023-07-10 15:00:00,1664.43,1665.46,1663.07,1663.07
2023-07-10 16:00:00,1663.07,1668.04,1661.82,1667.04
2023-07-10 17:00:00,1667.04,1668.64,1660.91,1661.47
2023-07-10 18:00:00,1661.47,1665.88,1660.87,1661.88
2023-07-10 19:00:00,1661.88,1667.6,1661.87,1667.6
2023-07-10 20:00:00,1667.6,1671.17,1666.19,1670.43
2023-07-10 21:00:00,1670.43,1671.25,1668.44,1670.24
2023-07-10 22:00:00,1670.24,1670.24,1663.95,1667.17
2023-07-10 23:00:00,1667.17,1671.13,1667.17,1670.16
2023-07-11 00:00:00,1670.16,1671.84,1667.53,1668.07
2023-07-11 01:00:00,1668.07,1668.97,1662.97,1662.97
2023-07-11 02:00:00,1662.97,1666.79,1662.97,1665.69
2023-07-11 03:00:00,1665.69,1676.15,1665.64,1675.88
2023-07-11 04:00:00,1675.88,1679.98,1675.88,1679.18
2023-07-11 05:00:00,1679.18,1683.27,1676.02,1683.27
2023-07-11 06:00:00,1683.27,1687.41,1682.87,1687.41
2023-07-11 07:00:00,1687.41,1687.7,1685.14,1686.09
2023-07-11 08:00:00,1686.09,1690.45,1686.09,1688.5
2023-07-11 09:00:00,1688.5,1692.19,1686.51,1692.19
2023-07-11 10:00:00,1692.19,1693.27,1688.6,1688.6
2023-07-11 11:00:00,1688.6,1690.25,1685.16,1690.25
2023-07-11 12:00:00,1690.25,1691.89,1689.4,1689.71
2023-07-11 13:00:00,1689.71,1690.77,1687.79,1690.34
2023-07-11 14:00:00,1690.34,1694.72,1690.34,1694.72
2023-07-11 15:00:00,1694.72,1695.24,1691.99,1694.45
2023-07-11 16:00:00,1694.45,1696.69,1693.45,1694.31
2023-07-11 17:00:00,1694.31,1700.13,1694.31,1695.21
2023-07-11 18:00:00,1695.21,1696.59,1687.86,1689.97
2023-07-11 19:00:00,1689.97,1692.86,1686.26,1692.1
2023-07-11 20:00:00,1692.1,1695.54,1691.73,1695.16
2023-07-11 21:00:00,1695.16,1698.01,1691.46,1698.01
2023-07-11 22:00:00,1698.01,1700.34,1696.45,1696.45
2023-07-11 23:00:00,1696.45,1698.14,1696.11,1697.48
2023-07-12 00:00:00,1697.48,1701.59,1695.2,1695.64
2023-07-12 01:00:00,1695.64,1695.64,1687.81,1691.29
2023-07-12 02:00:00,1691.29,1696.52,1690.31,1696.52
2023-07-12 03:00:00,1696.52,1703.12,1696.47,1702.26
2023-07-12 04:00:00,1702.26,1706.68,1699.61,1699.61
2023-07-12 05:00:00,1699.61,1699.64,1691.82,1695.85
2023-07-12 06:00:00,1695.85,1699.01,1692.59,1698.5
2023-07-12 07:00:00,1698.5,1704.83,1698.5,1704.83
2023-07-12 08:00:00,1704.83,1709.05,1697.18,1703.62
2023-07-12 09:00:00,1703.62,1703.62,1698.48,1701.66
2023-07-12 10:00:00,1701.66,1706.58,1701.4,1706.58
2023-07-12 11:00:00,1706.58,1713.18,1702.59,1713.18
2023-07-12 12:00:00,1713.18,1717.98,1712.0,1717.98
2023-07-12 13:00:00,1717.98,1719.32,1715.46,1716.68
2023-07-12 14:00:00,1716.68,1717.8,1710.43,1717.8
2023-07-12 15:00:00,1717.8,1721.17,1716.36,1719.42
2023-07-12 16:00:00,1719.42,1720.45,1716.24,1719.08
2023-07-12 17:00:00,1719.08,1721.14,1715.83,1718.59
2023-07-12 18:00:00,1718.59,1720.3,1715.85,1718.98
2023-07-12 19:00:00,1718.98,1719.19,1715.97,1717.01
2023-07-12 20:00:00,1717.01,1723.39,1717.01,1722.58
2023-07-12 21:00:00,1722.58,1725.68,1720.89,1723.52
2023-07-12 22:00:00,1723.52,1727.04,1722.29,1727.04
2023-07-12 23:00:00,1727.04,1730.98,1726.07,1730.39
2023-07-13 00:00:00,1730.39,1737.76,1728.88,1736.94
2023-07-13 01:00:00,1736.94,1740.4,1736.76,1737.47
2023-07-13 02:00:00,1737.47,1737.47,1730.19,1730.38
2023-07-13 03:00:00,1730.38,1733.19,1729.79,1731.44
2023-07-13 04:00:00,1731.44,1733.32,1727.86,1729.04
2023-07-13 05:00:00,1729.04,1731.15,1726.49,1726.49
2023-07-13 06:00:00,1726.49,1726.59,1723.09,1726.0
2023-07-13 07:00:00,1726.0,1727.32,1724.25,1726.44
2023-07-13 08:00:00,1726.44,1726.44,1715.21,1715.21
2023-07-13 09:00:00,1715.21,1717.6,1708.3,1709.57
2023-07-13 10:00:00,1709.57,1709.84,1703.76,1709.84
2023-07-13 11:00:00,1709.84,1712.94,1709.02,1709.02
2023-07-13 12:00:00,1709.02,1709.25,1700.17,1701.39
2023-07-13 13:00:00,1701.39,1705.42,1701.23,1703.67
2023-07-13 14:00:00,1703.67,1705.1,1700.34,1703.59
2023-07-13 15:00:00,1703.59,1704.19,1699.76,1701.54
2023-07-13 16:00:00,1701.54,1714.84,1701.54,1713.77
2023-07-13 17:00:00,1713.77,1714.31,1704.13,1704.13
2023-07-13 18:00:00,1704.13,1705.39,1700.27,1701.65
2023-07-13 19:00:00,1701.65,1705.07,1700.93,1705.07
2023-07-13 20:00:00,1705.07,1707.57,1700.38,1703.12
2023-07-13 21:00:00,1703.12,1715.98,1703.12,1715.98
2023-07-13 22:00:00,1715.98,1718.38,1712.45,1718.38
2023-07-13 23:00:00,1718.38,1724.79,1718.03,1722.94
2023-07-14 00:00:00,1722.94,1724.23,1717.05,1718.16
2023-07-14 01:00:00,1718.16,1718.16,1712.72,1713.88
2023-07-14 02:00:00,1713.88,1723.2,1712.44,1716.79
2023-07-14 03:00:00,1716.79,1718.23,1711.9,1716.12
2023-07-14 04:00:00,1716.12,1719.7,1714.31,1718.05
2023-07-14 05:00:00,1718.05,1718.77,1713.21,1718.67
2023-07-14 06:00:00,1718.67,1723.1,1718.67,1720.4
2023-07-14 07:00:00,1720.4,1724.37,1716.05,1720.85
2023-07-14 08:00:00,1720.85,1727.74,1720.38,1726.48
2023-07-14 09:00:00,1726.48,1728.25,1723.93,1728.25
2023-07-14 10:00:00,1728.25,1730.09,1725.75,1729.02
2023-07-14 11:00:00,1729.02,1730.14,1726.86,1727.26
2023-07-14 12:00:00,1727.26,1727.66,1723.07,1726.16
2023-07-14 13:00:00,1726.16,1730.63,1726.14,1730.63
2023-07-14 14:00:00,1730.63,1732.75,1728.47,1728.47
2023-07-14 15:00:00,1728.47,1735.92,1718.86,1735.92
2023-07-14 16:00:00,1735.92,1740.89,1735.92,1740.33
2023-07-14 17:00:00,1740.33,1742.56,1736.92,1742.56
2023-07-14 18:00:00,1742.56,1747.23,1742.56,1746.28
2023-07-14 19:00:00,1746.28,1746.68,1742.51,1743.89
2023-07-14 20:00:00,1743.89,1743.89,1731.54,1738.91
2023-07-14 21:00:00,1738.91,1742.0,1735.93,1737.04
2023-07-14 22:00:00,1737.04,1737.04,1732.74,1733.86
2023-07-14 23:00:00,1733.86,1749.64,1733.86,1749.64
2023-07-17 00:00:00,1749.64,1759.55,1749.64,1759.55
2023-07-17 01:00:00,1759.55,1775.96,1755.98,1775.96
2023-07-17 02:00:00,1775.96,1776.68,1771.33,1772.23
2023-07-17 03:00:00,1772.23,1778.12,1771.94,1775.85
2023-07-17 04:00:00,1775.85,1779.4,1773.11,1776.82
2023-07-17 05:00:00,1776.82,1779.72,1773.78,1777.06
2023-07-17 06:00:00,1777.06,1778.48,1775.3,1777.97
2023-07-17 07:00:00,1777.97,1785.09,1777.55,1785.09
2023-07-17 08:00:00,1785.09,1785.09,1780.14,1782.7
2023-07-17 09:00:00,1782.7,1783.38,1779.16,1780.13
2023-07-17 10:00:00,1780.13,1781.58,1776.06,1781.45
2023-07-17 11:00:00,1781.45,1781.45,1776.59,1778.87
2023-07-17 12:00:00,1778.87,1781.45,1778.61,1778.96
2023-07-17 13:00:00,1778.96,1785.89,1775.93,1784.55
2023-07-17 14:00:00,1784.55,1796.56,1784.55,1796.56
2023-07-17 15:00:00,1796.56,1802.24,1795.45,1802.24
2023-07-17 16:00:00,1802.24,1806.42,1801.61,1802.85
2023-07-17 17:00:00,1802.85,1805.64,1798.07,1803.63
2023-07-17 18:00:00,1803.63,1806.85,1802.6,1806.02
2023-07-17 19:00:00,1806.02,1807.31,1799.84,1799.84
2023-07-17 20:00:00,1799.84,1804.84,1798.38,1803.85
2023-07-17 21:00:00,1803.85,1807.46,1801.94,1806.07
2023-07-17 22:00:00,1806.07,1811.77,1802.68,1802.9
2023-07-17 23:00:00,1802.9,1814.35,1802.9,1811.57
2023-07-18 00:00:00,1811.57,1814.63,1807.87,1807.99
2023-07-18 01:00:00,1807.99,1810.63,1807.46,1807.46
2023-07-18 02:00:00,1807.46,1808.21,1794.7,1794.7
2023-07-18 03:00:00,1794.7,1795.79,1793.0,1794.68
2023-07-18 04:00:00,1794.68,1805.12,1794.42,1804.84
2023-07-18 05:00:00,1804.84,1808.49,1802.97,1808.03
2023-07-18 06:00:00,1808.03,1812.84,1806.64,1812.84
2023-07-18 07:00:00,1812.84,1812.84,1796.87,1799.49
2023-07-18 08:00:00,1799.49,1799.49,1785.28,1787.67
2023-07-18 09:00:00,1787.67,1791.74,1785.24,1785.24
2023-07-18 10:00:00,1785.24,1793.44,1785.24,1793.44
2023-07-18 11:00:00,1793.44,1795.3,1784.67,1787.38
2023-07-18 12:00:00,1787.38,1787.38,1777.11,1778.03
2023-07-18 13:00:00,1778.03,1790.59,1776.3,1790.12
2023-07-18 14:00:00,1790.12,1792.83,1783.62,1783.62
2023-07-18 15:00:00,1783.62,1783.62,1777.82,1779.86
2023-07-18 16:00:00,1779.86,1784.86,1778.79,1779.37
2023-07-18 17:00:00,1779.37,1784.65,1778.08,1779.26
2023-07-18 18:00:00,1779.26,1781.5,1775.21,1781.07
2023-07-18 19:00:00,1781.07,1783.61,1776.12,1779.09
2023-07-18 20:00:00,1779.09,1779.09,1773.1,1773.1
2023-07-18 21:00:00,1773.1,1775.34,1771.4,1775.34
2023-07-18 22:00:00,1775.34,1777.72,1774.23,1775.88
2023-07-18 23:00:00,1775.88,1775.88,1765.85,1765.85
2023-07-19 00:00:00,1765.85,1775.32,1765.85,1774.39
2023-07-19 01:00:00,1774.39,1781.98,1773.79,1777.45
2023-07-19 02:00:00,1777.45,1780.96,1777.06,1777.94
2023-07-19 03:00:00,1777.94,1791.25,1776.77,1791.25
2023-07-19 04:00:00,1791.25,1795.21,1790.8,1793.65
2023-07-19 05:00:00,1793.65,1795.65,1789.77,1795.65
2023-07-19 06:00:00,1795.65,1798.94,1793.16,1793.16
2023-07-19 07:00:00,1793.16,1804.67,1793.16,1804.67
2023-07-19 08:00:00,1804.67,1814.88,1804.67,1814.88
2023-07-19 09:00:00,1814.88,1821.5,1814.88,1818.78
2023-07-19 10:00:00,1818.78,1820.43,1814.21,1818.31
2023-07-19 11:00:00,1818.31,1820.78,1816.92,1817.02
2023-07-19 12:00:00,1817.02,1824.32,1817.02,1824.32
2023-07-19 13:00:00,1824.32,1828.91,1823.5,1826.37
2023-07-19 14:00:00,1826.37,1827.96,1823.13,1823.52
2023-07-19 15:00:00,1823.52,1828.88,1823.22,1828.88
2023-07-19 16:00:00,1828.88,1830.54,1823.3,1830.54
2023-07-19 17:00:00,1830.54,1830.54,1818.27,1818.76
2023-07-19 18:00:00,1818.76,1821.95,1818.05,1818.05
2023-07-19 19:00:00,1818.05,1818.98,1816.4,1816.65
2023-07-19 20:00:00,1816.65,1816.65,1811.12,1812.58
2023-07-19 21:00:00,1812.58,1814.44,1810.96,1814.44
2023-07-19 22:00:00,1814.44,1814.44,1799.48,1799.48
2023-07-19 23:00:00,1799.48,1799.48,1794.72,1797.53
2023-07-20 00:00:00,1797.53,1802.62,1795.7,1799.96
2023-07-20 01:00:00,1799.96,1802.51,1797.8,1797.8
2023-07-20 02:00:00,1797.8,1803.24,1796.94,1803.13
2023-07-20 03:00:00,1803.13,1804.45,1801.32,1801.32
2023-07-20 04:00:00,1801.32,1806.98,1801.32,1805.29
2023-07-20 05:00:00,1805.29,1813.79,1805.29,1810.44
2023-07-20 06:00:00,1810.44,1812.05,1806.72,1812.05
2023-07-20 07:00:00,1812.05,1812.05,1800.88,1804.7
2023-07-20 08:00:00,1804.7,1811.7,1804.7,1811.7
2023-07-20 09:00:00,1811.7,1815.79,1810.29,1815.79
2023-07-20 10:00:00,1815.79,1817.01,1814.12,1814.36
2023-07-20 11:00:00,1814.36,1819.65,1812.38,1816.19
2023-07-20 12:00:00,1816.19,1820.25,1814.56,1820.11
2023-07-20 13:00:00,1820.11,1830.98,1820.11,1829.02
2023-07-20 14:00:00,1829.02,1829.02,1814.09,1814.36
2023-07-20 15:00:00,1814.36,1815.87,1811.02,1811.02
2023-07-20 16:00:00,1811.02,1811.02,1803.79,1807.77
2023-07-20 17:00:00,1807.77,1813.07,1806.3,1811.28
2023-07-20 18:00:00,1811.28,1821.2,1808.2,1818.7
2023-07-20 19:00:00,1818.7,1820.21,1813.05,1813.05
2023-07-20 20:00:00,1813.05,1813.53,1806.27,1807.65
2023-07-20 21:00:00,1807.65,1808.33,1795.77,1800.19
2023-07-20 22:00:00,1800.19,1815.73,1800.19,1815.73
2023-07-20 23:00:00,1815.73,1820.45,1813.84,1819.73
2023-07-21 00:00:00,1819.73,1819.73,1812.46,1812.82
2023-07-21 01:00:00,1812.82,1824.96,1812.82,1820.72
2023-07-21 02:00:00,1820.72,1823.93,1820.72,1822.56
2023-07-21 03:00:00,1822.56,1824.19,1815.81,1820.03
2023-07-21 04:00:00,1820.03,1824.64,1820.03,1820.11
2023-07-21 05:00:00,1820.11,1821.25,1810.26,1812.23
2023-07-21 06:00:00,1812.23,1812.7,1810.96,1812.17
2023-07-21 07:00:00,1812.17,1812.99,1809.65,1811.73
2023-07-21 08:00:00,1811.73,1813.22,1807.43,1807.43
2023-07-21 09:00:00,1807.43,1808.08,1801.87,1803.69
2023-07-21 10:00:00,1803.69,1806.98,1803.65,1806.64
2023-07-21 11:00:00,1806.64,1809.41,1804.34,1804.34
2023-07-21 12:00:00,1804.34,1813.1,1804.34,1811.28
2023-07-21 13:00:00,1811.28,1811.28,1804.13,1804.44
2023-07-21 14:00:00,1804.44,1812.07,1804.44,1810.61
2023-07-21 15:00:00,1810.61,1811.1,1806.91,1809.1
2023-07-21 16:00:00,1809.1,1810.32,1804.82,1804.98
2023-07-21 17:00:00,1804.98,1807.3,1801.21,1802.45
2023-07-21 18:00:00,1802.45,1802.45,1791.59,1795.11
2023-07-21 19:00:00,1795.11,1803.89,1795.11,1803.89
2023-07-21 20:00:00,1803.89,1804.8,1801.52,1804.41
2023-07-21 21:00:00,1804.41,1805.13,1799.06,1802.11
2023-07-21 22:00:00,1802.11,1802.88,1798.05,1800.6
2023-07-21 23:00:00,1800.6,1800.6,1789.76,1789.76
2023-07-24 00:00:00,1789.76,1791.59,1787.57,1789.95
2023-07-24 01:00:00,1789.95,1792.04,1788.63,1792.04
2023-07-24 02:00:00,1792.04,1797.55,1791.12,1797.55
2023-07-24 03:00:00,1797.55,1803.21,1795.53,1799.95
2023-07-24 04:00:00,1799.95,1802.8,1799.73,1802.7
2023-07-24 05:00:00,1802.7,1812.85,1800.05,1812.09
2023-07-24 06:00:00,1812.09,1816.1,1809.93,1815.64
2023-07-24 07:00:00,1815.64,1826.87,1815.41,1825.55
2023-07-24 08:00:00,1825.55,1826.55,1821.64,1826.55
2023-07-24 09:00:00,1826.55,1827.49,1822.91,1827.49
2023-07-24 10:00:00,1827.49,1829.41,1825.6,1825.81
2023-07-24 11:00:00,1825.81,1825.81,1822.21,1824.08
2023-07-24 12:00:00,1824.08,1834.3,1823.7,1834.3
2023-07-24 13:00:00,1834.3,1840.29,1831.37,1831.37
2023-07-24 14:00:00,1831.37,1831.37,1825.1,1826.89
2023-07-24 15:00:00,1826.89,1836.67,1826.89,1835.17
2023-07-24 16:00:00,1835.17,1835.17,1827.91,1827.91
2023-07-24 17:00:00,1827.91,1830.27,1825.5,1830.27
2023-07-24 18:00:00,1830.27,1832.25,1827.14,1829.37
2023-07-24 19:00:00,1829.37,1829.37,1818.22,1818.22
2023-07-24 20:00:00,1818.22,1818.83,1813.57,1816.19
2023-07-24 21:00:00,1816.19,1818.12,1813.72,1817.65
2023-07-24 22:00:00,1817.65,1817.65,1808.47,1810.38
2023-07-24 23:00:00,1810.38,1816.08,1810.38,1812.4
2023-07-25 00:00:00,1812.4,1821.86,1812.4,1821.57
2023-07-25 01:00:00,1821.57,1821.57,1816.49,1816.49
2023-07-25 02:00:00,1816.49,1822.07,1816.12,1821.23
2023-07-25 03:00:00,1821.23,1821.58,1812.86,1813.52
2023-07-25 04:00:00,1813.52,1813.64,1805.17,1806.09
2023-07-25 05:00:00,1806.09,1807.3,1804.59,1807.17
2023-07-25 06:00:00,1807.17,1808.34,1804.64,1807.48
2023-07-25 07:00:00,1807.48,1815.55,1806.35,1815.55
2023-07-25 08:00:00,1815.55,1817.18,1811.02,1811.02
2023-07-25 09:00:00,1811.02,1814.9,1810.87,1814.73
2023-07-25 10:00:00,1814.73,1822.06,1812.61,1815.6
2023-07-25 11:00:00,1815.6,1818.26,1813.8,1813.8
2023-07-25 12:00:00,1813.8,1823.96,1812.99,1820.44
2023-07-25 13:00:00,1820.44,1820.66,1814.6,1815.99
2023-07-25 14:00:00,1815.99,1817.05,1813.37,1814.51
2023-07-25 15:00:00,1814.51,1814.51,1809.58,1810.5
2023-07-25 16:00:00,1810.5,1810.5,1806.16,1809.47
2023-07-25 17:00:00,1809.47,1810.67,1797.75,1799.72
2023-07-25 18:00:00,1799.72,1802.02,1797.48,1799.94
2023-07-25 19:00:00,1799.94,1801.58,1797.15,1799.76
2023-07-25 20:00:00,1799.76,1799.76,1795.99,1796.11
2023-07-25 21:00:00,1796.11,1796.65,1792.33,1793.33
2023-07-25 22:00:00,1793.33,1794.01,1787.81,1791.27
2023-07-25 23:00:00,1791.27,1792.25,1784.01,1787.62
2023-07-26 00:00:00,1787.62,1788.01,1783.59,1783.87
2023-07-26 01:00:00,1783.87,1783.87,1773.0,1774.13
2023-07-26 02:00:00,1774.13,1778.55,1772.28,1777.43
2023-07-26 03:00:00,1777.43,1777.43,1770.63,1774.75
2023-07-26 04:00:00,1774.75,1775.33,1769.04,1772.73
2023-07-26 05:00:00,1772.73,1779.28,1772.22,1778.2
2023-07-26 06:00:00,1778.2,1778.2,1764.4,1764.4
2023-07-26 07:00:00,1764.4,1770.65,1762.59,1768.48
2023-07-26 08:00:00,1768.48,1772.25,1767.45,1772.25
2023-07-26 09:00:00,1772.25,1776.75,1770.86,1771.97
2023-07-26 10:00:00,1771.97,1777.59,1771.97,1774.75
2023-07-26 11:00:00,1774.75,1776.31,1773.09,1774.09
2023-07-26 12:00:00,1774.09,1774.09,1766.12,1766.12
2023-07-26 13:00:00,1766.12,1771.1,1765.3,1768.02
2023-07-26 14:00:00,1768.02,1769.12,1765.46,1767.25
2023-07-26 15:00:00,1767.25,1767.58,1760.41,1764.56
2023-07-26 16:00:00,1764.56,1768.63,1764.35,1765.16
2023-07-26 17:00:00,1765.16,1769.6,1761.35,1761.35
2023-07-26 18:00:00,1761.35,1766.96,1759.88,1761.77
2023-07-26 19:00:00,1761.77,1762.54,1753.37,1755.46
2023-07-26 20:00:00,1755.46,1760.91,1754.3,1758.46
2023-07-26 21:00:00,1758.46,1763.98,1755.98,1761.98
2023-07-26 22:00:00,1761.98,1763.54,1759.95,1759.95
2023-07-26 23:00:00,1759.95,1764.55,1759.95,1764.55
2023-07-27 00:00:00,1764.55,1766.44,1762.21,1765.86
2023-07-27 01:00:00,1765.86,1770.39,1764.94,1770.39
2023-07-27 02:00:00,1770.39,1780.32,1769.79,1780.32
2023-07-27 03:00:00,1780.32,1781.07,1776.76,1778.16
2023-07-27 04:00:00,1778.16,1780.8,1774.73,1776.32
2023-07-27 05:00:00,1776.32,1786.04,1776.32,1785.56
2023-07-27 06:00:00,1785.56,1785.56,1782.73,1782.73
2023-07-27 07:00:00,1782.73,1790.28,1782.31,1789.35
2023-07-27 08:00:00,1789.35,1801.28,1789.35,1800.0
2023-07-27 09:00:00,1800.0,1804.46,1800.0,1804.46
2023-07-27 10:00:00,1804.46,1813.27,1798.84,1811.85
2023-07-27 11:00:00,1811.85,1811.85,1804.17,1811.37
2023-07-27 12:00:00,1811.37,1817.54,1810.97,1813.62
2023-07-27 13:00:00,1813.62,1814.87,1805.64,1807.04
2023-07-27 14:00:00,1807.04,1814.14,1807.04,1814.14
2023-07-27 15:00:00,1814.14,1815.62,1804.72,1807.01
2023-07-27 16:00:00,1807.01,1811.94,1807.01,1811.17
2023-07-27 17:00:00,1811.17,1812.99,1806.76,1806.83
2023-07-27 18:00:00,1806.83,1812.11,1804.8,1812.11
2023-07-27 19:00:00,1812.11,1812.98,1809.42,1810.54
2023-07-27 20:00:00,1810.54,1814.43,1810.15,1813.54
2023-07-27 21:00:00,1813.54,1815.08,1811.49,1811.49
2023-07-27 22:00:00,1811.49,1818.59,1811.49,1815.84
2023-07-27 23:00:00,1815.84,1818.6,1812.37,1812.46
2023-07-28 00:00:00,1812.46,1812.88,1807.16,1807.16
2023-07-28 01:00:00,1807.16,1807.44,1799.73,1803.99
2023-07-28 02:00:00,1803.99,1807.85,1803.1,1803.84
2023-07-28 03:00:00,1803.84,1807.69,1799.01,1807.69
2023-07-28 04:00:00,1807.69,1813.19,1800.19,1813.19
2023-07-28 05:00:00,1813.19,1814.26,1810.16,1810.83
2023-07-28 06:00:00,1810.83,1813.62,1807.63,1813.62
2023-07-28 07:00:00,1813.62,1813.62,1806.26,1807.66
2023-07-28 08:00:00,1807.66,1808.0,1800.96,1800.96
2023-07-28 09:00:00,1800.96,1805.3,1799.67,1799.67
2023-07-28 10:00:00,1799.67,1799.67,1795.59,1795.59
2023-07-28 11:00:00,1795.59,1798.89,1793.52,1794.52
2023-07-28 12:00:00,1794.52,1800.84,1794.52,1800.63
2023-07-28 13:00:00,1800.63,1808.49,1800.63,1803.22
2023-07-28 14:00:00,1803.22,1803.22,1795.8,1797.56
2023-07-28 15:00:00,1797.56,1797.8,1794.16,1794.98
2023-07-28 16:00:00,1794.98,1814.01,1793.5,1813.69
2023-07-28 17:00:00,1813.69,1814.56,1811.08,1812.55
2023-07-28 18:00:00,1812.55,1822.54,1811.98,1820.97
2023-07-28 19:00:00,1820.97,1821.78,1815.56,1816.44
2023-07-28 20:00:00,1816.44,1825.64,1815.19,1825.25
2023-07-28 21:00:00,1825.25,1826.35,1823.82,1825.53
2023-07-28 22:00:00,1825.53,1831.56,1825.35,1828.87
2023-07-28 23:00:00,1828.87,1830.14,1825.37,1828.08
2023-07-31 00:00:00,1828.08,1828.08,1824.75,1825.95
2023-07-31 01:00:00,1825.95,1828.49,1823.89,1828.49
2023-07-31 02:00:00,1828.49,1834.12,1827.03,1834.12
2023-07-31 03:00:00,1834.12,1836.26,1832.81,1835.97
2023-07-31 04:00:00,1835.97,1835.97,1827.75,1827.75
2023-07-31 05:00:00,1827.75,1832.7,1827.04,1827.05
2023-07-31 06:00:00,1827.05,1831.19,1827.05,1830.01
2023-07-31 07:00:00,1830.01,1830.84,1825.45,1829.75
2023-07-31 08:00:00,1829.75,1832.52,1826.65,1827.87
2023-07-31 09:00:00,1827.87,1829.01,1825.72,1826.95
2023-07-31 10:00:00,1826.95,1832.82,1825.79,1832.82
2023-07-31 11:00:00,1832.82,1834.46,1828.19,1828.19
2023-07-31 12:00:00,1828.19,1828.28,1821.98,1825.96
2023-07-31 13:00:00,1825.96,1830.69,1823.69,1823.69
2023-07-31 14:00:00,1823.69,1823.69,1814.29,1814.29
2023-07-31 15:00:00,1814.29,1815.76,1811.68,1812.84
2023-07-31 16:00:00,1812.84,1817.56,1809.89,1809.89
2023-07-31 17:00:00,1809.89,1810.12,1803.97,1809.65
2023-07-31 18:00:00,1809.65,1811.17,1805.94,1806.83
2023-07-31 19:00:00,1806.83,1806.98,1802.8,1805.34
2023-07-31 20:00:00,1805.34,1810.73,1802.82,1802.82
2023-07-31 21:00:00,1802.82,1805.0,1801.63,1805.0
2023-07-31 22:00:00,1805.0,1805.09,1800.53,1801.53
2023-07-31 23:00:00,1801.53,1804.08,1795.88,1795.88
2023-08-01 00:00:00,1795.88,1800.6,1793.8,1799.71
2023-08-01 01:00:00,1799.71,1801.28,1796.23,1798.95
2023-08-01 02:00:00,1798.95,1800.79,1793.92,1793.92
2023-08-01 03:00:00,1793.92,1794.56,1788.86,1794.56
2023-08-01 04:00:00,1794.56,1807.66,1794.56,1807.66
2023-08-01 05:00:00,1807.66,1809.9,1806.87,1808.88
2023-08-01 06:00:00,1808.88,1809.89,1803.18,1804.3
2023-08-01 07:00:00,1804.3,1809.19,1802.72,1805.05
2023-08-01 08:00:00,1805.05,1806.37,1801.46,1804.63
2023-08-01 09:00:00,1804.63,1805.7,1802.13,1803.84
2023-08-01 10:00:00,1803.84,1805.77,1797.48,1798.85
2023-08-01 11:00:00,1798.85,1807.69,1795.65,1799.66
2023-08-01 12:00:00,1799.66,1799.66,1797.07,1798.34
2023-08-01 13:00:00,1798.34,1804.18,1797.03,1797.03
2023-08-01 14:00:00,1797.03,1798.02,1793.32,1793.62
2023-08-01 15:00:00,1793.62,1793.87,1788.43,1788.43
2023-08-01 16:00:00,1788.43,1788.85,1786.34,1787.47
2023-08-01 17:00:00,1787.47,1789.39,1785.99,1786.19
2023-08-01 18:00:00,1786.19,1786.19,1776.9,1776.9
2023-08-01 19:00:00,1776.9,1776.9,1773.33,1776.58
2023-08-01 20:00:00,1776.58,1776.78,1774.07,1776.78
2023-08-01 21:00:00,1776.78,1790.94,1776.49,1790.94
2023-08-01 22:00:00,1790.94,1793.27,1788.24,1792.81
2023-08-01 23:00:00,1792.81,1794.76,1789.43,1794.76
2023-08-02 00:00:00,1794.76,1803.78,1794.13,1803.78
2023-08-02 01:00:00,1803.78,1804.14,1802.14,1802.14
2023-08-02 02:00:00,1802.14,1810.03,1802.14,1809.52
2023-08-02 03:00:00,1809.52,1814.57,1806.67,1813.64
2023-08-02 04:00:00,1813.64,1818.92,1813.64,1816.13
2023-08-02 05:00:00,1816.13,1816.13,1811.1,1812.4
2023-08-02 06:00:00,1812.4,1812.4,1805.79,1807.54
2023-08-02 07:00:00,1807.54,1814.78,1802.23,1814.78
2023-08-02 08:00:00,1814.78,1818.19,1814.78,1816.61
2023-08-02 09:00:00,1816.61,1823.78,1816.61,1823.78
2023-08-02 10:00:00,1823.78,1823.78,1820.58,1820.81
2023-08-02 11:00:00,1820.81,1825.58,1819.98,1820.23
2023-08-02 12:00:00,1820.23,1822.83,1819.05,1822.83
2023-08-02 13:00:00,1822.83,1822.83,1820.15,1821.83
2023-08-02 14:00:00,1821.83,1821.83,1814.93,1817.77
2023-08-02 15:00:00,1817.77,1822.59,1816.58,1822.59
2023-08-02 16:00:00,1822.59,1832.06,1822.59,1832.06
2023-08-02 17:00:00,1832.06,1833.06,1826.88,1828.67
2023-08-02 18:00:00,1828.67,1832.95,1825.72,1825.72
2023-08-02 19:00:00,1825.72,1825.72,1818.78,1822.25
2023-08-02 20:00:00,1822.25,1824.95,1819.93,1821.48
2023-08-02 21:00:00,1821.48,1822.27,1815.21,1815.21
2023-08-02 22:00:00,1815.21,1820.48,1814.67,1815.63
2023-08-02 23:00:00,1815.63,1817.76,1813.55,1814.37
2023-08-03 00:00:00,1814.37,1819.08,1814.37,1818.86
2023-08-03 01:00:00,1818.86,1830.56,1818.86,1830.04
2023-08-03 02:00:00,1830.04,1833.1,1828.5,1833.1
2023-08-03 03:00:00,1833.1,1834.79,1829.55,1834.18
2023-08-03 04:00:00,1834.18,1839.52,1834.18,1839.4
2023-08-03 05:00:00,1839.4,1850.83,1839.4,1849.81
2023-08-03 06:00:00,1849.81,1849.81,1837.96,1837.96
2023-08-03 07:00:00,1837.96,1849.05,1837.96,1849.05
2023-08-03 08:00:00,1849.05,1850.44,1845.97,1848.52
2023-08-03 09:00:00,1848.52,1849.69,1842.85,1846.95
2023-08-03 10:00:00,1846.95,1849.61,1844.07,1845.72
2023-08-03 11:00:00,1845.72,1851.07,1844.12,1850.45
2023-08-03 12:00:00,1850.45,1853.34,1847.5,1852.4
2023-08-03 13:00:00,1852.4,1856.89,1850.78,1856.89
2023-08-03 14:00:00,1856.89,1866.74,1856.89,1862.3
2023-08-03 15:00:00,1862.3,1865.17,1862.24,1862.8
2023-08-03 16:00:00,1862.8,1862.86,1858.46,1858.46
2023-08-03 17:00:00,1858.46,1859.43,1849.54,1849.54
2023-08-03 18:00:00,1849.54,1853.28,1849.54,1850.07
2023-08-03 19:00:00,1850.07,1850.07,1841.13,1841.74
2023-08-03 20:00:00,1841.74,1847.33,1839.1,1847.33
2023-08-03 21:00:00,1847.33,1847.7,1840.31,1840.31
2023-08-03 22:00:00,1840.31,1846.98,1837.47,1846.98
2023-08-03 23:00:00,1846.98,1847.82,1841.14,1843.31
2023-08-04 00:00:00,1843.31,1846.37,1840.81,1846.37
2023-08-04 01:00:00,1846.37,1846.37,1839.92,1844.9
2023-08-04 02:00:00,1844.9,1851.53,1844.87,1851.53
2023-08-04 03:00:00,1851.53,1856.4,1850.76,1854.92
2023-08-04 04:00:00,1854.92,1859.39,1854.03,1857.53
2023-08-04 05:00:00,1857.53,1857.53,1849.0,1849.85
2023-08-04 06:00:00,1849.85,1854.49,1848.83,1853.37
2023-08-04 07:00:00,1853.37,1862.59,1852.13,1862.09
2023-08-04 08:00:00,1862.09,1868.33,1861.91,1866.69
2023-08-04 09:00:00,1866.69,1868.87,1861.49,1868.87
2023-08-04 10:00:00,1868.87,1868.87,1864.49,1865.09
2023-08-04 11:00:00,1865.09,1867.58,1862.05,1862.29
2023-08-04 12:00:00,1862.29,1876.04,1862.29,1876.04
2023-08-04 13:00:00,1876.04,1879.46,1873.02,1873.59
2023-08-04 14:00:00,1873.59,1879.64,1871.38,1879.64
2023-08-04 15:00:00,1879.64,1880.08,1869.87,1871.86
2023-08-04 16:00:00,1871.86,1875.43,1871.86,1875.43
2023-08-04 17:00:00,1875.43,1879.9,1875.36,1879.69
2023-08-04 18:00:00,1879.69,1880.09,1876.74,1879.68
2023-08-04 19:00:00,1879.68,1879.68,1872.02,1872.42
2023-08-04 20:00:00,1872.42,1878.65,1872.42,1874.99
2023-08-04 21:00:00,1874.99,1875.09,1869.77,1870.43
2023-08-04 22:00:00,1870.43,1872.63,1868.13,1872.63
2023-08-04 23:00:00,1872.63,1880.32,1871.16,1880.32
2023-08-07 00:00:00,1880.32,1881.8,1878.78,1881.8
2023-08-07 01:00:00,1881.8,1883.81,1880.36,1882.1
2023-08-07 02:00:00,1882.1,1888.11,1882.1,1883.34
2023-08-07 03:00:00,1883.34,1901.0,1883.34,1901.0
2023-08-07 04:00:00,1901.0,1902.05,1897.2,1897.81
2023-08-07 05:00:00,1897.81,1906.52,1894.65,1906.52
2023-08-07 06:00:00,1906.52,1908.11,1899.98,1899.98
2023-08-07 07:00:00,1899.98,1910.64,1899.98,1903.73
2023-08-07 08:00:00,1903.73,1904.41,1901.8,1904.01
2023-08-07 09:00:00,1904.01,1909.62,1902.51,1909.07
2023-08-07 10:00:00,1909.07,1912.49,1906.96,1912.49
2023-08-07 11:00:00,1912.49,1917.06,1911.67,1913.11
2023-08-07 12:00:00,1913.11,1926.62,1911.73,1926.36
2023-08-07 13:00:00,1926.36,1929.47,1925.74,1927.6
2023-08-07 14:00:00,1927.6,1939.67,1927.6,1935.31
2023-08-07 15:00:00,1935.31,1938.41,1933.0,1934.94
2023-08-07 16:00:00,1934.94,1944.67,1934.58,1943.71
2023-08-07 17:00:00,1943.71,1945.92,1940.4,1942.39
2023-08-07 18:00:00,1942.39,1946.56,1936.58,1937.97
2023-08-07 19:00:00,1937.97,1938.85,1932.43,1932.43
2023-08-07 20:00:00,1932.43,1933.71,1928.74,1929.75
2023-08-07 21:00:00,1929.75,1941.86,1929.37,1941.69
2023-08-07 22:00:00,1941.69,1944.41,1936.4,1944.41
2023-08-07 23:00:00,1944.41,1946.99,1942.26,1946.32
2023-08-08 00:00:00,1946.32,1948.28,1940.81,1944.63
2023-08-08 01:00:00,1944.63,1944.63,1939.75,1939.89
2023-08-08 02:00:00,1939.89,1939.89,1934.36,1938.93
2023-08-08 03:00:00,1938.93,1944.04,1938.66,1938.88
2023-08-08 04:00:00,1938.88,1939.11,1932.57,1933.68
2023-08-08 05:00:00,1933.68,1943.17,1933.68,1943.17
2023-08-08 06:00:00,1943.17,1946.04,1939.38,1946.04
2023-08-08 07:00:00,1946.04,1949.36,1945.63,1946.51
2023-08-08 08:00:00,1946.51,1948.93,1940.26,1942.61
2023-08-08 09:00:00,1942.61,1948.56,1941.48,1943.23
2023-08-08 10:00:00,1943.23,1949.99,1943.23,1947.53
2023-08-08 11:00:00,1947.53,1952.37,1947.31,1952.05
2023-08-08 12:00:00,1952.05,1953.7,1949.38,1952.9
2023-08-08 13:00:00,1952.9,1956.05,1948.32,1948.32
2023-08-08 14:00:00,1948.32,1950.92,1944.4,1950.48
2023-08-08 15:00:00,1950.48,1956.12,1950.48,1956.12
2023-08-08 16:00:00,1956.12,1956.12,1947.18,1950.39
2023-08-08 17:00:00,1950.39,1958.41,1949.46,1955.97
2023-08-08 18:00:00,1955.97,1958.98,1948.94,1948.94
2023-08-08 19:00:00,1948.94,1948.94,1943.55,1947.33
2023-08-08 20:00:00,1947.33,1948.55,1941.59,1941.71
2023-08-08 21:00:00,1941.71,1948.05,1940.97,1940.97
2023-08-08 22:00:00,1940.97,1945.08,1937.33,1941.86
2023-08-08 23:00:00,1941.86,1948.8,1941.86,1945.89
2023-08-09 00:00:00,1945.89,1948.63,1942.32,1944.38
2023-08-09 01:00:00,1944.38,1950.82,1944.38,1950.54
2023-08-09 02:00:00,1950.54,1952.4,1942.58,1942.58
2023-08-09 03:00:00,1942.58,1950.28,1940.53,1950.28
2023-08-09 04:00:00,1950.28,1956.77,1950.21,1956.77
2023-08-09 05:00:00,1956.77,1962.47,1951.02,1959.94
2023-08-09 06:00:00,1959.94,1975.8,1958.2,1975.8
2023-08-09 07:00:00,1975.8,1992.37,1975.8,1990.65
2023-08-09 08:00:00,1990.65,1991.03,1986.55,1987.13
2023-08-09 09:00:00,1987.13,1987.13,1981.68,1982.01
2023-08-09 10:00:00,1982.01,1988.36,1982.01,1986.61
2023-08-09 11:00:00,1986.61,1989.37,1979.9,1982.81
2023-08-09 12:00:00,1982.81,1989.72,1982.29,1989.72
2023-08-09 13:00:00,1989.72,1992.98,1985.46,1986.66
2023-08-09 14:00:00,1986.66,1987.82,1981.93,1987.82
2023-08-09 15:00:00,1987.82,1987.82,1982.25,1986.47
2023-08-09 16:00:00,1986.47,1987.08,1979.52,1979.52
2023-08-09 17:00:00,1979.52,1983.16,1978.82,1983.16
2023-08-09 18:00:00,1983.16,1983.16,1975.57,1975.57
2023-08-09 19:00:00,1975.57,1975.57,1970.08,1972.81
2023-08-09 20:00:00,1972.81,1973.38,1968.34,1971.5
2023-08-09 21:00:00,1971.5,1979.32,1971.5,1979.32
2023-08-09 22:00:00,1979.32,1982.36,1975.72,1982.36
2023-08-09 23:00:00,1982.36,1982.84,1980.66,1982.72
2023-08-10 00:00:00,1982.72,1982.72,1976.64,1977.96
2023-08-10 01:00:00,1977.96,1984.86,1977.96,1980.36
2023-08-10 02:00:00,1980.36,1982.62,1977.92,1979.16
2023-08-10 03:00:00,1979.16,1979.16,1963.34,1963.34
2023-08-10 04:00:00,1963.34,1972.45,1963.34,1970.15
2023-08-10 05:00:00,1970.15,1977.37,1970.15,1977.35
2023-08-10 06:00:00,1977.35,1981.89,1976.62,1979.72
2023-08-10 07:00:00,1979.72,1982.1,1976.94,1976.94
2023-08-10 08:00:00,1976.94,1978.89,1973.56,1973.85
2023-08-10 09:00:00,1973.85,1980.74,1970.59,1970.59
2023-08-10 10:00:00,1970.59,1977.01,1970.45,1977.01
2023-08-10 11:00:00,1977.01,1988.21,1975.52,1988.21
2023-08-10 12:00:00,1988.21,2003.96,1988.21,1996.23
2023-08-10 13:00:00,1996.23,2008.73,1994.23,2007.1
2023-08-10 14:00:00,2007.1,2011.57,2005.7,2009.71
2023-08-10 15:00:00,2009.71,2010.28,2007.66,2008.39
2023-08-10 16:00:00,2008.39,2013.34,2006.81,2012.74
2023-08-10 17:00:00,2012.74,2015.39,2011.09,2013.96
2023-08-10 18:00:00,2013.96,2018.14,2006.96,2016.51
2023-08-10 19:00:00,2016.51,2017.06,2013.55,2015.43
2023-08-10 20:00:00,2015.43,2024.29,2015.3,2020.78
2023-08-10 21:00:00,2020.78,2020.78,2016.36,2017.83
2023-08-10 22:00:00,2017.83,2021.61,2012.83,2020.33
2023-08-10 23:00:00,2020.33,2021.07,2014.75,2019.4
2023-08-11 00:00:00,2019.4,2021.53,2003.33,2003.33
2023-08-11 01:00:00,2003.33,2006.43,1999.07,1999.64
2023-08-11 02:00:00,1999.64,2005.42,1998.35,2003.08
2023-08-11 03:00:00,2003.08,2005.56,1998.28,2001.26
2023-08-11 04:00:00,2001.26,2005.66,2000.14,2003.11
2023-08-11 05:00:00,2003.11,2006.84,2000.62,2000.79
2023-08-11 06:00:00,2000.79,2001.67,1992.29,1994.45
2023-08-11 07:00:00,1994.45,2001.23,1991.91,2001.23
2023-08-11 08:00:00,2001.23,2001.23,1994.6,2000.34
2023-08-11 09:00:00,2000.34,2001.24,1995.87,1995.87
2023-08-11 10:00:00,1995.87,1995.87,1988.01,1988.01
2023-08-11 11:00:00,1988.01,1995.91,1988.01,1994.91
2023-08-11 12:00:00,1994.91,2001.04,1994.91,1996.11
2023-08-11 13:00:00,1996.11,1997.03,1991.82,1995.69
2023-08-11 14:00:00,1995.69,1996.98,1990.84,1996.07
2023-08-11 15:00:00,1996.07,1998.39,1989.98,1989.98
2023-08-11 16:00:00,1989.98,1990.19,1982.55,1985.41
2023-08-11 17:00:00,1985.41,1988.09,1984.71,1986.37
2023-08-11 18:00:00,1986.37,1987.42,1980.16,1980.8
2023-08-11 19:00:00,1980.8,1984.02,1975.94,1976.74
2023-08-11 20:00:00,1976.74,1980.03,1966.49,1966.78
2023-08-11 21:00:00,1966.78,1969.16,1965.15,1965.73
2023-08-11 22:00:00,1965.73,1971.11,1964.03,1970.51
2023-08-11 23:00:00,1970.51,1976.36,1970.12,1973.94
2023-08-14 00:00:00,1973.94,1979.73,1970.29,1978.19
2023-08-14 01:00:00,1978.19,1978.32,1975.12,1977.59
2023-08-14 02:00:00,1977.59,1981.52,1976.35,1980.38
2023-08-14 03:00:00,1980.38,1983.84,1975.72,1979.45
2023-08-14 04:00:00,1979.45,1983.78,1978.79,1979.35
2023-08-14 05:00:00,1979.35,1989.86,1978.24,1988.59
2023-08-14 06:00:00,1988.59,1988.59,1983.43,1985.76
2023-08-14 07:00:00,1985.76,1989.39,1983.9,1984.14
2023-08-14 08:00:00,1984.14,1987.97,1984.14,1987.97
2023-08-14 09:00:00,1987.97,1992.33,1987.56,1987.56
2023-08-14 10:00:00,1987.56,1988.47,1985.5,1986.33
2023-08-14 11:00:00,1986.33,1988.65,1977.99,1977.99
2023-08-14 12:00:00,1977.99,1982.18,1977.99,1979.71
2023-08-14 13:00:00,1979.71,1979.71,1974.14,1979.31
2023-08-14 14:00:00,1979.31,1982.01,1976.88,1980.89
2023-08-14 15:00:00,1980.89,1988.29,1977.17,1988.29
2023-08-14 16:00:00,1988.29,1989.39,1981.03,1981.03
2023-08-14 17:00:00,1981.03,1982.88,1978.21,1978.21
2023-08-14 18:00:00,1978.21,1978.76,1972.96,1975.29
2023-08-14 19:00:00,1975.29,1977.94,1973.31,1975.37
2023-08-14 20:00:00,1975.37,1979.39,1974.28,1975.86
2023-08-14 21:00:00,1975.86,1979.46,1969.21,1976.26
2023-08-14 22:00:00,1976.26,1977.5,1971.74,1971.74
2023-08-14 23:00:00,1971.74,1979.03,1971.74,1974.33
2023-08-15 00:00:00,1974.33,1975.82,1970.75,1975.09
2023-08-15 01:00:00,1975.09,1976.65,1973.16,1976.48
2023-08-15 02:00:00,1976.48,1992.28,1976.48,1988.81
2023-08-15 03:00:00,1988.81,1993.46,1987.22,1987.22
2023-08-15 04:00:00,1987.22,1987.68,1982.46,1982.46
2023-08-15 05:00:00,1982.46,1991.15,1982.46,1989.11
2023-08-15 06:00:00,1989.11,1992.24,1986.79,1991.99
2023-08-15 07:00:00,1991.99,2001.22,1991.99,2000.4
2023-08-15 08:00:00,2000.4,2008.52,2000.4,2005.3
2023-08-15 09:00:00,2005.3,2009.93,2004.72,2005.35
2023-08-15 10:00:00,2005.35,2005.86,2002.35,2004.01
2023-08-15 11:00:00,2004.01,2005.72,1987.4,1988.62
2023-08-15 12:00:00,1988.62,1988.62,1983.0,1983.0
2023-08-15 13:00:00,1983.0,1984.26,1981.22,1982.44
2023-08-15 14:00:00,1982.44,1984.09,1969.62,1969.62
2023-08-15 15:00:00,1969.62,1981.02,1969.59,1980.74
2023-08-15 16:00:00,1980.74,1985.21,1979.15,1983.54
2023-08-15 17:00:00,1983.54,1986.63,1973.8,1973.8
2023-08-15 18:00:00,1973.8,1981.3,1973.8,1979.13
2023-08-15 19:00:00,1979.13,1981.53,1976.74,1978.81
2023-08-15 20:00:00,1978.81,1981.95,1978.25,1980.03
2023-08-15 21:00:00,1980.03,1990.21,1980.03,1989.87
2023-08-15 22:00:00,1989.87,1990.64,1987.59,1990.5
2023-08-15 23:00:00,1990.5,1990.5,1983.14,1983.14
2023-08-16 00:00:00,1983.14,1984.72,1973.15,1973.61
2023-08-16 01:00:00,1973.61,1973.76,1961.15,1962.28
2023-08-16 02:00:00,1962.28,1962.28,1950.86,1952.19
2023-08-16 03:00:00,1952.19,1954.48,1951.28,1952.66
2023-08-16 04:00:00,1952.66,1954.42,1949.29,1949.29
2023-08-16 05:00:00,1949.29,1949.54,1942.5,1944.39
2023-08-16 06:00:00,1944.39,1946.55,1943.31,1946.26
2023-08-16 07:00:00,1946.26,1949.02,1940.35,1943.75
2023-08-16 08:00:00,1943.75,1946.99,1941.41,1943.9
2023-08-16 09:00:00,1943.9,1943.9,1941.12,1943.2
2023-08-16 10:00:00,1943.2,1943.2,1933.58,1933.58
2023-08-16 11:00:00,1933.58,1933.58,1929.27,1930.02
2023-08-16 12:00:00,1930.02,1933.01,1928.68,1933.01
2023-08-16 13:00:00,1933.01,1937.39,1931.76,1937.24
2023-08-16 14:00:00,1937.24,1945.46,1936.94,1939.53
2023-08-16 15:00:00,1939.53,1947.36,1939.53,1946.36
2023-08-16 16:00:00,1946.36,1947.34,1941.2,1941.2
2023-08-16 17:00:00,1941.2,1948.1,1932.93,1934.65
2023-08-16 18:00:00,1934.65,1934.65,1926.52,1928.21
2023-08-16 19:00:00,1928.21,1928.21,1922.01,1922.01
2023-08-16 20:00:00,1922.01,1925.57,1918.21,1925.57
2023-08-16 21:00:00,1925.57,1933.84,1925.47,1933.84
2023-08-16 22:00:00,1933.84,1938.11,1932.57,1934.68
2023-08-16 23:00:00,1934.68,1935.64,1929.82,1929.82
2023-08-17 00:00:00,1929.82,1932.94,1928.02,1928.02
2023-08-17 01:00:00,1928.02,1930.88,1926.22,1930.65
2023-08-17 02:00:00,1930.65,1930.65,1925.96,1927.0
2023-08-17 03:00:00,1927.0,1927.0,1920.26,1920.53
2023-08-17 04:00:00,1920.53,1920.53,1915.18,1919.01
2023-08-17 05:00:00,1919.01,1923.73,1918.81,1923.73
2023-08-17 06:00:00,1923.73,1924.36,1919.74,1921.7
2023-08-17 07:00:00,1921.7,1923.96,1921.7,1922.8
2023-08-17 08:00:00,1922.8,1925.1,1922.43,1922.43
2023-08-17 09:00:00,1922.43,1931.1,1922.12,1931.1
2023-08-17 10:00:00,1931.1,1933.64,1927.77,1927.77
2023-08-17 11:00:00,1927.77,1927.77,1915.62,1917.83
2023-08-17 12:00:00,1917.83,1921.99,1910.99,1914.23
2023-08-17 13:00:00,1914.23,1914.23,1908.75,1913.78
2023-08-17 14:00:00,1913.78,1916.02,1911.49,1913.63
2023-08-17 15:00:00,1913.63,1918.19,1912.16,1916.58
2023-08-17 16:00:00,1916.58,1919.21,1910.09,1910.09
2023-08-17 17:00:00,1910.09,1910.18,1898.81,1901.66
2023-08-17 18:00:00,1901.66,1906.37,1900.45,1900.72
2023-08-17 19:00:00,1900.72,1900.72,1895.37,1897.26
2023-08-17 20:00:00,1897.26,1898.67,1867.54,1876.01
2023-08-17 21:00:00,1876.01,1880.74,1873.19,1875.42
2023-08-17 22:00:00,1875.42,1877.16,1867.86,1870.88
2023-08-17 23:00:00,1870.88,1876.75,1870.88,1873.21
2023-08-18 00:00:00,1873.21,1874.13,1871.84,1873.43
2023-08-18 01:00:00,1873.43,1878.97,1873.27,1873.27
2023-08-18 02:00:00,1873.27,1874.2,1865.02,1866.03
2023-08-18 03:00:00,1866.03,1873.26,1866.03,1871.47
2023-08-18 04:00:00,1871.47,1879.71,1869.3,1875.5
2023-08-18 05:00:00,1875.5,1875.51,1870.48,1871.87
2023-08-18 06:00:00,1871.87,1872.58,1867.36,1867.87
2023-08-18 07:00:00,1867.87,1869.18,1865.11,1865.11
2023-08-18 08:00:00,1865.11,1867.99,1861.32,1861.32
2023-08-18 09:00:00,1861.32,1861.32,1853.24,1855.21
2023-08-18 10:00:00,1855.21,1859.94,1855.21,1856.52
2023-08-18 11:00:00,1856.52,1858.34,1838.73,1841.0
2023-08-18 12:00:00,1841.0,1846.34,1838.42,1842.62
2023-08-18 13:00:00,1842.62,1843.91,1828.9,1828.9
2023-08-18 14:00:00,1828.9,1834.33,1828.37,1834.33
2023-08-18 15:00:00,1834.33,1834.33,1822.51,1822.51
2023-08-18 16:00:00,1822.51,1831.92,1822.51,1828.94
2023-08-18 17:00:00,1828.94,1828.94,1825.9,1826.34
2023-08-18 18:00:00,1826.34,1828.51,1824.84,1828.51
2023-08-18 19:00:00,1828.51,1835.56,1828.51,1835.56
2023-08-18 20:00:00,1835.56,1840.74,1835.56,1839.35
2023-08-18 21:00:00,1839.35,1841.03,1838.91,1839.62
2023-08-18 22:00:00,1839.62,1839.62,1835.79,1839.43
2023-08-18 23:00:00,1839.43,1839.43,1830.94,1830.94
2023-08-21 00:00:00,1830.94,1845.7,1830.94,1845.7
2023-08-21 01:00:00,1845.7,1848.14,1843.78,1845.69
2023-08-21 02:00:00,1845.69,1853.77,1845.69,1849.97
2023-08-21 03:00:00,1849.97,1860.19,1849.97,1857.76
2023-08-21 04:00:00,1857.76,1864.27,1857.76,1864.27
2023-08-21 05:00:00,1864.27,1864.27,1858.51,1859.64
2023-08-21 06:00:00,1859.64,1859.64,1846.77,1849.65
2023-08-21 07:00:00,1849.65,1852.46,1849.06,1850.59
2023-08-21 08:00:00,1850.59,1855.46,1849.53,1855.46
2023-08-21 09:00:00,1855.46,1858.85,1853.91,1853.91
2023-08-21 10:00:00,1853.91,1856.16,1847.57,1847.57
2023-08-21 11:00:00,1847.57,1853.88,1847.57,1853.88
2023-08-21 12:00:00,1853.88,1855.92,1850.7,1851.07
2023-08-21 13:00:00,1851.07,1859.11,1851.07,1855.4
2023-08-21 14:00:00,1855.4,1862.61,1855.4,1857.98
2023-08-21 15:00:00,1857.98,1860.56,1855.03,1858.24
2023-08-21 16:00:00,1858.24,1862.03,1856.71,1856.71
2023-08-21 17:00:00,1856.71,1861.01,1854.66,1858.07
2023-08-21 18:00:00,1858.07,1867.05,1858.07,1866.29
2023-08-21 19:00:00,1866.29,1866.29,1856.39,1861.4
2023-08-21 20:00:00,1861.4,1865.21,1860.2,1860.2
2023-08-21 21:00:00,1860.2,1862.07,1849.69,1849.69
2023-08-21 22:00:00,1849.69,1850.84,1841.9,1841.9
2023-08-21 23:00:00,1841.9,1841.9,1836.26,1839.7
2023-08-22 00:00:00,1839.7,1852.06,1839.7,1850.79
2023-08-22 01:00:00,1850.79,1859.09,1850.79,1852.52
2023-08-22 02:00:00,1852.52,1856.9,1849.65,1856.71
2023-08-22 03:00:00,1856.71,1859.35,1853.53,1854.17
2023-08-22 04:00:00,1854.17,1865.42,1854.17,1864.91
2023-08-22 05:00:00,1864.91,1868.37,1863.1,1865.35
2023-08-22 06:00:00,1865.35,1874.62,1863.44,1874.62
2023-08-22 07:00:00,1874.62,1878.9,1872.62,1874.9
2023-08-22 08:00:00,1874.9,1880.46,1874.35,1879.15
2023-08-22 09:00:00,1879.15,1882.15,1876.43,1880.85
2023-08-22 10:00:00,1880.85,1885.61,1878.44,1885.61
2023-08-22 11:00:00,1885.61,1890.19,1885.33,1889.92
2023-08-22 12:00:00,1889.92,1898.92,1889.47,1898.31
2023-08-22 13:00:00,1898.31,1904.13,1898.09,1901.79
2023-08-22 14:00:00,1901.79,1904.02,1898.63,1900.45
2023-08-22 15:00:00,1900.45,1908.73,1900.45,1906.25
2023-08-22 16:00:00,1906.25,1913.78,1904.59,1913.48
2023-08-22 17:00:00,1913.48,1918.15,1910.91,1910.91
2023-08-22 18:00:00,1910.91,1914.41,1910.91,1914.41
2023-08-22 19:00:00,1914.41,1922.78,1913.8,1921.01
2023-08-22 20:00:00,1921.01,1921.62,1913.08,1913.08
2023-08-22 21:00:00,1913.08,1913.08,1905.87,1908.27
2023-08-22 22:00:00,1908.27,1908.94,1904.85,1908.94
2023-08-22 23:00:00,1908.94,1908.94,1895.0,1895.0
2023-08-23 00:00:00,1895.0,1899.55,1895.0,1898.74
2023-08-23 01:00:00,1898.74,1898.74,1893.08,1897.8
2023-08-23 02:00:00,1897.8,1916.1,1895.48,1905.66
2023-08-23 03:00:00,1905.66,1908.97,1905.09,1905.73
2023-08-23 04:00:00,1905.73,1906.49,1899.71,1902.49
2023-08-23 05:00:00,1902.49,1906.57,1902.49,1904.55
2023-08-23 06:00:00,1904.55,1904.55,1895.04,1896.23
2023-08-23 07:00:00,1896.23,1896.23,1891.16,1893.01
2023-08-23 08:00:00,1893.01,1893.01,1883.97,1883.97
2023-08-23 09:00:00,1883.97,1886.94,1878.81,1878.81
2023-08-23 10:00:00,1878.81,1883.08,1876.76,1880.73
2023-08-23 11:00:00,1880.73,1890.46,1880.73,1885.03
2023-08-23 12:00:00,1885.03,1889.79,1880.27,1889.51
2023-08-23 13:00:00,1889.51,1895.14,1889.07,1894.71
2023-08-23 14:00:00,1894.71,1899.5,1892.81,1899.23
2023-08-23 15:00:00,1899.23,1903.36,1898.61,1902.48
2023-08-23 16:00:00,1902.48,1904.28,1899.94,1900.5
2023-08-23 17:00:00,1900.5,1904.21,1899.7,1902.99
2023-08-23 18:00:00,1902.99,1905.92,1898.8,1905.92
2023-08-23 19:00:00,1905.92,1912.55,1905.92,1912.1
2023-08-23 20:00:00,1912.1,1918.26,1912.1,1916.8
2023-08-23 21:00:00,1916.8,1921.84,1916.8,1921.84
2023-08-23 22:00:00,1921.84,1921.84,1917.21,1919.27
2023-08-23 23:00:00,1919.27,1920.76,1913.89,1920.76
2023-08-24 00:00:00,1920.76,1929.26,1920.76,1929.26
2023-08-24 01:00:00,1929.26,1929.4,1925.62,1925.62
2023-08-24 02:00:00,1925.62,1930.56,1923.56,1923.85
2023-08-24 03:00:00,1923.85,1926.93,1921.03,1926.93
2023-08-24 04:00:00,1926.93,1934.7,1926.93,1933.47
2023-08-24 05:00:00,1933.47,1934.42,1930.33,1934.42
2023-08-24 06:00:00,1934.42,1939.41,1934.42,1934.94
2023-08-24 07:00:00,1934.94,1936.57,1934.12,1935.03
2023-08-24 08:00:00,1935.03,1935.32,1932.18,1935.24
2023-08-24 09:00:00,1935.24,1935.24,1924.08,1926.89
2023-08-24 10:00:00,1926.89,1931.07,1926.89,1929.08
2023-08-24 11:00:00,1929.08,1933.82,1927.53,1927.53
2023-08-24 12:00:00,1927.53,1928.43,1924.49,1925.12
2023-08-24 13:00:00,1925.12,1925.72,1922.58,1922.81
2023-08-24 14:00:00,1922.81,1925.34,1917.79,1918.54
2023-08-24 15:00:00,1918.54,1927.48,1918.54,1927.48
2023-08-24 16:00:00,1927.48,1930.1,1921.26,1925.88
2023-08-24 17:00:00,1925.88,1926.88,1917.83,1926.88
2023-08-24 18:00:00,1926.88,1934.29,1926.16,1934.29
2023-08-24 19:00:00,1934.29,1941.95,1932.6,1941.07
2023-08-24 20:00:00,1941.07,1941.07,1933.0,1938.76
2023-08-24 21:00:00,1938.76,1951.06,1938.48,1949.78
2023-08-24 22:00:00,1949.78,1951.45,1944.24,1948.68
2023-08-24 23:00:00,1948.68,1949.55,1936.51,1938.28
2023-08-25 00:00:00,1938.28,1941.41,1938.28,1939.39
2023-08-25 01:00:00,1939.39,1939.39,1932.05,1939.05
2023-08-25 02:00:00,1939.05,1942.56,1936.21,1936.54
2023-08-25 03:00:00,1936.54,1937.51,1926.54,1935.03
2023-08-25 04:00:00,1935.03,1946.33,1932.07,1941.51
2023-08-25 05:00:00,1941.51,1941.51,1933.72,1935.39
2023-08-25 06:00:00,1935.39,1939.79,1935.39,1938.26
2023-08-25 07:00:00,1938.26,1938.6,1936.19,1937.11
2023-08-25 08:00:00,1937.11,1939.79,1934.83,1939.79
2023-08-25 09:00:00,1939.79,1941.84,1932.58,1932.59
2023-08-25 10:00:00,1932.59,1937.97,1932.59,1937.5
2023-08-25 11:00:00,1937.5,1944.01,1929.66,1942.72
2023-08-25 12:00:00,1942.72,1943.4,1939.53,1939.55
2023-08-25 13:00:00,1939.55,1946.38,1934.97,1935.9
2023-08-25 14:00:00,1935.9,1938.13,1932.43,1932.43
2023-08-25 15:00:00,1932.43,1944.31,1931.44,1943.42
2023-08-25 16:00:00,1943.42,1954.84,1942.69,1954.84
2023-08-25 17:00:00,1954.84,1957.15,1951.5,1952.63
2023-08-25 18:00:00,1952.63,1952.63,1942.27,1943.54
2023-08-25 19:00:00,1943.54,1946.65,1938.86,1946.38
2023-08-25 20:00:00,1946.38,1946.85,1941.08,1941.98
2023-08-25 21:00:00,1941.98,1941.98,1933.95,1938.55
2023-08-25 22:00:00,1938.55,1944.18,1937.53,1943.44
2023-08-25 23:00:00,1943.44,1943.91,1941.59,1941.59
2023-08-28 00:00:00,1941.59,1943.95,1938.78,1938.78
2023-08-28 01:00:00,1938.78,1943.06,1937.74,1941.47
2023-08-28 02:00:00,1941.47,1943.11,1935.05,1936.62
2023-08-28 03:00:00,1936.62,1942.41,1935.62,1941.79
2023-08-28 04:00:00,1941.79,1943.54,1939.96,1942.61
2023-08-28 05:00:00,1942.61,1944.71,1942.61,1943.47
2023-08-28 06:00:00,1943.47,1948.25,1943.47,1948.25
2023-08-28 07:00:00,1948.25,1951.33,1947.37,1947.86
2023-08-28 08:00:00,1947.86,1947.86,1942.35,1943.57
2023-08-28 09:00:00,1943.57,1943.9,1940.69,1943.17
2023-08-28 10:00:00,1943.17,1953.39,1942.18,1952.38
2023-08-28 11:00:00,1952.38,1955.54,1947.89,1951.83
2023-08-28 12:00:00,1951.83,1964.74,1951.83,1964.06
2023-08-28 13:00:00,1964.06,1973.98,1963.21,1973.98
2023-08-28 14:00:00,1973.98,1975.63,1970.58,1971.37
2023-08-28 15:00:00,1971.37,1983.55,1970.89,1983.55
2023-08-28 16:00:00,1983.55,1991.15,1982.64,1990.42
2023-08-28 17:00:00,1990.42,1990.42,1980.44,1983.68
2023-08-28 18:00:00,1983.68,1986.52,1977.45,1977.45
2023-08-28 19:00:00,1977.45,1982.25,1977.14,1982.01
2023-08-28 20:00:00,1982.01,1982.29,1976.81,1979.9
2023-08-28 21:00:00,1979.9,1982.48,1979.2,1980.87
2023-08-28 22:00:00,1980.87,1987.54,1980.76,1982.99
2023-08-28 23:00:00,1982.99,1987.0,1982.39,1983.93
2023-08-29 00:00:00,1983.93,1988.38,1983.93,1987.75
2023-08-29 01:00:00,1987.75,1997.36,1987.19,1996.64
2023-08-29 02:00:00,1996.64,1996.64,1989.18,1989.18
2023-08-29 03:00:00,1989.18,1991.86,1985.68,1991.86
2023-08-29 04:00:00,1991.86,1995.72,1991.86,1993.88
2023-08-29 05:00:00,1993.88,1997.54,1993.88,1995.37
2023-08-29 06:00:00,1995.37,1995.76,1991.55,1991.55
2023-08-29 07:00:00,1991.55,1994.69,1984.4,1993.22
2023-08-29 08:00:00,1993.22,1994.89,1991.16,1994.44
2023-08-29 09:00:00,1994.44,2000.25,1991.63,1995.73
2023-08-29 10:00:00,1995.73,1999.91,1994.19,1999.91
2023-08-29 11:00:00,1999.91,2001.28,1990.82,1990.82
2023-08-29 12:00:00,1990.82,1994.78,1990.6,1993.27
2023-08-29 13:00:00,1993.27,2000.49,1991.82,2000.49
2023-08-29 14:00:00,2000.49,2004.65,1996.45,1999.5
2023-08-29 15:00:00,1999.5,2011.12,1999.34,2011.04
2023-08-29 16:00:00,2011.04,2011.14,2004.83,2009.19
2023-08-29 17:00:00,2009.19,2011.2,2008.92,2011.02
2023-08-29 18:00:00,2011.02,2013.23,2008.63,2008.63
2023-08-29 19:00:00,2008.63,2015.98,2008.63,2014.7
2023-08-29 20:00:00,2014.7,2020.18,2009.48,2020.18
2023-08-29 21:00:00,2020.18,2024.09,2019.67,2023.07
2023-08-29 22:00:00,2023.07,2035.3,2021.43,2032.61
2023-08-29 23:00:00,2032.61,2032.61,2021.25,2025.13
2023-08-30 00:00:00,2025.13,2029.44,2024.64,2029.23
2023-08-30 01:00:00,2029.23,2037.68,2029.23,2034.12
2023-08-30 02:00:00,2034.12,2036.79,2030.74,2035.84
2023-08-30 03:00:00,2035.84,2039.78,2035.84,2038.06
2023-08-30 04:00:00,2038.06,2039.93,2034.89,2036.66
2023-08-30 05:00:00,2036.66,2038.61,2033.7,2037.24
2023-08-30 06:00:00,2037.24,2043.5,2036.46,2043.26
2023-08-30 07:00:00,2043.26,2044.55,2037.57,2037.57
2023-08-30 08:00:00,2037.57,2039.2,2031.18,2031.18
2023-08-30 09:00:00,2031.18,2032.01,2022.35,2022.35
2023-08-30 10:00:00,2022.35,2025.61,2021.16,2022.92
2023-08-30 11:00:00,2022.92,2025.51,2018.14,2018.14
2023-08-30 12:00:00,2018.14,2022.88,2017.38,2021.61
2023-08-30 13:00:00,2021.61,2026.47,2018.59,2026.47
2023-08-30 14:00:00,2026.47,2026.47,2019.37,2022.99
2023-08-30 15:00:00,2022.99,2024.31,2019.72,2022.41
2023-08-30 16:00:00,2022.41,2025.98,2020.43,2025.26
2023-08-30 17:00:00,2025.26,2031.82,2024.83,2031.82
2023-08-30 18:00:00,2031.82,2039.53,2031.82,2036.76
2023-08-30 19:00:00,2036.76,2039.27,2034.46,2034.46
2023-08-30 20:00:00,2034.46,2034.61,2028.55,2032.75
2023-08-30 21:00:00,2032.75,2033.46,2030.46,2030.46
2023-08-30 22:00:00,2030.46,2035.96,2026.14,2026.14
2023-08-30 23:00:00,2026.14,2026.14,2018.22,2024.41
2023-08-31 00:00:00,2024.41,2025.9,2020.22,2020.22
2023-08-31 01:00:00,2020.22,2020.22,2015.69,2018.19
2023-08-31 02:00:00,2018.19,2023.96,2016.92,2016.92
2023-08-31 03:00:00,2016.92,2017.8,2004.36,2014.36
2023-08-31 04:00:00,2014.36,2018.66,2011.3,2011.3
2023-08-31 05:00:00,2011.3,2013.0,2010.26,2011.61
2023-08-31 06:00:00,2011.61,2013.72,2006.58,2007.21
2023-08-31 07:00:00,2007.21,2007.69,2001.04,2007.69
2023-08-31 08:00:00,2007.69,2017.78,2007.23,2013.83
2023-08-31 09:00:00,2013.83,2013.99,2009.09,2012.57
2023-08-31 10:00:00,2012.57,2018.57,2012.57,2016.1
2023-08-31 11:00:00,2016.1,2016.11,2009.6,2013.01
2023-08-31 12:00:00,2013.01,2015.39,2009.44,2012.29
2023-08-31 13:00:00,2012.29,2018.73,2011.63,2012.35
2023-08-31 14:00:00,2012.35,2019.75,2012.3,2019.67
2023-08-31 15:00:00,2019.67,2032.0,2019.67,2026.6
2023-08-31 16:00:00,2026.6,2037.82,2026.18,2037.82
2023-08-31 17:00:00,2037.82,2042.19,2035.15,2042.08
2023-08-31 18:00:00,2042.08,2042.32,2039.46,2041.55
2023-08-31 19:00:00,2041.55,2048.83,2041.55,2048.83
2023-08-31 20:00:00,2048.83,2055.54,2048.83,2055.14
2023-08-31 21:00:00,2055.14,2055.14,2028.9,2030.42
2023-08-31 22:00:00,2030.42,2030.42,2022.66,2025.47
2023-08-31 23:00:00,2025.47,2041.99,2024.01,2041.99
2023-09-01 00:00:00,2041.99,2044.52,2033.03,2033.08
2023-09-01 01:00:00,2033.08,2045.19,2033.08,2041.89
2023-09-01 02:00:00,2041.89,2047.64,2041.89,2044.55
2023-09-01 03:00:00,2044.55,2048.23,2042.49,2042.49
2023-09-01 04:00:00,2042.49,2047.86,2038.49,2046.5
2023-09-01 05:00:00,2046.5,2051.73,2043.72,2051.73
2023-09-01 06:00:00,2051.73,2058.24,2051.73,2052.1
2023-09-01 07:00:00,2052.1,2053.92,2049.59,2050.1
2023-09-01 08:00:00,2050.1,2052.43,2047.47,2048.16
2023-09-01 09:00:00,2048.16,2049.73,2046.26,2048.37
2023-09-01 10:00:00,2048.37,2048.37,2037.81,2037.81
2023-09-01 11:00:00,2037.81,2040.18,2036.47,2036.47
2023-09-01 12:00:00,2036.47,2042.7,2036.47,2038.81
2023-09-01 13:00:00,2038.81,2044.48,2035.34,2036.51
2023-09-01 14:00:00,2036.51,2039.51,2034.55,2034.55
2023-09-01 15:00:00,2034.55,2036.48,2033.14,2036.48
2023-09-01 16:00:00,2036.48,2047.98,2036.48,2041.29
2023-09-01 17:00:00,2041.29,2050.06,2039.42,2050.06
2023-09-01 18:00:00,2050.06,2050.92,2043.55,2046.83
2023-09-01 19:00:00,2046.83,2055.86,2046.54,2054.53
2023-09-01 20:00:00,2054.53,2056.83,2053.0,2056.21
2023-09-01 21:00:00,2056.21,2060.04,2051.12,2059.89
2023-09-01 22:00:00,2059.89,2060.11,2057.77,2058.97
2023-09-01 23:00:00,2058.97,2059.91,2055.28,2055.85
2023-09-04 00:00:00,2055.85,2061.76,2055.85,2061.76
2023-09-04 01:00:00,2061.76,2063.25,2056.63,2056.63
2023-09-04 02:00:00,2056.63,2056.63,2049.48,2055.7
2023-09-04 03:00:00,2055.7,2055.7,2046.55,2047.07
2023-09-04 04:00:00,2047.07,2048.25,2037.46,2037.46
2023-09-04 05:00:00,2037.46,2041.26,2036.74,2036.99
2023-09-04 06:00:00,2036.99,2044.01,2036.96,2038.32
2023-09-04 07:00:00,2038.32,2039.93,2036.4,2039.93
2023-09-04 08:00:00,2039.93,2048.16,2038.25,2045.95
2023-09-04 09:00:00,2045.95,2053.17,2045.65,2053.17
2023-09-04 10:00:00,2053.17,2059.41,2051.49,2051.49
2023-09-04 11:00:00,2051.49,2056.42,2051.49,2053.81
2023-09-04 12:00:00,2053.81,2056.4,2052.58,2052.92
2023-09-04 13:00:00,2052.92,2060.3,2052.92,2057.46
2023-09-04 14:00:00,2057.46,2061.89,2057.46,2061.6
2023-09-04 15:00:00,2061.6,2063.52,2052.76,2052.76
2023-09-04 16:00:00,2052.76,2057.19,2050.46,2051.71
2023-09-04 17:00:00,2051.71,2052.24,2046.19,2046.19
2023-09-04 18:00:00,2046.19,2052.15,2046.19,2047.47
2023-09-04 19:00:00,2047.47,2059.48,2046.29,2057.26
2023-09-04 20:00:00,2057.26,2064.45,2057.26,2064.45
2023-09-04 21:00:00,2064.45,2070.85,2061.43,2069.72
2023-09-04 22:00:00,2069.72,2071.8,2063.88,2071.8
2023-09-04 23:00:00,2071.8,2079.19,2071.8,2079.19
2023-09-05 00:00:00,2079.19,2083.95,2078.74,2079.91
2023-09-05 01:00:00,2079.91,2083.86,2073.84,2077.38
2023-09-05 02:00:00,2077.38,2078.35,2074.78,2074.78
2023-09-05 03:00:00,2074.78,2079.34,2072.93,2077.89
2023-09-05 04:00:00,2077.89,2078.51,2070.57,2070.57
2023-09-05 05:00:00,2070.57,2074.49,2068.08,2068.08
2023-09-05 06:00:00,2068.08,2074.7,2063.46,2066.71
2023-09-05 07:00:00,2066.71,2066.85,2056.19,2056.19
2023-09-05 08:00:00,2056.19,2056.98,2051.38,2056.98
2023-09-05 09:00:00,2056.98,2063.51,2056.98,2057.25
2023-09-05 10:00:00,2057.25,2060.7,2052.01,2060.7
2023-09-05 11:00:00,2060.7,2062.55,2056.81,2056.81
2023-09-05 12:00:00,2056.81,2072.07,2056.24,2072.07
2023-09-05 13:00:00,2072.07,2072.16,2064.02,2065.09
2023-09-05 14:00:00,2065.09,2070.68,2065.09,2070.55
2023-09-05 15:00:00,2070.55,2072.15,2067.66,2068.82
2023-09-05 16:00:00,2068.82,2072.86,2063.24,2063.24
2023-09-05 17:00:00,2063.24,2063.24,2054.47,2055.82
2023-09-05 18:00:00,2055.82,2055.83,2045.57,2047.39
2023-09-05 19:00:00,2047.39,2051.26,2040.51,2050.19
2023-09-05 20:00:00,2050.19,2050.19,2041.15,2045.6
2023-09-05 21:00:00,2045.6,2050.43,2039.94,2041.98
2023-09-05 22:00:00,2041.98,2050.66,2041.98,2045.12
2023-09-05 23:00:00,2045.12,2045.12,2036.53,2036.53
2023-09-06 00:00:00,2036.53,2042.13,2033.92,2033.92
2023-09-06 01:00:00,2033.92,2033.92,2027.37,2032.23
2023-09-06 02:00:00,2032.23,2032.23,2026.84,2026.84
2023-09-06 03:00:00,2026.84,2035.66,2026.84,2033.31
2023-09-06 04:00:00,2033.31,2043.02,2033.31,2040.51
2023-09-06 05:00:00,2040.51,2042.42,2039.39,2041.27
2023-09-06 06:00:00,2041.27,2043.16,2038.59,2040.57
2023-09-06 07:00:00,2040.57,2053.56,2038.74,2053.56
2023-09-06 08:00:00,2053.56,2054.39,2043.67,2043.67
2023-09-06 09:00:00,2043.67,2047.64,2043.33,2044.68
2023-09-06 10:00:00,2044.68,2052.57,2044.46,2051.1
2023-09-06 11:00:00,2051.1,2063.29,2050.59,2063.29
2023-09-06 12:00:00,2063.29,2066.23,2060.14,2061.99
2023-09-06 13:00:00,2061.99,2068.33,2061.05,2068.33
2023-09-06 14:00:00,2068.33,2076.95,2061.48,2074.89
2023-09-06 15:00:00,2074.89,2074.89,2067.87,2069.93
2023-09-06 16:00:00,2069.93,2076.35,2067.89,2076.35
2023-09-06 17:00:00,2076.35,2076.35,2069.68,2075.76
2023-09-06 18:00:00,2075.76,2087.94,2074.78,2087.86
2023-09-06 19:00:00,2087.86,2093.91,2087.86,2088.69
2023-09-06 20:00:00,2088.69,2095.56,2088.69,2095.0
2023-09-06 21:00:00,2095.0,2099.65,2094.31,2099.65
2023-09-06 22:00:00,2099.65,2101.82,2095.76,2098.63
2023-09-06 23:00:00,2098.63,2100.69,2095.47,2095.95
2023-09-07 00:00:00,2095.95,2100.33,2094.7,2100.33
2023-09-07 01:00:00,2100.33,2104.05,2097.48,2103.92
2023-09-07 02:00:00,2103.92,2113.94,2103.48,2112.38
2023-09-07 03:00:00,2112.38,2113.28,2107.53,2111.37
2023-09-07 04:00:00,2111.37,2114.35,2109.42,2109.42
2023-09-07 05:00:00,2109.42,2110.1,2104.55,2105.09
2023-09-07 06:00:00,2105.09,2113.97,2104.24,2112.95
2023-09-07 07:00:00,2112.95,2112.95,2106.74,2109.39
2023-09-07 08:00:00,2109.39,2110.71,2105.2,2106.15
2023-09-07 09:00:00,2106.15,2110.08,2106.15,2107.0
2023-09-07 10:00:00,2107.0,2107.0,2101.73,2103.87
2023-09-07 11:00:00,2103.87,2111.27,2101.54,2110.33
2023-09-07 12:00:00,2110.33,2110.77,2104.98,2107.04
2023-09-07 13:00:00,2107.04,2112.35,2105.83,2105.83
2023-09-07 14:00:00,2105.83,2111.43,2105.83,2111.19
2023-09-07 15:00:00,2111.19,2111.19,2102.35,2105.26
2023-09-07 16:00:00,2105.26,2105.26,2099.44,2099.44
2023-09-07 17:00:00,2099.44,2103.19,2093.68,2093.68
2023-09-07 18:00:00,2093.68,2100.14,2093.68,2095.04
2023-09-07 19:00:00,2095.04,2100.13,2094.62,2095.28
2023-09-07 20:00:00,2095.28,2108.43,2095.28,2107.34
2023-09-07 21:00:00,2107.34,2116.08,2107.34,2116.08
2023-09-07 22:00:00,2116.08,2121.13,2116.08,2118.36
2023-09-07 23:00:00,2118.36,2119.21,2110.99,2110.99
2023-09-08 00:00:00,2110.99,2116.54,2109.43,2116.54
2023-09-08 01:00:00,2116.54,2116.68,2105.77,2105.83
2023-09-08 02:00:00,2105.83,2109.7,2103.6,2108.81
2023-09-08 03:00:00,2108.81,2115.07,2108.81,2114.06
2023-09-08 04:00:00,2114.06,2120.57,2112.49,2120.57
2023-09-08 05:00:00,2120.57,2127.17,2119.13,2119.87
2023-09-08 06:00:00,2119.87,2119.87,2107.91,2110.44
2023-09-08 07:00:00,2110.44,2110.47,2107.87,2110.31
2023-09-08 08:00:00,2110.31,2110.49,2105.27,2105.27
2023-09-08 09:00:00,2105.27,2110.56,2099.33,2101.14
2023-09-08 10:00:00,2101.14,2102.05,2094.76,2094.76
2023-09-08 11:00:00,2094.76,2098.09,2092.05,2097.06
2023-09-08 12:00:00,2097.06,2100.24,2097.06,2099.31
2023-09-08 13:00:00,2099.31,2105.34,2096.24,2100.47
2023-09-08 14:00:00,2100.47,2100.47,2094.6,2094.89
2023-09-08 15:00:00,2094.89,2094.95,2088.18,2088.26
2023-09-08 16:00:00,2088.26,2094.03,2085.51,2092.55
2023-09-08 17:00:00,2092.55,2093.9,2083.09,2083.09
2023-09-08 18:00:00,2083.09,2088.06,2076.71,2087.24
2023-09-08 19:00:00,2087.24,2088.54,2080.93,2085.55
2023-09-08 20:00:00,2085.55,2093.52,2085.23,2093.52
2023-09-08 21:00:00,2093.52,2095.21,2090.17,2090.17
2023-09-08 22:00:00,2090.17,2095.14,2087.39,2090.49
2023-09-08 23:00:00,2090.49,2092.65,2088.33,2090.9
2023-09-11 00:00:00,2090.9,2097.25,2090.9,2094.57
2023-09-11 01:00:00,2094.57,2096.28,2093.7,2093.81
2023-09-11 02:00:00,2093.81,2098.03,2093.81,2094.74
2023-09-11 03:00:00,2094.74,2096.12,2085.78,2085.78
2023-09-11 04:00:00,2085.78,2087.71,2081.62,2083.31
2023-09-11 05:00:00,2083.31,2092.61,2083.31,2088.07
2023-09-11 06:00:00,2088.07,2102.05,2085.5,2100.77
2023-09-11 07:00:00,2100.77,2100.77,2092.45,2093.02
2023-09-11 08:00:00,2093.02,2093.02,2085.48,2085.78
2023-09-11 09:00:00,2085.78,2086.68,2072.77,2072.77
2023-09-11 10:00:00,2072.77,2083.22,2072.77,2080.76
2023-09-11 11:00:00,2080.76,2091.93,2080.76,2091.37
2023-09-11 12:00:00,2091.37,2097.23,2089.4,2092.95
2023-09-11 13:00:00,2092.95,2094.88,2083.06,2083.06
2023-09-11 14:00:00,2083.06,2086.71,2082.09,2084.43
2023-09-11 15:00:00,2084.43,2084.43,2079.93,2080.93
2023-09-11 16:00:00,2080.93,2088.98,2080.93,2084.95
2023-09-11 17:00:00,2084.95,2095.38,2084.95,2090.15
2023-09-11 18:00:00,2090.15,2090.5,2077.08,2084.51
2023-09-11 19:00:00,2084.51,2093.15,2084.51,2093.15
2023-09-11 20:00:00,2093.15,2102.48,2093.15,2097.77
2023-09-11 21:00:00,2097.77,2104.22,2095.43,2103.64
2023-09-11 22:00:00,2103.64,2103.64,2097.06,2103.6
2023-09-11 23:00:00,2103.6,2106.85,2101.53,2106.85
2023-09-12 00:00:00,2106.85,2106.85,2098.54,2098.54
2023-09-12 01:00:00,2098.54,2107.22,2098.21,2107.22
2023-09-12 02:00:00,2107.22,2109.12,2105.04,2107.14
2023-09-12 03:00:00,2107.14,2116.18,2107.14,2116.18
2023-09-12 04:00:00,2116.18,2116.22,2108.71,2109.57
2023-09-12 05:00:00,2109.57,2109.57,2105.83,2105.96
2023-09-12 06:00:00,2105.96,2121.29,2105.96,2115.39
2023-09-12 07:00:00,2115.39,2116.71,2113.22,2113.87
2023-09-12 08:00:00,2113.87,2116.65,2112.5,2115.45
2023-09-12 09:00:00,2115.45,2125.81,2115.45,2125.81
2023-09-12 10:00:00,2125.81,2129.07,2124.48,2124.48
2023-09-12 11:00:00,2124.48,2126.36,2120.67,2121.97
2023-09-12 12:00:00,2121.97,2127.45,2121.97,2124.96
2023-09-12 13:00:00,2124.96,2126.05,2119.54,2119.54
2023-09-12 14:00:00,2119.54,2123.43,2118.13,2120.58
2023-09-12 15:00:00,2120.58,2141.25,2119.5,2141.25
2023-09-12 16:00:00,2141.25,2144.32,2138.09,2140.13
2023-09-12 17:00:00,2140.13,2142.87,2136.4,2141.43
2023-09-12 18:00:00,2141.43,2141.43,2135.22,2140.8
2023-09-12 19:00:00,2140.8,2150.93,2140.8,2143.72
2023-09-12 20:00:00,2143.72,2149.9,2143.05,2149.9
2023-09-12 21:00:00,2149.9,2149.9,2140.41,2142.87
2023-09-12 22:00:00,2142.87,2146.12,2138.33,2146.12
2023-09-12 23:00:00,2146.12,2149.1,2142.76,2149.1
2023-09-13 00:00:00,2149.1,2151.46,2145.56,2145.64
2023-09-13 01:00:00,2145.64,2152.9,2145.64,2152.62
2023-09-13 02:00:00,2152.62,2161.44,2151.25,2156.77
2023-09-13 03:00:00,2156.77,2159.61,2150.69,2150.69
2023-09-13 04:00:00,2150.69,2154.02,2148.15,2149.92
2023-09-13 05:00:00,2149.92,2150.3,2142.69,2145.64
2023-09-13 06:00:00,2145.64,2148.56,2142.79,2144.96
2023-09-13 07:00:00,2144.96,2152.7,2144.84,2152.7
2023-09-13 08:00:00,2152.7,2152.7,2146.66,2149.21
2023-09-13 09:00:00,2149.21,2159.53,2149.21,2159.53
2023-09-13 10:00:00,2159.53,2163.81,2157.1,2163.81
2023-09-13 11:00:00,2163.81,2173.05,2163.81,2173.05
2023-09-13 12:00:00,2173.05,2179.32,2171.81,2179.32
2023-09-13 13:00:00,2179.32,2182.22,2177.23,2177.23
2023-09-13 14:00:00,2177.23,2182.17,2177.23,2180.08
2023-09-13 15:00:00,2180.08,2180.08,2173.61,2173.61
2023-09-13 16:00:00,2173.61,2177.26,2173.61,2177.0
2023-09-13 17:00:00,2177.0,2177.0,2173.13,2174.76
2023-09-13 18:00:00,2174.76,2178.7,2174.76,2175.47
2023-09-13 19:00:00,2175.47,2182.03,2175.47,2182.03
2023-09-13 20:00:00,2182.03,2187.19,2180.37,2185.24
2023-09-13 21:00:00,2185.24,2185.24,2177.52,2178.91
2023-09-13 22:00:00,2178.91,2180.86,2177.42,2179.54
2023-09-13 23:00:00,2179.54,2188.81,2179.54,2183.09
2023-09-14 00:00:00,2183.09,2185.39,2178.03,2178.03
2023-09-14 01:00:00,2178.03,2178.03,2167.36,2169.85
2023-09-14 02:00:00,2169.85,2173.37,2167.26,2173.37
2023-09-14 03:00:00,2173.37,2175.01,2170.11,2170.3
2023-09-14 04:00:00,2170.3,2173.99,2167.83,2171.21
2023-09-14 05:00:00,2171.21,2174.64,2171.21,2174.64
2023-09-14 06:00:00,2174.64,2186.15,2172.76,2186.15
2023-09-14 07:00:00,2186.15,2193.84,2185.25,2193.84
2023-09-14 08:00:00,2193.84,2196.14,2189.85,2189.85
2023-09-14 09:00:00,2189.85,2193.63,2188.66,2192.94
2023-09-14 10:00:00,2192.94,2192.94,2179.94,2181.73
2023-09-14 11:00:00,2181.73,2181.73,2176.49,2178.4
2023-09-14 12:00:00,2178.4,2178.4,2171.26,2171.26
2023-09-14 13:00:00,2171.26,2171.46,2165.13,2165.13
2023-09-14 14:00:00,2165.13,2170.92,2164.9,2169.69
2023-09-14 15:00:00,2169.69,2169.96,2166.64,2168.66
2023-09-14 16:00:00,2168.66,2172.16,2165.86,2165.86
2023-09-14 17:00:00,2165.86,2165.86,2156.0,2156.86
2023-09-14 18:00:00,2156.86,2163.28,2156.25,2163.28
2023-09-14 19:00:00,2163.28,2163.28,2152.25,2152.25
2023-09-14 20:00:00,2152.25,2158.48,2150.75,2157.09
2023-09-14 21:00:00,2157.09,2164.32,2157.09,2158.98
2023-09-14 22:00:00,2158.98,2159.08,2153.25,2158.89
2023-09-14 23:00:00,2158.89,2162.28,2154.28,2157.54
2023-09-15 00:00:00,2157.54,2165.29,2154.92,2163.35
2023-09-15 01:00:00,2163.35,2170.1,2160.42,2161.9
2023-09-15 02:00:00,2161.9,2168.1,2161.32,2165.56
2023-09-15 03:00:00,2165.56,2166.84,2163.48,2166.09
2023-09-15 04:00:00,2166.09,2166.09,2148.82,2148.82
2023-09-15 05:00:00,2148.82,2150.67,2138.46,2139.69
2023-09-15 06:00:00,2139.69,2146.07,2137.68,2146.05
2023-09-15 07:00:00,2146.05,2146.4,2141.71,2144.74
2023-09-15 08:00:00,2144.74,2145.63,2140.75,2140.75
2023-09-15 09:00:00,2140.75,2143.23,2132.38,2132.38
2023-09-15 10:00:00,2132.38,2141.82,2132.13,2141.82
2023-09-15 11:00:00,2141.82,2141.82,2126.46,2127.82
2023-09-15 12:00:00,2127.82,2127.93,2117.88,2120.38
2023-09-15 13:00:00,2120.38,2121.55,2115.73,2115.73
2023-09-15 14:00:00,2115.73,2115.73,2101.86,2102.98
2023-09-15 15:00:00,2102.98,2106.47,2098.9,2102.52
2023-09-15 16:00:00,2102.52,2104.1,2098.56,2101.12
2023-09-15 17:00:00,2101.12,2102.86,2099.55,2102.86
2023-09-15 18:00:00,2102.86,2104.77,2101.29,2101.29
2023-09-15 19:00:00,2101.29,2104.79,2099.16,2101.74
2023-09-15 20:00:00,2101.74,2104.2,2099.01,2102.15
2023-09-15 21:00:00,2102.15,2102.29,2098.42,2099.83
2023-09-15 22:00:00,2099.83,2102.43,2092.07,2095.09
2023-09-15 23:00:00,2095.09,2103.93,2095.09,2103.93
2023-09-18 00:00:00,2103.93,2103.93,2091.18,2091.63
2023-09-18 01:00:00,2091.63,2096.81,2091.63,2093.05
2023-09-18 02:00:00,2093.05,2097.4,2093.05,2094.9
2023-09-18 03:00:00,2094.9,2098.44,2093.99,2096.82
2023-09-18 04:00:00,2096.82,2101.38,2093.67,2099.49
2023-09-18 05:00:00,2099.49,2102.36,2097.0,2101.86
2023-09-18 06:00:00,2101.86,2115.27,2101.86,2114.48
2023-09-18 07:00:00,2114.48,2117.57,2110.46,2115.23
2023-09-18 08:00:00,2115.23,2115.23,2100.68,2101.24
2023-09-18 09:00:00,2101.24,2101.24,2094.07,2094.07
2023-09-18 10:00:00,2094.07,2097.96,2092.0,2095.63
2023-09-18 11:00:00,2095.63,2101.84,2095.63,2101.17
2023-09-18 12:00:00,2101.17,2101.17,2091.83,2091.83
2023-09-18 13:00:00,2091.83,2100.11,2091.23,2099.4
2023-09-18 14:00:00,2099.4,2101.37,2092.02,2093.72
2023-09-18 15:00:00,2093.72,2099.26,2091.5,2091.5
2023-09-18 16:00:00,2091.5,2097.08,2090.21,2090.21
2023-09-18 17:00:00,2090.21,2092.47,2088.28,2090.26
2023-09-18 18:00:00,2090.26,2090.26,2085.49,2086.71
2023-09-18 19:00:00,2086.71,2086.71,2073.84,2073.84
2023-09-18 20:00:00,2073.84,2080.68,2072.7,2073.07
2023-09-18 21:00:00,2073.07,2075.14,2068.98,2072.79
2023-09-18 22:00:00,2072.79,2072.88,2067.75,2072.88
2023-09-18 23:00:00,2072.88,2074.9,2070.03,2073.0
2023-09-19 00:00:00,2073.0,2079.0,2073.0,2078.54
2023-09-19 01:00:00,2078.54,2081.06,2074.79,2079.98
2023-09-19 02:00:00,2079.98,2079.98,2072.55,2073.44
2023-09-19 03:00:00,2073.44,2090.15,2073.44,2089.21
2023-09-19 04:00:00,2089.21,2095.04,2085.18,2087.26
2023-09-19 05:00:00,2087.26,2095.1,2084.49,2095.1
2023-09-19 06:00:00,2095.1,2100.72,2095.1,2100.72
2023-09-19 07:00:00,2100.72,2106.24,2099.16,2104.16
2023-09-19 08:00:00,2104.16,2116.57,2104.16,2116.57
2023-09-19 09:00:00,2116.57,2122.79,2116.57,2119.69
2023-09-19 10:00:00,2119.69,2120.77,2102.92,2102.92
2023-09-19 11:00:00,2102.92,2105.41,2102.67,2104.48
2023-09-19 12:00:00,2104.48,2104.48,2091.55,2091.55
2023-09-19 13:00:00,2091.55,2091.79,2086.51,2091.79
2023-09-19 14:00:00,2091.79,2093.08,2088.6,2093.08
2023-09-19 15:00:00,2093.08,2095.28,2092.52,2092.56
2023-09-19 16:00:00,2092.56,2095.84,2092.06,2092.43
2023-09-19 17:00:00,2092.43,2104.34,2092.43,2103.5
2023-09-19 18:00:00,2103.5,2103.94,2100.34,2102.06
2023-09-19 19:00:00,2102.06,2105.87,2101.37,2104.79
2023-09-19 20:00:00,2104.79,2108.95,2101.27,2102.34
2023-09-19 21:00:00,2102.34,2107.87,2102.34,2106.03
2023-09-19 22:00:00,2106.03,2106.03,2096.63,2098.21
2023-09-19 23:00:00,2098.21,2106.2,2096.81,2100.02
2023-09-20 00:00:00,2100.02,2103.42,2092.47,2095.43
2023-09-20 01:00:00,2095.43,2105.32,2095.25,2104.74
2023-09-20 02:00:00,2104.74,2105.01,2100.04,2102.29
2023-09-20 03:00:00,2102.29,2106.76,2099.91,2105.16
2023-09-20 04:00:00,2105.16,2105.16,2097.33,2100.5
2023-09-20 05:00:00,2100.5,2100.5,2090.24,2091.39
2023-09-20 06:00:00,2091.39,2099.33,2091.39,2095.76
2023-09-20 07:00:00,2095.76,2097.41,2089.27,2089.27
2023-09-20 08:00:00,2089.27,2093.72,2086.43,2089.84
2023-09-20 09:00:00,2089.84,2089.84,2077.37,2080.4
2023-09-20 10:00:00,2080.4,2084.78,2078.94,2080.44
2023-09-20 11:00:00,2080.44,2084.41,2079.17,2083.17
2023-09-20 12:00:00,2083.17,2092.74,2082.98,2092.74
2023-09-20 13:00:00,2092.74,2099.45,2092.74,2099.02
2023-09-20 14:00:00,2099.02,2105.22,2097.71,2105.22
2023-09-20 15:00:00,2105.22,2108.51,2100.5,2100.5
2023-09-20 16:00:00,2100.5,2102.67,2097.52,2099.5
2023-09-20 17:00:00,2099.5,2099.54,2092.2,2092.36
2023-09-20 18:00:00,2092.36,2094.01,2089.44,2092.31
2023-09-20 19:00:00,2092.31,2096.83,2091.4,2096.83
2023-09-20 20:00:00,2096.83,2096.83,2084.51,2086.62
2023-09-20 21:00:00,2086.62,2089.07,2078.14,2078.14
2023-09-20 22:00:00,2078.14,2078.82,2072.43,2073.55
2023-09-20 23:00:00,2073.55,2084.85,2071.87,2082.07
2023-09-21 00:00:00,2082.07,2093.19,2081.24,2093.17
2023-09-21 01:00:00,2093.17,2093.2,2087.3,2091.59
2023-09-21 02:00:00,2091.59,2094.81,2085.83,2093.39
2023-09-21 03:00:00,2093.39,2098.02,2091.67,2097.35
2023-09-21 04:00:00,2097.35,2098.1,2087.07,2087.07
2023-09-21 05:00:00,2087.07,2087.07,2078.4,2078.65
2023-09-21 06:00:00,2078.65,2079.17,2072.13,2072.13
2023-09-21 07:00:00,2072.13,2079.82,2070.96,2075.95
2023-09-21 08:00:00,2075.95,2076.71,2072.31,2073.22
2023-09-21 09:00:00,2073.22,2083.24,2073.22,2078.16
2023-09-21 10:00:00,2078.16,2083.28,2077.51,2081.88
2023-09-21 11:00:00,2081.88,2082.99,2080.56,2080.56
2023-09-21 12:00:00,2080.56,2085.24,2080.03,2080.03
2023-09-21 13:00:00,2080.03,2082.58,2079.99,2080.6
2023-09-21 14:00:00,2080.6,2081.29,2073.14,2073.14
2023-09-21 15:00:00,2073.14,2074.3,2068.11,2070.24
2023-09-21 16:00:00,2070.24,2080.83,2067.81,2077.08
2023-09-21 17:00:00,2077.08,2077.08,2072.31,2072.9
2023-09-21 18:00:00,2072.9,2078.37,2072.9,2078.37
2023-09-21 19:00:00,2078.37,2078.51,2074.34,2074.34
2023-09-21 20:00:00,2074.34,2074.52,2066.77,2071.76
2023-09-21 21:00:00,2071.76,2075.96,2071.76,2075.96
2023-09-21 22:00:00,2075.96,2079.03,2073.35,2075.03
2023-09-21 23:00:00,2075.03,2079.72,2074.05,2075.28
2023-09-22 00:00:00,2075.28,2078.23,2072.7,2078.23
2023-09-22 01:00:00,2078.23,2078.23,2058.94,2059.05
2023-09-22 02:00:00,2059.05,2062.62,2054.81,2059.89
2023-09-22 03:00:00,2059.89,2065.7,2059.56,2060.04
2023-09-22 04:00:00,2060.04,2064.76,2059.65,2064.27
2023-09-22 05:00:00,2064.27,2068.14,2062.68,2066.52
2023-09-22 06:00:00,2066.52,2066.52,2059.69,2059.69
2023-09-22 07:00:00,2059.69,2063.65,2056.16,2056.16
2023-09-22 08:00:00,2056.16,2059.85,2055.55,2059.85
2023-09-22 09:00:00,2059.85,2059.85,2051.76,2056.0
2023-09-22 10:00:00,2056.0,2064.39,2055.27,2064.39
2023-09-22 11:00:00,2064.39,2075.19,2064.39,2073.86
2023-09-22 12:00:00,2073.86,2073.98,2071.81,2072.13
2023-09-22 13:00:00,2072.13,2080.49,2072.13,2079.31
2023-09-22 14:00:00,2079.31,2080.11,2077.3,2079.12
2023-09-22 15:00:00,2079.12,2079.12,2074.31,2074.31
2023-09-22 16:00:00,2074.31,2080.19,2071.07,2080.19
2023-09-22 17:00:00,2080.19,2085.5,2075.86,2084.09
2023-09-22 18:00:00,2084.09,2090.44,2084.09,2084.51
2023-09-22 19:00:00,2084.51,2089.73,2083.26,2087.73
2023-09-22 20:00:00,2087.73,2096.87,2087.73,2095.47
2023-09-22 21:00:00,2095.47,2095.79,2084.23,2084.69
2023-09-22 22:00:00,2084.69,2084.69,2077.7,2077.7
2023-09-22 23:00:00,2077.7,2081.24,2075.19,2080.14
2023-09-25 00:00:00,2080.14,2085.02,2078.95,2079.96
2023-09-25 01:00:00,2079.96,2083.59,2078.97,2078.97
2023-09-25 02:00:00,2078.97,2078.97,2069.85,2069.85
2023-09-25 03:00:00,2069.85,2069.85,2062.29,2067.38
2023-09-25 04:00:00,2067.38,2073.59,2065.33,2073.59
2023-09-25 05:00:00,2073.59,2076.59,2072.47,2074.46
2023-09-25 06:00:00,2074.46,2076.26,2070.96,2074.47
2023-09-25 07:00:00,2074.47,2074.58,2071.12,2071.96
2023-09-25 08:00:00,2071.96,2071.96,2063.32,2067.19
2023-09-25 09:00:00,2067.19,2074.11,2067.19,2074.11
2023-09-25 10:00:00,2074.11,2075.06,2065.72,2065.72
2023-09-25 11:00:00,2065.72,2072.0,2065.72,2070.17
2023-09-25 12:00:00,2070.17,2073.3,2068.13,2073.3
2023-09-25 13:00:00,2073.3,2074.77,2068.58,2069.27
2023-09-25 14:00:00,2069.27,2076.05,2069.0,2075.24
2023-09-25 15:00:00,2075.24,2078.94,2073.03,2073.03
2023-09-25 16:00:00,2073.03,2073.11,2067.98,2067.98
2023-09-25 17:00:00,2067.98,2068.25,2064.27,2065.01
2023-09-25 18:00:00,2065.01,2067.5,2058.31,2058.31
2023-09-25 19:00:00,2058.31,2058.31,2053.32,2055.33
2023-09-25 20:00:00,2055.33,2057.23,2047.34,2057.23
2023-09-25 21:00:00,2057.23,2065.68,2057.23,2059.02
2023-09-25 22:00:00,2059.02,2059.47,2049.46,2052.26
2023-09-25 23:00:00,2052.26,2060.58,2052.26,2057.48
2023-09-26 00:00:00,2057.48,2058.95,2050.31,2051.15
2023-09-26 01:00:00,2051.15,2055.99,2047.46,2047.46
2023-09-26 02:00:00,2047.46,2054.51,2047.28,2054.12
2023-09-26 03:00:00,2054.12,2054.12,2044.91,2044.92
2023-09-26 04:00:00,2044.92,2052.06,2043.72,2051.47
2023-09-26 05:00:00,2051.47,2051.89,2042.12,2044.59
2023-09-26 06:00:00,2044.59,2053.19,2044.38,2053.19
2023-09-26 07:00:00,2053.19,2055.46,2050.72,2050.72
2023-09-26 08:00:00,2050.72,2054.87,2049.25,2049.25
2023-09-26 09:00:00,2049.25,2051.11,2040.9,2040.9
2023-09-26 10:00:00,2040.9,2042.97,2036.74,2036.74
2023-09-26 11:00:00,2036.74,2047.4,2036.35,2047.4
2023-09-26 12:00:00,2047.4,2047.66,2042.39,2043.15
2023-09-26 13:00:00,2043.15,2043.15,2038.25,2041.01
2023-09-26 14:00:00,2041.01,2044.2,2039.35,2044.2
2023-09-26 15:00:00,2044.2,2044.2,2036.07,2036.07
2023-09-26 16:00:00,2036.07,2042.07,2025.38,2038.69
2023-09-26 17:00:00,2038.69,2043.6,2037.75,2041.59
2023-09-26 18:00:00,2041.59,2046.81,2041.59,2046.81
2023-09-26 19:00:00,2046.81,2048.61,2042.7,2043.92
2023-09-26 20:00:00,2043.92,2043.92,2039.28,2042.58
2023-09-26 21:00:00,2042.58,2045.24,2042.21,2042.56
2023-09-26 22:00:00,2042.56,2045.16,2038.48,2044.34
2023-09-26 23:00:00,2044.34,2045.5,2040.46,2044.93
2023-09-27 00:00:00,2044.93,2044.93,2038.61,2039.45
2023-09-27 01:00:00,2039.45,2040.59,2036.33,2037.31
2023-09-27 02:00:00,2037.31,2038.02,2029.77,2031.75
2023-09-27 03:00:00,2031.75,2032.8,2023.35,2025.48
2023-09-27 04:00:00,2025.48,2026.55,2020.75,2026.55
2023-09-27 05:00:00,2026.55,2026.55,2022.91,2024.15
2023-09-27 06:00:00,2024.15,2032.95,2024.15,2032.95
2023-09-27 07:00:00,2032.95,2035.13,2027.58,2035.01
2023-09-27 08:00:00,2035.01,2036.48,2033.82,2033.82
2023-09-27 09:00:00,2033.82,2038.6,2033.82,2034.16
2023-09-27 10:00:00,2034.16,2034.16,2024.23,2027.28
2023-09-27 11:00:00,2027.28,2028.48,2015.92,2015.92
2023-09-27 12:00:00,2015.92,2017.65,2002.6,2002.6
2023-09-27 13:00:00,2002.6,2005.85,2001.72,2004.43
2023-09-27 14:00:00,2004.43,2013.75,2002.04,2006.67
2023-09-27 15:00:00,2006.67,2007.29,2002.52,2004.48
2023-09-27 16:00:00,2004.48,2004.48,1999.78,2000.94
2023-09-27 17:00:00,2000.94,2007.47,1998.39,2003.26
2023-09-27 18:00:00,2003.26,2005.77,2003.26,2005.11
2023-09-27 19:00:00,2005.11,2009.63,1999.34,1999.34
2023-09-27 20:00:00,1999.34,1999.34,1988.77,1988.77
2023-09-27 21:00:00,1988.77,1991.75,1987.08,1991.16
2023-09-27 22:00:00,1991.16,1997.39,1987.53,1997.39
2023-09-27 23:00:00,1997.39,1997.39,1993.37,1993.67
2023-09-28 00:00:00,1993.67,1993.67,1982.59,1982.59
2023-09-28 01:00:00,1982.59,1983.28,1973.01,1975.6
2023-09-28 02:00:00,1975.6,1979.36,1974.49,1978.0
2023-09-28 03:00:00,1978.0,1982.45,1976.09,1981.51
2023-09-28 04:00:00,1981.51,1984.78,1980.84,1983.69
2023-09-28 05:00:00,1983.69,1990.86,1980.75,1985.01
2023-09-28 06:00:00,1985.01,1988.77,1984.82,1988.52
2023-09-28 07:00:00,1988.52,1991.41,1981.32,1991.41
2023-09-28 08:00:00,1991.41,2003.04,1991.41,2001.2
2023-09-28 09:00:00,2001.2,2011.38,2001.2,2011.38
2023-09-28 10:00:00,2011.38,2016.12,2007.49,2016.12
2023-09-28 11:00:00,2016.12,2018.99,2012.87,2018.99
2023-09-28 12:00:00,2018.99,2022.71,2016.2,2016.2
2023-09-28 13:00:00,2016.2,2021.16,2016.2,2018.31
2023-09-28 14:00:00,2018.31,2021.13,2018.02,2020.85
2023-09-28 15:00:00,2020.85,2020.85,2014.96,2019.21
2023-09-28 16:00:00,2019.21,2020.7,2012.22,2012.22
2023-09-28 17:00:00,2012.22,2023.82,2011.16,2021.6
2023-09-28 18:00:00,2021.6,2023.71,2016.73,2018.3
2023-09-28 19:00:00,2018.3,2018.3,2014.36,2015.86
2023-09-28 20:00:00,2015.86,2039.89,2014.56,2039.89
2023-09-28 21:00:00,2039.89,2046.52,2039.89,2043.86
2023-09-28 22:00:00,2043.86,2043.86,2037.89,2037.89
2023-09-28 23:00:00,2037.89,2039.6,2035.82,2036.73
2023-09-29 00:00:00,2036.73,2039.78,2033.84,2034.2
2023-09-29 01:00:00,2034.2,2036.96,2030.31,2032.14
2023-09-29 02:00:00,2032.14,2039.71,2032.14,2039.71
2023-09-29 03:00:00,2039.71,2039.71,2029.51,2029.51
2023-09-29 04:00:00,2029.51,2031.53,2028.64,2031.53
2023-09-29 05:00:00,2031.53,2041.61,2029.74,2041.61
2023-09-29 06:00:00,2041.61,2053.57,2040.65,2053.57
2023-09-29 07:00:00,2053.57,2063.82,2053.57,2063.44
2023-09-29 08:00:00,2063.44,2068.71,2061.44,2068.71
2023-09-29 09:00:00,2068.71,2068.71,2061.09,2064.97
2023-09-29 10:00:00,2064.97,2067.44,2063.35,2067.24
2023-09-29 11:00:00,2067.24,2067.7,2061.2,2061.2
2023-09-29 12:00:00,2061.2,2067.0,2058.19,2059.76
2023-09-29 13:00:00,2059.76,2060.05,2046.91,2046.91
2023-09-29 14:00:00,2046.91,2049.15,2043.3,2043.3
2023-09-29 15:00:00,2043.3,2048.74,2043.3,2048.06
2023-09-29 16:00:00,2048.06,2050.87,2047.34,2050.87
2023-09-29 17:00:00,2050.87,2052.87,2046.61,2052.87
2023-09-29 18:00:00,2052.87,2057.29,2050.49,2051.85
2023-09-29 19:00:00,2051.85,2051.85,2041.99,2043.55
2023-09-29 20:00:00,2043.55,2046.38,2040.15,2040.57
2023-09-29 21:00:00,2040.57,2040.96,2030.94,2030.95
2023-09-29 22:00:00,2030.95,2035.95,2030.95,2035.95
2023-09-29 23:00:00,2035.95,2040.34,2034.45,2038.33
2023-10-02 00:00:00,2038.33,2047.16,2036.44,2047.16
2023-10-02 01:00:00,2047.16,2047.34,2040.8,2046.62
2023-10-02 02:00:00,2046.62,2051.17,2046.62,2046.93
2023-10-02 03:00:00,2046.93,2046.93,2040.55,2046.04
2023-10-02 04:00:00,2046.04,2047.96,2043.3,2047.67
2023-10-02 05:00:00,2047.67,2047.67,2034.13,2034.13
2023-10-02 06:00:00,2034.13,2034.13,2029.89,2031.11
2023-10-02 07:00:00,2031.11,2031.11,2022.62,2025.98
2023-10-02 08:00:00,2025.98,2025.98,2014.98,2016.16
2023-10-02 09:00:00,2016.16,2022.7,2016.16,2018.1
2023-10-02 10:00:00,2018.1,2032.11,2018.1,2032.11
2023-10-02 11:00:00,2032.11,2041.96,2032.11,2039.25
2023-10-02 12:00:00,2039.25,2040.44,2033.17,2034.03
2023-10-02 13:00:00,2034.03,2040.22,2032.39,2036.75
2023-10-02 14:00:00,2036.75,2037.12,2029.37,2030.23
2023-10-02 15:00:00,2030.23,2030.58,2022.63,2023.85
2023-10-02 16:00:00,2023.85,2023.85,2013.76,2018.1
2023-10-02 17:00:00,2018.1,2019.12,2015.23,2015.23
2023-10-02 18:00:00,2015.23,2015.34,2004.58,2006.12
2023-10-02 19:00:00,2006.12,2006.73,1997.46,1997.46
2023-10-02 20:00:00,1997.46,1999.03,1994.92,1998.6
2023-10-02 21:00:00,1998.6,2004.4,1997.37,2000.11
2023-10-02 22:00:00,2000.11,2004.35,1994.27,1995.09
2023-10-02 23:00:00,1995.09,1997.55,1988.0,1988.74
2023-10-03 00:00:00,1988.74,1990.02,1978.04,1978.04
2023-10-03 01:00:00,1978.04,1980.55,1974.5,1979.72
2023-10-03 02:00:00,1979.72,1985.33,1977.55,1983.09
2023-10-03 03:00:00,1983.09,1984.31,1975.62,1975.62
2023-10-03 04:00:00,1975.62,1975.62,1968.63,1969.49
2023-10-03 05:00:00,1969.49,1971.45,1963.46,1964.59
2023-10-03 06:00:00,1964.59,1964.59,1951.73,1951.73
2023-10-03 07:00:00,1951.73,1961.78,1951.73,1961.02
2023-10-03 08:00:00,1961.02,1966.8,1959.29,1966.8
2023-10-03 09:00:00,1966.8,1969.0,1960.18,1969.0
2023-10-03 10:00:00,1969.0,1974.71,1968.71,1970.55
2023-10-03 11:00:00,1970.55,1974.43,1967.6,1967.6
2023-10-03 12:00:00,1967.6,1968.91,1965.11,1965.56
2023-10-03 13:00:00,1965.56,1972.43,1965.34,1972.43
2023-10-03 14:00:00,1972.43,1972.43,1965.59,1971.18
2023-10-03 15:00:00,1971.18,1971.18,1962.12,1963.26
2023-10-03 16:00:00,1963.26,1965.31,1955.64,1955.64
2023-10-03 17:00:00,1955.64,1958.53,1954.65,1957.29
2023-10-03 18:00:00,1957.29,1960.08,1953.7,1960.03
2023-10-03 19:00:00,1960.03,1964.03,1960.03,1964.03
2023-10-03 20:00:00,1964.03,1965.97,1959.55,1959.55
2023-10-03 21:00:00,1959.55,1962.44,1950.98,1950.98
2023-10-03 22:00:00,1950.98,1958.91,1950.98,1955.47
2023-10-03 23:00:00,1955.47,1958.1,1953.47,1957.21
2023-10-04 00:00:00,1957.21,1957.21,1944.61,1950.16
2023-10-04 01:00:00,1950.16,1956.48,1949.55,1950.06
2023-10-04 02:00:00,1950.06,1952.69,1948.15,1952.33
2023-10-04 03:00:00,1952.33,1952.33,1944.51,1944.67
2023-10-04 04:00:00,1944.67,1946.71,1939.06,1941.04
2023-10-04 05:00:00,1941.04,1944.29,1934.93,1934.93
2023-10-04 06:00:00,1934.93,1936.43,1930.47,1930.91
2023-10-04 07:00:00,1930.91,1930.91,1926.97,1927.8
2023-10-04 08:00:00,1927.8,1927.8,1920.65,1920.81
2023-10-04 09:00:00,1920.81,1927.14,1919.69,1926.59
2023-10-04 10:00:00,1926.59,1932.36,1926.02,1930.56
2023-10-04 11:00:00,1930.56,1932.41,1925.75,1927.84
2023-10-04 12:00:00,1927.84,1934.66,1924.06,1926.18
2023-10-04 13:00:00,1926.18,1928.0,1925.71,1926.88
2023-10-04 14:00:00,1926.88,1931.59,1914.94,1915.89
2023-10-04 15:00:00,1915.89,1915.89,1910.61,1913.05
2023-10-04 16:00:00,1913.05,1915.8,1910.71,1914.31
2023-10-04 17:00:00,1914.31,1924.86,1914.31,1918.58
2023-10-04 18:00:00,1918.58,1929.82,1918.58,1928.42
2023-10-04 19:00:00,1928.42,1933.47,1928.42,1929.53
2023-10-04 20:00:00,1929.53,1933.37,1927.05,1933.37
2023-10-04 21:00:00,1933.37,1941.12,1933.09,1933.09
2023-10-04 22:00:00,1933.09,1933.17,1929.51,1932.47
2023-10-04 23:00:00,1932.47,1937.63,1932.26,1932.26
2023-10-05 00:00:00,1932.26,1932.26,1925.75,1930.52
2023-10-05 01:00:00,1930.52,1930.52,1922.91,1924.36
2023-10-05 02:00:00,1924.36,1926.62,1922.01,1925.56
2023-10-05 03:00:00,1925.56,1933.7,1925.56,1930.52
2023-10-05 04:00:00,1930.52,1938.73,1930.52,1935.78
2023-10-05 05:00:00,1935.78,1942.43,1935.78,1942.43
2023-10-05 06:00:00,1942.43,1942.43,1936.19,1941.12
2023-10-05 07:00:00,1941.12,1954.32,1941.12,1954.32
2023-10-05 08:00:00,1954.32,1959.14,1954.32,1957.35
2023-10-05 09:00:00,1957.35,1958.96,1956.85,1956.85
2023-10-05 10:00:00,1956.85,1957.99,1950.85,1957.99
2023-10-05 11:00:00,1957.99,1959.26,1955.21,1958.24
2023-10-05 12:00:00,1958.24,1962.3,1956.37,1956.77
2023-10-05 13:00:00,1956.77,1959.09,1955.87,1959.09
2023-10-05 14:00:00,1959.09,1959.09,1946.21,1946.74
2023-10-05 15:00:00,1946.74,1946.74,1935.13,1940.54
2023-10-05 16:00:00,1940.54,1940.75,1934.54,1934.84
2023-10-05 17:00:00,1934.84,1937.84,1934.17,1934.68
2023-10-05 18:00:00,1934.68,1936.38,1932.87,1934.83
2023-10-05 19:00:00,1934.83,1944.56,1934.83,1944.56
2023-10-05 20:00:00,1944.56,1951.33,1944.56,1951.33
2023-10-05 21:00:00,1951.33,1954.22,1949.56,1954.03
2023-10-05 22:00:00,1954.03,1960.05,1954.0,1960.05
2023-10-05 23:00:00,1960.05,1961.63,1958.05,1958.61
2023-10-06 00:00:00,1958.61,1962.76,1952.89,1954.46
2023-10-06 01:00:00,1954.46,1977.39,1954.46,1976.8
2023-10-06 02:00:00,1976.8,1978.37,1974.52,1977.27
2023-10-06 03:00:00,1977.27,1982.0,1975.04,1975.04
2023-10-06 04:00:00,1975.04,1977.57,1972.7,1972.7
2023-10-06 05:00:00,1972.7,1975.57,1972.53,1972.53
2023-10-06 06:00:00,1972.53,1973.29,1966.98,1966.98
2023-10-06 07:00:00,1966.98,1971.42,1966.34,1968.63
2023-10-06 08:00:00,1968.63,1977.62,1968.63,1976.52
2023-10-06 09:00:00,1976.52,1989.17,1976.52,1987.74
2023-10-06 10:00:00,1987.74,1987.74,1980.69,1982.58
2023-10-06 11:00:00,1982.58,1989.67,1982.27,1987.46
2023-10-06 12:00:00,1987.46,1989.5,1982.66,1983.92
2023-10-06 13:00:00,1983.92,1988.4,1981.97,1985.18
2023-10-06 14:00:00,1985.18,1996.5,1982.34,1991.33
2023-10-06 15:00:00,1991.33,1994.98,1990.28,1992.15
2023-10-06 16:00:00,1992.15,1995.7,1988.7,1993.24
2023-10-06 17:00:00,1993.24,2004.41,1993.24,2004.41
2023-10-06 18:00:00,2004.41,2004.7,2000.93,2004.34
2023-10-06 19:00:00,2004.34,2004.34,1997.4,2001.05
2023-10-06 20:00:00,2001.05,2001.05,1992.5,1992.78
2023-10-06 21:00:00,1992.78,1992.78,1985.92,1987.47
2023-10-06 22:00:00,1987.47,1992.15,1984.27,1991.44
2023-10-06 23:00:00,1991.44,2006.35,1991.44,2006.35
2023-10-09 00:00:00,2006.35,2011.49,2005.98,2007.66
2023-10-09 01:00:00,2007.66,2014.52,2007.66,2010.1
2023-10-09 02:00:00,2010.1,2017.69,2010.1,2017.48
2023-10-09 03:00:00,2017.48,2019.44,2016.17,2019.44
2023-10-09 04:00:00,2019.44,2023.1,2019.44,2022.17
2023-10-09 05:00:00,2022.17,2027.17,2021.1,2027.17
2023-10-09 06:00:00,2027.17,2036.45,2026.97,2034.56
2023-10-09 07:00:00,2034.56,2035.26,2029.02,2029.02
2023-10-09 08:00:00,2029.02,2039.63,2029.02,2034.74
2023-10-09 09:00:00,2034.74,2034.74,2030.85,2034.36
2023-10-09 10:00:00,2034.36,2046.35,2034.36,2041.85
2023-10-09 11:00:00,2041.85,2042.12,2035.53,2041.85
2023-10-09 12:00:00,2041.85,2047.83,2033.51,2035.41
2023-10-09 13:00:00,2035.41,2038.38,2033.46,2037.72
2023-10-09 14:00:00,2037.72,2038.42,2031.52,2031.52
2023-10-09 15:00:00,2031.52,2031.52,2025.73,2029.46
2023-10-09 16:00:00,2029.46,2029.46,2023.04,2029.21
2023-10-09 17:00:00,2029.21,2039.86,2028.35,2035.93
2023-10-09 18:00:00,2035.93,2040.22,2034.95,2034.95
2023-10-09 19:00:00,2034.95,2038.38,2032.17,2038.38
2023-10-09 20:00:00,2038.38,2046.65,2038.38,2040.46
2023-10-09 21:00:00,2040.46,2041.73,2037.43,2041.08
2023-10-09 22:00:00,2041.08,2046.06,2038.55,2038.55
2023-10-09 23:00:00,2038.55,2042.43,2036.52,2040.7
2023-10-10 00:00:00,2040.7,2042.49,2038.96,2042.49
2023-10-10 01:00:00,2042.49,2049.18,2042.49,2049.18
2023-10-10 02:00:00,2049.18,2051.35,2043.44,2048.37
2023-10-10 03:00:00,2048.37,2049.14,2041.71,2042.02
2023-10-10 04:00:00,2042.02,2048.23,2040.23,2040.25
2023-10-10 05:00:00,2040.25,2041.33,2034.85,2040.57
2023-10-10 06:00:00,2040.57,2040.57,2032.98,2035.03
2023-10-10 07:00:00,2035.03,2035.05,2027.73,2030.09
2023-10-10 08:00:00,2030.09,2032.44,2025.52,2026.52
2023-10-10 09:00:00,2026.52,2029.36,2021.97,2021.97
2023-10-10 10:00:00,2021.97,2033.77,2021.97,2033.64
2023-10-10 11:00:00,2033.64,2040.25,2032.81,2038.02
2023-10-10 12:00:00,2038.02,2039.85,2033.2,2034.43
2023-10-10 13:00:00,2034.43,2034.43,2014.03,2014.03
2023-10-10 14:00:00,2014.03,2014.37,2010.72,2014.37
2023-10-10 15:00:00,2014.37,2018.04,2013.58,2013.58
2023-10-10 16:00:00,2013.58,2013.58,1998.57,2007.28
2023-10-10 17:00:00,2007.28,2011.9,2004.96,2008.71
2023-10-10 18:00:00,2008.71,2008.71,2003.21,2003.21
2023-10-10 19:00:00,2003.21,2005.64,1999.24,2005.64
2023-10-10 20:00:00,2005.64,2012.9,2004.63,2010.89
2023-10-10 21:00:00,2010.89,2012.53,2007.92,2008.3
2023-10-10 22:00:00,2008.3,2012.5,2005.64,2010.98
2023-10-10 23:00:00,2010.98,2025.5,2010.98,2025.5
2023-10-11 00:00:00,2025.5,2031.12,2025.5,2025.89
2023-10-11 01:00:00,2025.89,2030.9,2024.48,2028.66
2023-10-11 02:00:00,2028.66,2031.83,2028.66,2030.11
2023-10-11 03:00:00,2030.11,2033.39,2026.5,2033.39
2023-10-11 04:00:00,2033.39,2039.19,2032.6,2038.65
2023-10-11 05:00:00,2038.65,2040.12,2035.02,2037.85
2023-10-11 06:00:00,2037.85,2046.41,2036.8,2046.06
2023-10-11 07:00:00,2046.06,2050.28,2043.34,2047.23
2023-10-11 08:00:00,2047.23,2053.44,2046.8,2046.8
2023-10-11 09:00:00,2046.8,2047.78,2043.59,2044.59
2023-10-11 10:00:00,2044.59,2044.59,2040.15,2043.07
2023-10-11 11:00:00,2043.07,2045.25,2040.79,2042.23
2023-10-11 12:00:00,2042.23,2044.51,2040.67,2040.67
2023-10-11 13:00:00,2040.67,2045.34,2038.17,2045.34
2023-10-11 14:00:00,2045.34,2045.66,2040.11,2042.92
2023-10-11 15:00:00,2042.92,2043.22,2035.81,2035.81
2023-10-11 16:00:00,2035.81,2039.73,2032.01,2032.01
2023-10-11 17:00:00,2032.01,2036.36,2030.57,2036.36
2023-10-11 18:00:00,2036.36,2050.74,2035.27,2050.74
2023-10-11 19:00:00,2050.74,2051.63,2047.62,2050.68
2023-10-11 20:00:00,2050.68,2050.73,2041.89,2042.5
2023-10-11 21:00:00,2042.5,2045.1,2039.54,2042.61
2023-10-11 22:00:00,2042.61,2046.7,2042.09,2042.09
2023-10-11 23:00:00,2042.09,2044.35,2038.86,2043.63
2023-10-12 00:00:00,2043.63,2044.74,2041.76,2044.66
2023-10-12 01:00:00,2044.66,2046.47,2043.59,2045.88
2023-10-12 02:00:00,2045.88,2056.0,2045.88,2051.71
2023-10-12 03:00:00,2051.71,2052.04,2044.7,2046.53
2023-10-12 04:00:00,2046.53,2046.53,2019.72,2019.72
2023-10-12 05:00:00,2019.72,2019.72,2010.01,2010.01
2023-10-12 06:00:00,2010.01,2010.01,1998.82,2001.47
2023-10-12 07:00:00,2001.47,2021.67,2001.47,2020.29
2023-10-12 08:00:00,2020.29,2022.52,2014.92,2015.53
2023-10-12 09:00:00,2015.53,2015.53,2001.93,2001.93
2023-10-12 10:00:00,2001.93,2008.42,1999.87,2004.98
2023-10-12 11:00:00,2004.98,2011.8,2004.98,2009.8
2023-10-12 12:00:00,2009.8,2013.79,2005.51,2013.79
2023-10-12 13:00:00,2013.79,2013.79,2003.68,2007.31
2023-10-12 14:00:00,2007.31,2014.62,2007.31,2012.11
2023-10-12 15:00:00,2012.11,2023.46,2012.11,2022.22
2023-10-12 16:00:00,2022.22,2034.65,2022.22,2034.65
2023-10-12 17:00:00,2034.65,2044.98,2034.65,2044.38
2023-10-12 18:00:00,2044.38,2048.24,2042.55,2046.22
2023-10-12 19:00:00,2046.22,2051.41,2046.22,2048.0
2023-10-12 20:00:00,2048.0,2066.76,2047.83,2066.04
2023-10-12 21:00:00,2066.04,2071.71,2066.04,2071.57
2023-10-12 22:00:00,2071.57,2072.33,2064.51,2072.33
2023-10-12 23:00:00,2072.33,2073.22,2069.45,2069.45
2023-10-13 00:00:00,2069.45,2077.89,2069.45,2070.16
2023-10-13 01:00:00,2070.16,2070.74,2063.63,2069.25
2023-10-13 02:00:00,2069.25,2071.1,2066.42,2067.16
2023-10-13 03:00:00,2067.16,2067.16,2060.4,2063.67
2023-10-13 04:00:00,2063.67,2069.85,2062.82,2068.53
2023-10-13 05:00:00,2068.53,2071.91,2063.28,2071.91
2023-10-13 06:00:00,2071.91,2072.06,2065.22,2065.22
2023-10-13 07:00:00,2065.22,2067.21,2061.66,2067.21
2023-10-13 08:00:00,2067.21,2073.52,2067.21,2072.7
2023-10-13 09:00:00,2072.7,2073.51,2056.86,2060.66
2023-10-13 10:00:00,2060.66,2065.93,2056.83,2063.34
2023-10-13 11:00:00,2063.34,2066.45,2061.49,2066.45
2023-10-13 12:00:00,2066.45,2073.0,2065.6,2071.01
2023-10-13 13:00:00,2071.01,2074.46,2070.86,2071.37
2023-10-13 14:00:00,2071.37,2086.18,2071.37,2084.81
2023-10-13 15:00:00,2084.81,2087.99,2070.04,2073.61
2023-10-13 16:00:00,2073.61,2076.08,2072.73,2074.91
2023-10-13 17:00:00,2074.91,2080.68,2074.19,2080.33
2023-10-13 18:00:00,2080.33,2080.42,2059.2,2059.2
2023-10-13 19:00:00,2059.2,2064.9,2057.58,2062.27
2023-10-13 20:00:00,2062.27,2066.34,2062.21,2065.31
2023-10-13 21:00:00,2065.31,2066.81,2062.39,2062.39
2023-10-13 22:00:00,2062.39,2062.79,2054.31,2058.19
2023-10-13 23:00:00,2058.19,2059.24,2055.41,2055.41
2023-10-16 00:00:00,2055.41,2064.66,2055.41,2061.1
2023-10-16 01:00:00,2061.1,2069.47,2060.67,2066.88
2023-10-16 02:00:00,2066.88,2074.48,2066.33,2074.03
2023-10-16 03:00:00,2074.03,2079.29,2068.21,2079.29
2023-10-16 04:00:00,2079.29,2079.29,2071.33,2074.52
2023-10-16 05:00:00,2074.52,2081.44,2073.61,2081.44
2023-10-16 06:00:00,2081.44,2092.8,2081.44,2091.33
2023-10-16 07:00:00,2091.33,2092.22,2087.3,2087.3
2023-10-16 08:00:00,2087.3,2087.3,2075.68,2079.99
2023-10-16 09:00:00,2079.99,2081.28,2070.97,2073.22
2023-10-16 10:00:00,2073.22,2073.22,2063.69,2063.69
2023-10-16 11:00:00,2063.69,2071.3,2063.69,2066.53
2023-10-16 12:00:00,2066.53,2076.13,2066.53,2073.19
2023-10-16 13:00:00,2073.19,2074.6,2070.13,2072.3
2023-10-16 14:00:00,2072.3,2072.3,2057.32,2057.55
2023-10-16 15:00:00,2057.55,2057.85,2054.0,2054.0
2023-10-16 16:00:00,2054.0,2060.39,2053.18,2060.39
2023-10-16 17:00:00,2060.39,2070.03,2060.39,2066.29
2023-10-16 18:00:00,2066.29,2067.79,2064.07,2065.43
2023-10-16 19:00:00,2065.43,2072.1,2065.43,2067.7
2023-10-16 20:00:00,2067.7,2067.7,2060.17,2065.68
2023-10-16 21:00:00,2065.68,2069.87,2055.92,2055.92
2023-10-16 22:00:00,2055.92,2064.92,2055.92,2061.06
2023-10-16 23:00:00,2061.06,2061.06,2057.53,2058.0
2023-10-17 00:00:00,2058.0,2064.33,2054.88,2059.69
2023-10-17 01:00:00,2059.69,2063.1,2058.13,2059.41
2023-10-17 02:00:00,2059.41,2059.49,2055.69,2056.19
2023-10-17 03:00:00,2056.19,2057.15,2047.94,2047.94
2023-10-17 04:00:00,2047.94,2060.51,2047.94,2056.63
2023-10-17 05:00:00,2056.63,2065.36,2056.63,2065.36
2023-10-17 06:00:00,2065.36,2065.36,2056.51,2061.3
2023-10-17 07:00:00,2061.3,2063.0,2055.9,2061.22
2023-10-17 08:00:00,2061.22,2061.69,2057.98,2058.79
2023-10-17 09:00:00,2058.79,2060.22,2049.79,2049.79
2023-10-17 10:00:00,2049.79,2053.24,2049.03,2053.24
2023-10-17 11:00:00,2053.24,2059.38,2053.24,2059.13
2023-10-17 12:00:00,2059.13,2059.86,2055.21,2058.81
2023-10-17 13:00:00,2058.81,2060.88,2048.85,2048.85
2023-10-17 14:00:00,2048.85,2050.57,2046.81,2048.18
2023-10-17 15:00:00,2048.18,2048.18,2044.98,2047.05
2023-10-17 16:00:00,2047.05,2051.98,2046.74,2049.29
2023-10-17 17:00:00,2049.29,2056.62,2049.29,2053.76
2023-10-17 18:00:00,2053.76,2055.59,2052.06,2053.77
2023-10-17 19:00:00,2053.77,2058.92,2053.77,2058.92
2023-10-17 20:00:00,2058.92,2069.69,2058.67,2069.69
2023-10-17 21:00:00,2069.69,2073.64,2069.05,2073.64
2023-10-17 22:00:00,2073.64,2081.04,2072.31,2079.71
2023-10-17 23:00:00,2079.71,2083.89,2078.2,2083.4
2023-10-18 00:00:00,2083.4,2091.42,2083.4,2088.26
2023-10-18 01:00:00,2088.26,2098.2,2088.26,2093.69
2023-10-18 02:00:00,2093.69,2097.38,2089.73,2089.73
2023-10-18 03:00:00,2089.73,2090.01,2079.03,2079.03
2023-10-18 04:00:00,2079.03,2085.56,2079.03,2081.19
2023-10-18 05:00:00,2081.19,2091.43,2081.19,2090.32
2023-10-18 06:00:00,2090.32,2095.4,2084.89,2085.57
2023-10-18 07:00:00,2085.57,2086.54,2080.82,2080.82
2023-10-18 08:00:00,2080.82,2084.66,2077.62,2082.0
2023-10-18 09:00:00,2082.0,2091.54,2082.0,2090.27
2023-10-18 10:00:00,2090.27,2090.27,2085.6,2087.01
2023-10-18 11:00:00,2087.01,2089.35,2087.01,2089.16
2023-10-18 12:00:00,2089.16,2089.16,2080.92,2082.01
2023-10-18 13:00:00,2082.01,2088.23,2078.97,2087.94
2023-10-18 14:00:00,2087.94,2090.92,2086.63,2089.2
2023-10-18 15:00:00,2089.2,2093.6,2086.57,2093.6
2023-10-18 16:00:00,2093.6,2093.6,2086.42,2086.71
2023-10-18 17:00:00,2086.71,2086.71,2079.02,2082.78
2023-10-18 18:00:00,2082.78,2084.09,2079.67,2082.28
2023-10-18 19:00:00,2082.28,2084.51,2081.69,2081.69
2023-10-18 20:00:00,2081.69,2084.96,2081.69,2084.96
2023-10-18 21:00:00,2084.96,2086.87,2080.4,2085.57
2023-10-18 22:00:00,2085.57,2085.57,2075.74,2081.29
2023-10-18 23:00:00,2081.29,2089.44,2081.29,2088.33
2023-10-19 00:00:00,2088.33,2089.02,2083.68,2088.68
2023-10-19 01:00:00,2088.68,2091.8,2088.44,2091.14
2023-10-19 02:00:00,2091.14,2094.85,2090.09,2092.47
2023-10-19 03:00:00,2092.47,2096.91,2089.92,2091.84
2023-10-19 04:00:00,2091.84,2096.63,2089.36,2089.36
2023-10-19 05:00:00,2089.36,2090.95,2085.97,2089.32
2023-10-19 06:00:00,2089.32,2091.22,2087.67,2089.18
2023-10-19 07:00:00,2089.18,2092.18,2086.84,2092.18
2023-10-19 08:00:00,2092.18,2093.94,2087.29,2093.63
2023-10-19 09:00:00,2093.63,2093.63,2081.79,2083.58
2023-10-19 10:00:00,2083.58,2091.09,2083.58,2090.04
2023-10-19 11:00:00,2090.04,2090.04,2080.13,2084.99
2023-10-19 12:00:00,2084.99,2092.32,2084.61,2089.37
2023-10-19 13:00:00,2089.37,2093.19,2088.06,2092.84
2023-10-19 14:00:00,2092.84,2096.85,2091.06,2094.13
2023-10-19 15:00:00,2094.13,2107.32,2094.13,2104.33
2023-10-19 16:00:00,2104.33,2108.17,2099.97,2104.86
2023-10-19 17:00:00,2104.86,2114.46,2104.73,2114.46
2023-10-19 18:00:00,2114.46,2114.46,2102.13,2102.9
2023-10-19 19:00:00,2102.9,2110.73,2102.9,2109.14
2023-10-19 20:00:00,2109.14,2109.68,2101.23,2101.23
2023-10-19 21:00:00,2101.23,2102.13,2094.37,2094.37
2023-10-19 22:00:00,2094.37,2094.37,2091.2,2092.69
2023-10-19 23:00:00,2092.69,2096.08,2091.5,2091.5
2023-10-20 00:00:00,2091.5,2100.16,2091.23,2100.16
2023-10-20 01:00:00,2100.16,2103.35,2097.83,2098.04
2023-10-20 02:00:00,2098.04,2102.37,2093.98,2102.37
2023-10-20 03:00:00,2102.37,2103.21,2098.99,2099.87
2023-10-20 04:00:00,2099.87,2111.02,2099.87,2111.02
2023-10-20 05:00:00,2111.02,2121.67,2111.02,2115.87
2023-10-20 06:00:00,2115.87,2123.71,2115.85,2122.34
2023-10-20 07:00:00,2122.34,2124.15,2119.24,2119.36
2023-10-20 08:00:00,2119.36,2119.76,2110.8,2114.64
2023-10-20 09:00:00,2114.64,2127.42,2114.64,2127.42
2023-10-20 10:00:00,2127.42,2130.05,2124.2,2126.51
2023-10-20 11:00:00,2126.51,2133.29,2111.42,2111.42
2023-10-20 12:00:00,2111.42,2116.79,2110.78,2116.45
2023-10-20 13:00:00,2116.45,2117.29,2111.19,2115.71
2023-10-20 14:00:00,2115.71,2121.1,2113.85,2114.82
2023-10-20 15:00:00,2114.82,2121.28,2114.09,2121.28
2023-10-20 16:00:00,2121.28,2127.0,2117.64,2117.64
2023-10-20 17:00:00,2117.64,2117.64,2105.19,2108.78
2023-10-20 18:00:00,2108.78,2114.01,2104.34,2105.9
2023-10-20 19:00:00,2105.9,2109.68,2100.52,2100.52
2023-10-20 20:00:00,2100.52,2106.19,2095.26,2095.26
2023-10-20 21:00:00,2095.26,2100.82,2094.06,2099.37
2023-10-20 22:00:00,2099.37,2101.71,2097.1,2101.71
2023-10-20 23:00:00,2101.71,2104.3,2099.8,2102.52
2023-10-23 00:00:00,2102.52,2109.23,2100.39,2109.01
2023-10-23 01:00:00,2109.01,2113.56,2109.01,2110.39
2023-10-23 02:00:00,2110.39,2115.67,2110.39,2111.95
2023-10-23 03:00:00,2111.95,2111.95,2102.07,2102.07
2023-10-23 04:00:00,2102.07,2105.03,2098.18,2098.98
2023-10-23 05:00:00,2098.98,2106.78,2097.08,2106.03
2023-10-23 06:00:00,2106.03,2108.19,2099.5,2104.14
2023-10-23 07:00:00,2104.14,2114.94,2102.48,2107.95
2023-10-23 08:00:00,2107.95,2108.46,2100.39,2100.39
2023-10-23 09:00:00,2100.39,2103.01,2098.74,2101.83
2023-10-23 10:00:00,2101.83,2108.31,2101.83,2104.51
2023-10-23 11:00:00,2104.51,2111.12,2104.51,2110.38
2023-10-23 12:00:00,2110.38,2117.09,2110.38,2117.09
2023-10-23 13:00:00,2117.09,2117.09,2111.54,2111.8
2023-10-23 14:00:00,2111.8,2112.5,2106.35,2107.51
2023-10-23 15:00:00,2107.51,2107.51,2098.79,2105.3
2023-10-23 16:00:00,2105.3,2106.53,2104.23,2105.79
2023-10-23 17:00:00,2105.79,2108.71,2102.28,2107.59
2023-10-23 18:00:00,2107.59,2109.8,2105.68,2105.68
2023-10-23 19:00:00,2105.68,2114.39,2105.17,2113.86
2023-10-23 20:00:00,2113.86,2119.88,2112.39,2119.48
2023-10-23 21:00:00,2119.48,2125.11,2119.48,2121.19
2023-10-23 22:00:00,2121.19,2121.38,2112.47,2112.51
2023-10-23 23:00:00,2112.51,2112.51,2097.83,2100.01
2023-10-24 00:00:00,2100.01,2102.36,2093.75,2101.14
2023-10-24 01:00:00,2101.14,2115.6,2099.52,2115.6
2023-10-24 02:00:00,2115.6,2116.64,2108.96,2115.98
2023-10-24 03:00:00,2115.98,2115.98,2101.68,2103.62
2023-10-24 04:00:00,2103.62,2105.51,2101.52,2102.94
2023-10-24 05:00:00,2102.94,2110.67,2102.85,2110.67
2023-10-24 06:00:00,2110.67,2116.88,2110.67,2111.56
2023-10-24 07:00:00,2111.56,2112.02,2106.78,2112.02
2023-10-24 08:00:00,2112.02,2115.54,2109.67,2109.67
2023-10-24 09:00:00,2109.67,2115.18,2106.28,2106.28
2023-10-24 10:00:00,2106.28,2106.9,2099.8,2101.06
2023-10-24 11:00:00,2101.06,2104.39,2100.16,2103.87
2023-10-24 12:00:00,2103.87,2107.02,2099.81,2103.21
2023-10-24 13:00:00,2103.21,2103.97,2096.21,2103.97
2023-10-24 14:00:00,2103.97,2105.13,2100.62,2101.61
2023-10-24 15:00:00,2101.61,2110.52,2101.61,2110.52
2023-10-24 16:00:00,2110.52,2110.52,2103.06,2104.35
2023-10-24 17:00:00,2104.35,2104.35,2096.83,2096.83
2023-10-24 18:00:00,2096.83,2104.31,2095.93,2104.02
2023-10-24 19:00:00,2104.02,2104.02,2097.02,2097.02
2023-10-24 20:00:00,2097.02,2099.17,2096.14,2096.14
2023-10-24 21:00:00,2096.14,2107.62,2095.99,2107.62
2023-10-24 22:00:00,2107.62,2108.95,2101.45,2105.16
2023-10-24 23:00:00,2105.16,2109.17,2104.33,2107.8
2023-10-25 00:00:00,2107.8,2109.79,2104.85,2108.0
2023-10-25 01:00:00,2108.0,2108.0,2102.22,2104.01
2023-10-25 02:00:00,2104.01,2105.71,2099.25,2100.27
2023-10-25 03:00:00,2100.27,2105.29,2094.91,2098.43
2023-10-25 04:00:00,2098.43,2099.71,2090.37,2090.37
2023-10-25 05:00:00,2090.37,2092.3,2086.04,2091.29
2023-10-25 06:00:00,2091.29,2096.65,2083.46,2096.65
2023-10-25 07:00:00,2096.65,2104.78,2091.83,2104.78
2023-10-25 08:00:00,2104.78,2104.78,2093.11,2093.11
2023-10-25 09:00:00,2093.11,2101.77,2093.11,2101.77
2023-10-25 10:00:00,2101.77,2103.13,2098.24,2100.94
2023-10-25 11:00:00,2100.94,2102.33,2092.38,2092.38
2023-10-25 12:00:00,2092.38,2092.38,2085.63,2085.63
2023-10-25 13:00:00,2085.63,2086.27,2082.55,2085.72
2023-10-25 14:00:00,2085.72,2092.17,2085.34,2092.17
2023-10-25 15:00:00,2092.17,2092.17,2079.03,2080.09
2023-10-25 16:00:00,2080.09,2088.25,2079.27,2088.25
2023-10-25 17:00:00,2088.25,2088.58,2081.99,2081.99
2023-10-25 18:00:00,2081.99,2083.48,2077.04,2080.24
2023-10-25 19:00:00,2080.24,2087.02,2076.55,2076.74
2023-10-25 20:00:00,2076.74,2083.64,2075.18,2082.15
2023-10-25 21:00:00,2082.15,2090.37,2081.3,2087.53
2023-10-25 22:00:00,2087.53,2098.4,2086.61,2097.67
2023-10-25 23:00:00,2097.67,2098.78,2087.99,2087.99
2023-10-26 00:00:00,2087.99,2093.13,2085.2,2091.17
2023-10-26 01:00:00,2091.17,2097.73,2090.38,2097.59
2023-10-26 02:00:00,2097.59,2099.43,2090.0,2099.43
2023-10-26 03:00:00,2099.43,2100.72,2097.83,2098.51
2023-10-26 04:00:00,2098.51,2104.71,2097.47,2097.47
2023-10-26 05:00:00,2097.47,2104.26,2094.34,2104.26
2023-10-26 06:00:00,2104.26,2106.48,2101.67,2106.48
2023-10-26 07:00:00,2106.48,2109.55,2105.89,2109.25
2023-10-26 08:00:00,2109.25,2112.83,2106.08,2112.83
2023-10-26 09:00:00,2112.83,2112.83,2107.12,2109.18
2023-10-26 10:00:00,2109.18,2114.45,2109.18,2114.02
2023-10-26 11:00:00,2114.02,2114.83,2111.84,2111.84
2023-10-26 12:00:00,2111.84,2117.41,2111.24,2117.41
2023-10-26 13:00:00,2117.41,2117.63,2110.81,2117.63
2023-10-26 14:00:00,2117.63,2119.24,2111.74,2111.74
2023-10-26 15:00:00,2111.74,2123.3,2111.74,2122.25
2023-10-26 16:00:00,2122.25,2124.29,2118.52,2124.29
2023-10-26 17:00:00,2124.29,2128.91,2114.82,2115.2
2023-10-26 18:00:00,2115.2,2125.87,2114.94,2125.87
2023-10-26 19:00:00,2125.87,2125.87,2120.01,2120.01
2023-10-26 20:00:00,2120.01,2124.06,2118.55,2122.85
2023-10-26 21:00:00,2122.85,2135.79,2122.85,2135.79
2023-10-26 22:00:00,2135.79,2135.79,2122.75,2125.01
2023-10-26 23:00:00,2125.01,2129.84,2120.83,2129.84
2023-10-27 00:00:00,2129.84,2134.43,2123.39,2124.9
2023-10-27 01:00:00,2124.9,2125.49,2117.06,2125.19
2023-10-27 02:00:00,2125.19,2125.19,2118.44,2122.44
2023-10-27 03:00:00,2122.44,2127.27,2118.96,2127.27
2023-10-27 04:00:00,2127.27,2128.9,2125.26,2126.17
2023-10-27 05:00:00,2126.17,2126.66,2119.31,2121.98
2023-10-27 06:00:00,2121.98,2121.98,2111.75,2113.89
2023-10-27 07:00:00,2113.89,2117.39,2112.87,2116.84
2023-10-27 08:00:00,2116.84,2126.1,2116.84,2122.05
2023-10-27 09:00:00,2122.05,2124.64,2115.88,2124.64
2023-10-27 10:00:00,2124.64,2133.41,2124.64,2133.39
2023-10-27 11:00:00,2133.39,2135.96,2129.71,2135.94
2023-10-27 12:00:00,2135.94,2149.29,2135.94,2149.29
2023-10-27 13:00:00,2149.29,2152.89,2145.39,2152.89
2023-10-27 14:00:00,2152.89,2159.86,2152.45,2153.66
2023-10-27 15:00:00,2153.66,2159.34,2153.66,2157.1
2023-10-27 16:00:00,2157.1,2157.69,2152.25,2157.04
2023-10-27 17:00:00,2157.04,2157.04,2149.76,2150.6
2023-10-27 18:00:00,2150.6,2155.91,2147.23,2153.87
2023-10-27 19:00:00,2153.87,2155.52,2149.68,2149.68
2023-10-27 20:00:00,2149.68,2165.79,2149.68,2165.79
2023-10-27 21:00:00,2165.79,2167.78,2161.55,2163.93
2023-10-27 22:00:00,2163.93,2169.29,2161.53,2169.29
2023-10-27 23:00:00,2169.29,2171.48,2164.66,2166.22
2023-10-30 00:00:00,2166.22,2170.21,2165.92,2167.3
2023-10-30 01:00:00,2167.3,2179.69,2167.3,2179.69
2023-10-30 02:00:00,2179.69,2185.53,2179.69,2181.81
2023-10-30 03:00:00,2181.81,2183.74,2179.71,2183.63
2023-10-30 04:00:00,2183.63,2184.98,2180.52,2183.0
2023-10-30 05:00:00,2183.0,2198.34,2183.0,2193.69
2023-10-30 06:00:00,2193.69,2194.51,2172.3,2172.77
2023-10-30 07:00:00,2172.77,2173.36,2167.72,2167.72
2023-10-30 08:00:00,2167.72,2167.72,2156.73,2157.33
2023-10-30 09:00:00,2157.33,2163.68,2157.33,2161.5
2023-10-30 10:00:00,2161.5,2161.5,2157.42,2158.65
2023-10-30 11:00:00,2158.65,2170.13,2158.65,2166.58
2023-10-30 12:00:00,2166.58,2167.73,2163.65,2164.62
2023-10-30 13:00:00,2164.62,2164.62,2159.65,2161.75
2023-10-30 14:00:00,2161.75,2164.78,2160.97,2163.84
2023-10-30 15:00:00,2163.84,2172.78,2162.77,2167.0
2023-10-30 16:00:00,2167.0,2176.64,2167.0,2176.64
2023-10-30 17:00:00,2176.64,2177.09,2163.48,2163.48
2023-10-30 18:00:00,2163.48,2163.48,2150.57,2157.7
2023-10-30 19:00:00,2157.7,2166.14,2157.06,2166.14
2023-10-30 20:00:00,2166.14,2166.14,2160.67,2162.55
2023-10-30 21:00:00,2162.55,2165.66,2160.78,2165.66
2023-10-30 22:00:00,2165.66,2167.62,2154.73,2154.73
2023-10-30 23:00:00,2154.73,2161.49,2154.46,2161.49
2023-10-31 00:00:00,2161.49,2166.45,2156.49,2166.45
2023-10-31 01:00:00,2166.45,2166.45,2158.72,2159.58
2023-10-31 02:00:00,2159.58,2163.02,2155.73,2156.52
2023-10-31 03:00:00,2156.52,2156.52,2149.72,2155.2
2023-10-31 04:00:00,2155.2,2156.71,2149.15,2149.15
2023-10-31 05:00:00,2149.15,2150.08,2143.46,2143.46
2023-10-31 06:00:00,2143.46,2147.12,2137.42,2138.91
2023-10-31 07:00:00,2138.91,2148.01,2138.79,2141.34
2023-10-31 08:00:00,2141.34,2144.77,2137.79,2143.45
2023-10-31 09:00:00,2143.45,2143.45,2138.78,2142.55
2023-10-31 10:00:00,2142.55,2143.32,2131.88,2138.15
2023-10-31 11:00:00,2138.15,2139.32,2127.7,2127.7
2023-10-31 12:00:00,2127.7,2135.44,2127.7,2135.44
2023-10-31 13:00:00,2135.44,2147.73,2130.32,2147.73
2023-10-31 14:00:00,2147.73,2151.84,2144.62,2151.84
2023-10-31 15:00:00,2151.84,2154.64,2149.41,2151.61
2023-10-31 16:00:00,2151.61,2159.4,2151.61,2158.01
2023-10-31 17:00:00,2158.01,2165.55,2156.94,2162.64
2023-10-31 18:00:00,2162.64,2169.57,2162.64,2166.01
2023-10-31 19:00:00,2166.01,2170.95,2166.01,2169.03
2023-10-31 20:00:00,2169.03,2170.66,2168.19,2170.66
2023-10-31 21:00:00,2170.66,2171.33,2169.06,2170.88
2023-10-31 22:00:00,2170.88,2179.0,2170.88,2179.0
2023-10-31 23:00:00,2179.0,2179.29,2171.14,2171.14
2023-11-01 00:00:00,2171.14,2184.81,2171.14,2184.81
2023-11-01 01:00:00,2184.81,2187.07,2182.71,2186.98
2023-11-01 02:00:00,2186.98,2194.53,2185.17,2192.74
2023-11-01 03:00:00,2192.74,2204.29,2192.74,2202.58
2023-11-01 04:00:00,2202.58,2207.12,2200.88,2205.56
2023-11-01 05:00:00,2205.56,2206.06,2202.48,2205.92
2023-11-01 06:00:00,2205.92,2208.28,2199.71,2208.28
2023-11-01 07:00:00,2208.28,2210.6,2204.91,2210.21
2023-11-01 08:00:00,2210.21,2210.21,2206.3,2209.61
2023-11-01 09:00:00,2209.61,2213.24,2188.07,2188.07
2023-11-01 10:00:00,2188.07,2199.21,2187.13,2196.98
2023-11-01 11:00:00,2196.98,2196.98,2190.77,2191.6
2023-11-01 12:00:00,2191.6,2193.04,2186.16,2189.82
2023-11-01 13:00:00,2189.82,2189.82,2184.46,2188.27
2023-11-01 14:00:00,2188.27,2190.57,2185.91,2188.04
2023-11-01 15:00:00,2188.04,2191.67,2183.13,2188.17
2023-11-01 16:00:00,2188.17,2188.57,2182.5,2184.65
2023-11-01 17:00:00,2184.65,2185.96,2180.29,2180.34
2023-11-01 18:00:00,2180.34,2189.74,2180.34,2187.77
2023-11-01 19:00:00,2187.77,2196.45,2186.29,2196.38
2023-11-01 20:00:00,2196.38,2199.76,2195.28,2199.76
2023-11-01 21:00:00,2199.76,2208.05,2199.76,2208.05
2023-11-01 22:00:00,2208.05,2208.05,2197.35,2200.81
2023-11-01 23:00:00,2200.81,2203.76,2195.74,2198.22
2023-11-02 00:00:00,2198.22,2200.83,2193.55,2193.55
2023-11-02 01:00:00,2193.55,2195.93,2192.08,2192.86
2023-11-02 02:00:00,2192.86,2193.85,2190.29,2193.85
2023-11-02 03:00:00,2193.85,2195.9,2191.34,2194.24
2023-11-02 04:00:00,2194.24,2200.51,2192.77,2192.77
2023-11-02 05:00:00,2192.77,2202.22,2192.05,2202.22
2023-11-02 06:00:00,2202.22,2202.22,2195.94,2196.0
2023-11-02 07:00:00,2196.0,2200.01,2192.17,2192.17
2023-11-02 08:00:00,2192.17,2192.17,2186.0,2187.77
2023-11-02 09:00:00,2187.77,2193.38,2187.41,2190.85
2023-11-02 10:00:00,2190.85,2190.85,2186.27,2187.85
2023-11-02 11:00:00,2187.85,2196.32,2187.85,2191.72
2023-11-02 12:00:00,2191.72,2195.28,2188.87,2188.87
2023-11-02 13:00:00,2188.87,2195.45,2186.91,2191.65
2023-11-02 14:00:00,2191.65,2193.31,2176.52,2176.52
2023-11-02 15:00:00,2176.52,2176.52,2155.82,2155.82
2023-11-02 16:00:00,2155.82,2163.56,2153.4,2163.02
2023-11-02 17:00:00,2163.02,2164.47,2161.25,2161.25
2023-11-02 18:00:00,2161.25,2161.25,2148.85,2148.85
2023-11-02 19:00:00,2148.85,2148.85,2133.0,2133.0
2023-11-02 20:00:00,2133.0,2142.53,2133.0,2140.57
2023-11-02 21:00:00,2140.57,2140.57,2133.72,2134.69
2023-11-02 22:00:00,2134.69,2139.55,2129.7,2136.72
2023-11-02 23:00:00,2136.72,2145.8,2135.46,2145.12
2023-11-03 00:00:00,2145.12,2152.03,2145.12,2151.46
2023-11-03 01:00:00,2151.46,2156.95,2151.27,2153.15
2023-11-03 02:00:00,2153.15,2153.15,2144.4,2148.15
2023-11-03 03:00:00,2148.15,2153.52,2148.15,2150.29
2023-11-03 04:00:00,2150.29,2152.25,2144.85,2145.59
2023-11-03 05:00:00,2145.59,2152.53,2144.61,2148.7
2023-11-03 06:00:00,2148.7,2156.72,2148.56,2153.13
2023-11-03 07:00:00,2153.13,2162.84,2153.13,2162.84
2023-11-03 08:00:00,2162.84,2166.94,2161.14,2163.26
2023-11-03 09:00:00,2163.26,2164.29,2156.11,2156.11
2023-11-03 10:00:00,2156.11,2156.44,2148.61,2153.15
2023-11-03 11:00:00,2153.15,2180.48,2152.17,2176.64
2023-11-03 12:00:00,2176.64,2188.2,2175.86,2188.2
2023-11-03 13:00:00,2188.2,2193.57,2186.02,2191.08
2023-11-03 14:00:00,2191.08,2206.58,2191.08,2204.52
2023-11-03 15:00:00,2204.52,2212.5,2204.13,2211.26
2023-11-03 16:00:00,2211.26,2211.26,2199.39,2202.82
2023-11-03 17:00:00,2202.82,2208.21,2197.64,2207.66
2023-11-03 18:00:00,2207.66,2227.35,2206.35,2225.43
2023-11-03 19:00:00,2225.43,2229.19,2220.7,2220.7
2023-11-03 20:00:00,2220.7,2228.51,2218.34,2224.38
2023-11-03 21:00:00,2224.38,2226.25,2215.07,2215.07
2023-11-03 22:00:00,2215.07,2225.09,2213.68,2224.18
2023-11-03 23:00:00,2224.18,2226.6,2220.58,2226.6
2023-11-06 00:00:00,2226.6,2228.91,2224.89,2228.91
2023-11-06 01:00:00,2228.91,2234.86,2228.91,2233.39
2023-11-06 02:00:00,2233.39,2233.49,2226.76,2232.76
2023-11-06 03:00:00,2232.76,2232.76,2223.43,2227.03
2023-11-06 04:00:00,2227.03,2229.05,2225.6,2228.47
2023-11-06 05:00:00,2228.47,2231.38,2226.25,2228.0
2023-11-06 06:00:00,2228.0,2236.78,2227.19,2236.78
2023-11-06 07:00:00,2236.78,2237.81,2232.16,2236.85
2023-11-06 08:00:00,2236.85,2240.39,2236.47,2240.39
2023-11-06 09:00:00,2240.39,2252.91,2239.39,2251.28
2023-11-06 10:00:00,2251.28,2258.23,2248.74,2248.74
2023-11-06 11:00:00,2248.74,2253.45,2247.21,2250.13
2023-11-06 12:00:00,2250.13,2252.56,2244.99,2248.5
2023-11-06 13:00:00,2248.5,2251.33,2243.39,2243.39
2023-11-06 14:00:00,2243.39,2248.28,2243.2,2244.57
2023-11-06 15:00:00,2244.57,2244.97,2235.36,2237.18
2023-11-06 16:00:00,2237.18,2253.02,2237.18,2251.07
2023-11-06 17:00:00,2251.07,2256.29,2248.02,2248.02
2023-11-06 18:00:00,2248.02,2248.02,2241.37,2242.5
2023-11-06 19:00:00,2242.5,2273.25,2242.5,2272.04
2023-11-06 20:00:00,2272.04,2273.96,2262.62,2263.12
2023-11-06 21:00:00,2263.12,2263.88,2255.67,2255.67
2023-11-06 22:00:00,2255.67,2257.52,2252.97,2253.82
2023-11-06 23:00:00,2253.82,2257.19,2244.21,2247.39
2023-11-07 00:00:00,2247.39,2251.78,2245.74,2245.99
2023-11-07 01:00:00,2245.99,2245.99,2231.53,2231.53
2023-11-07 02:00:00,2231.53,2239.5,2230.84,2237.0
2023-11-07 03:00:00,2237.0,2248.53,2237.0,2244.95
2023-11-07 04:00:00,2244.95,2249.51,2242.74,2246.94
2023-11-07 05:00:00,2246.94,2247.91,2240.53,2240.8
2023-11-07 06:00:00,2240.8,2246.53,2240.8,2243.43
2023-11-07 07:00:00,2243.43,2249.81,2231.46,2231.46
2023-11-07 08:00:00,2231.46,2237.34,2231.46,2236.53
2023-11-07 09:00:00,2236.53,2236.53,2228.99,2231.63
2023-11-07 10:00:00,2231.63,2233.85,2227.86,2229.68
2023-11-07 11:00:00,2229.68,2233.32,2222.99,2223.28
2023-11-07 12:00:00,2223.28,2230.85,2221.4,2230.85
2023-11-07 13:00:00,2230.85,2239.16,2229.89,2234.44
2023-11-07 14:00:00,2234.44,2240.88,2230.98,2239.95
2023-11-07 15:00:00,2239.95,2239.95,2231.41,2232.66
2023-11-07 16:00:00,2232.66,2236.22,2231.46,2232.7
2023-11-07 17:00:00,2232.7,2235.71,2232.36,2234.87
2023-11-07 18:00:00,2234.87,2234.87,2226.98,2226.98
2023-11-07 19:00:00,2226.98,2227.15,2220.32,2220.72
2023-11-07 20:00:00,2220.72,2227.65,2217.05,2227.65
2023-11-07 21:00:00,2227.65,2227.65,2222.53,2222.53
2023-11-07 22:00:00,2222.53,2232.7,2222.53,2232.7
2023-11-07 23:00:00,2232.7,2236.59,2232.42,2236.59
2023-11-08 00:00:00,2236.59,2239.84,2236.37,2239.84
2023-11-08 01:00:00,2239.84,2250.64,2239.19,2249.84
2023-11-08 02:00:00,2249.84,2251.36,2247.39,2247.39
2023-11-08 03:00:00,2247.39,2252.41,2246.26,2247.46
2023-11-08 04:00:00,2247.46,2248.59,2237.1,2248.59
2023-11-08 05:00:00,2248.59,2253.88,2243.35,2243.35
2023-11-08 06:00:00,2243.35,2251.13,2241.4,2249.87
2023-11-08 07:00:00,2249.87,2249.87,2240.07,2240.54
2023-11-08 08:00:00,2240.54,2242.44,2234.49,2234.49
2023-11-08 09:00:00,2234.49,2241.12,2234.49,2234.78
2023-11-08 10:00:00,2234.78,2235.88,2229.38,2232.41
2023-11-08 11:00:00,2232.41,2234.69,2230.2,2233.53
2023-11-08 12:00:00,2233.53,2237.14,2232.19,2233.13
2023-11-08 13:00:00,2233.13,2234.2,2231.65,2231.78
2023-11-08 14:00:00,2231.78,2233.11,2225.19,2227.83
2023-11-08 15:00:00,2227.83,2231.28,2225.1,2229.69
2023-11-08 16:00:00,2229.69,2234.95,2229.69,2233.18
2023-11-08 17:00:00,2233.18,2236.98,2230.77,2231.15
2023-11-08 18:00:00,2231.15,2235.58,2227.23,2228.84
2023-11-08 19:00:00,2228.84,2235.45,2228.84,2234.86
2023-11-08 20:00:00,2234.86,2234.86,2230.86,2231.62
2023-11-08 21:00:00,2231.62,2231.62,2224.5,2225.22
2023-11-08 22:00:00,2225.22,2227.47,2224.22,2226.01
2023-11-08 23:00:00,2226.01,2229.7,2223.24,2225.48
2023-11-09 00:00:00,2225.48,2228.74,2224.24,2228.74
2023-11-09 01:00:00,2228.74,2235.05,2228.74,2235.05
2023-11-09 02:00:00,2235.05,2235.05,2225.71,2231.65
2023-11-09 03:00:00,2231.65,2241.11,2231.65,2240.86
2023-11-09 04:00:00,2240.86,2250.56,2236.43,2236.43
2023-11-09 05:00:00,2236.43,2237.84,2228.41,2230.79
2023-11-09 06:00:00,2230.79,2233.71,2228.57,2232.64
2023-11-09 07:00:00,2232.64,2245.71,2226.06,2245.64
2023-11-09 08:00:00,2245.64,2245.64,2241.01,2241.46
2023-11-09 09:00:00,2241.46,2246.11,2240.1,2244.45
2023-11-09 10:00:00,2244.45,2245.57,2242.61,2243.43
2023-11-09 11:00:00,2243.43,2243.43,2235.77,2237.78
2023-11-09 12:00:00,2237.78,2238.06,2232.62,2237.1
2023-11-09 13:00:00,2237.1,2244.39,2237.1,2243.95
2023-11-09 14:00:00,2243.95,2248.8,2243.95,2246.77
2023-11-09 15:00:00,2246.77,2248.05,2241.92,2246.27
2023-11-09 16:00:00,2246.27,2253.59,2243.46,2248.1
2023-11-09 17:00:00,2248.1,2249.81,2243.47,2243.47
2023-11-09 18:00:00,2243.47,2249.39,2242.88,2242.88
2023-11-09 19:00:00,2242.88,2243.25,2236.94,2238.53
2023-11-09 20:00:00,2238.53,2241.69,2236.09,2241.69
2023-11-09 21:00:00,2241.69,2241.69,2226.79,2229.66
2023-11-09 22:00:00,2229.66,2233.38,2228.36,2233.38
2023-11-09 23:00:00,2233.38,2244.99,2233.38,2238.69
2023-11-10 00:00:00,2238.69,2245.17,2236.28,2245.17
2023-11-10 01:00:00,2245.17,2262.28,2243.74,2262.28
2023-11-10 02:00:00,2262.28,2269.01,2260.47,2263.4
2023-11-10 03:00:00,2263.4,2264.45,2258.9,2260.59
2023-11-10 04:00:00,2260.59,2271.08,2260.1,2268.64
2023-11-10 05:00:00,2268.64,2268.64,2261.94,2265.16
2023-11-10 06:00:00,2265.16,2265.66,2254.83,2256.27
2023-11-10 07:00:00,2256.27,2262.27,2254.68,2262.27
2023-11-10 08:00:00,2262.27,2280.01,2261.43,2279.73
2023-11-10 09:00:00,2279.73,2281.68,2274.32,2280.57
2023-11-10 10:00:00,2280.57,2285.82,2279.22,2279.22
2023-11-10 11:00:00,2279.22,2287.47,2279.22,2286.95
2023-11-10 12:00:00,2286.95,2297.57,2286.95,2296.02
2023-11-10 13:00:00,2296.02,2296.02,2279.97,2279.97
2023-11-10 14:00:00,2279.97,2279.97,2270.61,2271.98
2023-11-10 15:00:00,2271.98,2271.98,2266.89,2267.28
2023-11-10 16:00:00,2267.28,2268.57,2256.33,2256.33
2023-11-10 17:00:00,2256.33,2261.49,2256.33,2257.29
2023-11-10 18:00:00,2257.29,2263.91,2256.48,2263.56
2023-11-10 19:00:00,2263.56,2263.56,2247.7,2248.28
2023-11-10 20:00:00,2248.28,2251.39,2246.72,2249.7
2023-11-10 21:00:00,2249.7,2250.16,2246.78,2250.08
2023-11-10 22:00:00,2250.08,2250.08,2244.27,2244.27
2023-11-10 23:00:00,2244.27,2250.85,2244.27,2250.85
2023-11-13 00:00:00,2250.85,2251.51,2248.31,2248.41
2023-11-13 01:00:00,2248.41,2256.29,2248.41,2251.55
2023-11-13 02:00:00,2251.55,2251.55,2241.94,2243.48
2023-11-13 03:00:00,2243.48,2243.48,2236.71,2239.09
2023-11-13 04:00:00,2239.09,2242.86,2233.49,2234.52
2023-11-13 05:00:00,2234.52,2238.9,2233.63,2238.9
2023-11-13 06:00:00,2238.9,2239.54,2235.75,2238.51
2023-11-13 07:00:00,2238.51,2238.51,2227.06,2229.6
2023-11-13 08:00:00,2229.6,2230.66,2224.76,2230.51
2023-11-13 09:00:00,2230.51,2235.96,2228.31,2234.92
2023-11-13 10:00:00,2234.92,2235.41,2230.31,2232.1
2023-11-13 11:00:00,2232.1,2241.34,2232.1,2238.09
2023-11-13 12:00:00,2238.09,2244.79,2235.02,2244.79
2023-11-13 13:00:00,2244.79,2253.26,2244.72,2253.26
2023-11-13 14:00:00,2253.26,2262.46,2253.26,2261.24
2023-11-13 15:00:00,2261.24,2261.24,2247.78,2248.09
2023-11-13 16:00:00,2248.09,2256.83,2248.09,2253.71
2023-11-13 17:00:00,2253.71,2258.73,2251.88,2256.29
2023-11-13 18:00:00,2256.29,2264.28,2251.31,2264.28
2023-11-13 19:00:00,2264.28,2270.2,2261.67,2263.52
2023-11-13 20:00:00,2263.52,2266.76,2260.83,2265.02
2023-11-13 21:00:00,2265.02,2271.63,2264.44,2270.05
2023-11-13 22:00:00,2270.05,2273.08,2268.92,2273.08
2023-11-13 23:00:00,2273.08,2274.23,2268.44,2269.91
2023-11-14 00:00:00,2269.91,2279.4,2269.91,2275.88
2023-11-14 01:00:00,2275.88,2277.69,2272.31,2276.31
2023-11-14 02:00:00,2276.31,2277.26,2260.98,2260.98
2023-11-14 03:00:00,2260.98,2266.7,2259.46,2266.2
2023-11-14 04:00:00,2266.2,2276.72,2265.13,2276.06
2023-11-14 05:00:00,2276.06,2280.33,2270.24,2280.33
2023-11-14 06:00:00,2280.33,2292.23,2275.94,2292.23
2023-11-14 07:00:00,2292.23,2301.89,2290.4,2300.73
2023-11-14 08:00:00,2300.73,2316.62,2300.7,2309.69
2023-11-14 09:00:00,2309.69,2309.99,2302.62,2302.62
2023-11-14 10:00:00,2302.62,2307.86,2302.62,2307.47
2023-11-14 11:00:00,2307.47,2319.13,2307.47,2319.13
2023-11-14 12:00:00,2319.13,2322.73,2318.63,2319.12
2023-11-14 13:00:00,2319.12,2325.3,2316.48,2325.3
2023-11-14 14:00:00,2325.3,2333.18,2325.3,2331.38
2023-11-14 15:00:00,2331.38,2343.68,2331.38,2343.24
2023-11-14 16:00:00,2343.24,2348.43,2340.33,2340.33
2023-11-14 17:00:00,2340.33,2340.33,2326.03,2327.03
2023-11-14 18:00:00,2327.03,2336.49,2327.03,2335.99
2023-11-14 19:00:00,2335.99,2339.08,2334.82,2335.61
2023-11-14 20:00:00,2335.61,2336.28,2329.45,2333.01
2023-11-14 21:00:00,2333.01,2335.43,2331.57,2334.22
2023-11-14 22:00:00,2334.22,2334.83,2327.91,2327.91
2023-11-14 23:00:00,2327.91,2331.8,2325.42,2326.99
2023-11-15 00:00:00,2326.99,2327.97,2320.28,2323.49
2023-11-15 01:00:00,2323.49,2331.77,2323.04,2330.96
2023-11-15 02:00:00,2330.96,2340.37,2330.96,2334.9
2023-11-15 03:00:00,2334.9,2340.35,2332.64,2338.76
2023-11-15 04:00:00,2338.76,2340.32,2333.42,2337.0
2023-11-15 05:00:00,2337.0,2361.0,2337.0,2361.0
2023-11-15 06:00:00,2361.0,2370.95,2359.32,2367.54
2023-11-15 07:00:00,2367.54,2374.82,2362.96,2362.96
2023-11-15 08:00:00,2362.96,2370.96,2361.7,2367.04
2023-11-15 09:00:00,2367.04,2382.39,2367.04,2381.21
2023-11-15 10:00:00,2381.21,2400.96,2381.21,2393.32
2023-11-15 11:00:00,2393.32,2401.45,2391.67,2397.57
2023-11-15 12:00:00,2397.57,2397.57,2380.91,2380.91
2023-11-15 13:00:00,2380.91,2380.91,2360.52,2362.65
2023-11-15 14:00:00,2362.65,2370.48,2357.27,2368.98
2023-11-15 15:00:00,2368.98,2374.39,2366.51,2373.82
2023-11-15 16:00:00,2373.82,2378.27,2367.55,2374.41
2023-11-15 17:00:00,2374.41,2374.41,2366.37,2366.81
2023-11-15 18:00:00,2366.81,2370.56,2366.67,2366.67
2023-11-15 19:00:00,2366.67,2370.6,2366.65,2369.8
2023-11-15 20:00:00,2369.8,2378.98,2369.8,2377.18
2023-11-15 21:00:00,2377.18,2379.1,2373.23,2377.72
2023-11-15 22:00:00,2377.72,2377.72,2372.64,2373.71
2023-11-15 23:00:00,2373.71,2382.97,2373.53,2382.54
2023-11-16 00:00:00,2382.54,2386.77,2381.58,2385.3
2023-11-16 01:00:00,2385.3,2387.76,2381.03,2381.03
2023-11-16 02:00:00,2381.03,2381.03,2363.19,2363.19
2023-11-16 03:00:00,2363.19,2368.79,2362.71,2366.46
2023-11-16 04:00:00,2366.46,2377.0,2363.8,2374.12
2023-11-16 05:00:00,2374.12,2384.41,2374.12,2384.41
2023-11-16 06:00:00,2384.41,2384.41,2373.34,2373.34
2023-11-16 07:00:00,2373.34,2373.74,2360.39,2360.39
2023-11-16 08:00:00,2360.39,2370.03,2359.99,2359.99
2023-11-16 09:00:00,2359.99,2359.99,2346.43,2350.24
2023-11-16 10:00:00,2350.24,2350.24,2344.15,2348.79
2023-11-16 11:00:00,2348.79,2357.52,2348.79,2348.83
2023-11-16 12:00:00,2348.83,2349.84,2342.74,2342.74
2023-11-16 13:00:00,2342.74,2344.72,2341.02,2342.57
2023-11-16 14:00:00,2342.57,2351.55,2341.57,2351.55
2023-11-16 15:00:00,2351.55,2362.1,2351.55,2362.1
2023-11-16 16:00:00,2362.1,2369.51,2360.63,2368.68
2023-11-16 17:00:00,2368.68,2369.44,2362.35,2366.19
2023-11-16 18:00:00,2366.19,2370.23,2362.82,2370.23
2023-11-16 19:00:00,2370.23,2378.46,2368.28,2378.46
2023-11-16 20:00:00,2378.46,2385.07,2377.99,2384.09
2023-11-16 21:00:00,2384.09,2390.16,2384.09,2390.09
2023-11-16 22:00:00,2390.09,2391.53,2387.36,2388.43
2023-11-16 23:00:00,2388.43,2398.22,2387.27,2398.22
2023-11-17 00:00:00,2398.22,2399.91,2392.15,2393.38
2023-11-17 01:00:00,2393.38,2393.6,2379.46,2379.74
2023-11-17 02:00:00,2379.74,2399.07,2379.74,2399.07
2023-11-17 03:00:00,2399.07,2401.33,2390.6,2391.91
2023-11-17 04:00:00,2391.91,2398.46,2390.44,2398.46
2023-11-17 05:00:00,2398.46,2399.55,2395.47,2398.01
2023-11-17 06:00:00,2398.01,2414.92,2398.01,2410.71
2023-11-17 07:00:00,2410.71,2412.25,2404.15,2410.26
2023-11-17 08:00:00,2410.26,2410.26,2403.21,2409.34
2023-11-17 09:00:00,2409.34,2411.89,2404.79,2406.4
2023-11-17 10:00:00,2406.4,2410.91,2397.56,2407.37
2023-11-17 11:00:00,2407.37,2407.37,2396.58,2396.58
2023-11-17 12:00:00,2396.58,2412.71,2395.51,2412.71
2023-11-17 13:00:00,2412.71,2414.74,2409.75,2409.75
2023-11-17 14:00:00,2409.75,2410.82,2406.71,2409.82
2023-11-17 15:00:00,2409.82,2412.14,2405.25,2412.14
2023-11-17 16:00:00,2412.14,2425.98,2411.25,2425.98
2023-11-17 17:00:00,2425.98,2428.85,2420.59,2423.12
2023-11-17 18:00:00,2423.12,2430.69,2420.46,2428.18
2023-11-17 19:00:00,2428.18,2445.54,2428.18,2433.5
2023-11-17 20:00:00,2433.5,2435.01,2429.89,2432.97
2023-11-17 21:00:00,2432.97,2436.36,2430.97,2430.97
2023-11-17 22:00:00,2430.97,2430.97,2420.85,2424.07
2023-11-17 23:00:00,2424.07,2428.25,2420.96,2426.92
2023-11-20 00:00:00,2426.92,2429.29,2423.48,2423.48
2023-11-20 01:00:00,2423.48,2426.8,2420.39,2421.82
2023-11-20 02:00:00,2421.82,2422.44,2410.79,2410.79
2023-11-20 03:00:00,2410.79,2413.02,2407.54,2411.31
2023-11-20 04:00:00,2411.31,2412.49,2406.49,2408.21
2023-11-20 05:00:00,2408.21,2412.29,2408.21,2412.29
2023-11-20 06:00:00,2412.29,2412.29,2405.49,2405.49
2023-11-20 07:00:00,2405.49,2407.62,2396.91,2396.91
2023-11-20 08:00:00,2396.91,2405.88,2396.91,2405.88
2023-11-20 09:00:00,2405.88,2407.71,2401.56,2401.56
2023-11-20 10:00:00,2401.56,2409.24,2401.56,2401.84
2023-11-20 11:00:00,2401.84,2401.84,2393.1,2393.78
2023-11-20 12:00:00,2393.78,2400.02,2393.78,2395.59
2023-11-20 13:00:00,2395.59,2397.08,2391.13,2391.63
2023-11-20 14:00:00,2391.63,2411.09,2391.63,2411.09
2023-11-20 15:00:00,2411.09,2417.83,2411.09,2416.26
2023-11-20 16:00:00,2416.26,2418.97,2414.65,2418.63
2023-11-20 17:00:00,2418.63,2430.65,2418.63,2425.62
2023-11-20 18:00:00,2425.62,2430.28,2415.87,2415.87
2023-11-20 19:00:00,2415.87,2418.91,2409.09,2409.09
2023-11-20 20:00:00,2409.09,2413.05,2407.73,2410.32
2023-11-20 21:00:00,2410.32,2420.87,2410.32,2420.87
2023-11-20 22:00:00,2420.87,2438.39,2420.87,2426.17
2023-11-20 23:00:00,2426.17,2426.17,2420.03,2421.1
2023-11-21 00:00:00,2421.1,2421.1,2413.76,2418.85
2023-11-21 01:00:00,2418.85,2420.74,2415.53,2416.92
2023-11-21 02:00:00,2416.92,2420.14,2415.8,2418.15
2023-11-21 03:00:00,2418.15,2420.67,2413.9,2417.22
2023-11-21 04:00:00,2417.22,2417.22,2410.74,2411.22
2023-11-21 05:00:00,2411.22,2411.22,2397.81,2403.49
2023-11-21 06:00:00,2403.49,2403.49,2381.12,2381.12
2023-11-21 07:00:00,2381.12,2390.25,2377.04,2387.21
2023-11-21 08:00:00,2387.21,2390.23,2383.99,2388.2
2023-11-21 09:00:00,2388.2,2391.13,2387.08,2387.82
2023-11-21 10:00:00,2387.82,2388.83,2380.52,2380.72
2023-11-21 11:00:00,2380.72,2381.65,2368.19,2370.17
2023-11-21 12:00:00,2370.17,2380.35,2370.17,2380.29
2023-11-21 13:00:00,2380.29,2380.29,2374.96,2374.96
2023-11-21 14:00:00,2374.96,2377.55,2371.21,2371.21
2023-11-21 15:00:00,2371.21,2381.98,2371.21,2380.87
2023-11-21 16:00:00,2380.87,2380.87,2373.77,2374.33
2023-11-21 17:00:00,2374.33,2374.33,2365.96,2367.71
2023-11-21 18:00:00,2367.71,2370.27,2365.19,2368.24
2023-11-21 19:00:00,2368.24,2371.22,2366.65,2367.34
2023-11-21 20:00:00,2367.34,2380.55,2366.32,2380.55
2023-11-21 21:00:00,2380.55,2385.86,2379.34,2385.06
2023-11-21 22:00:00,2385.06,2395.81,2384.61,2395.81
2023-11-21 23:00:00,2395.81,2402.75,2395.33,2401.48
2023-11-22 00:00:00,2401.48,2408.42,2400.22,2407.01
2023-11-22 01:00:00,2407.01,2409.24,2400.18,2400.18
2023-11-22 02:00:00,2400.18,2405.07,2398.63,2404.16
2023-11-22 03:00:00,2404.16,2404.16,2396.04,2399.21
2023-11-22 04:00:00,2399.21,2412.15,2399.21,2411.84
2023-11-22 05:00:00,2411.84,2422.68,2405.67,2422.68
2023-11-22 06:00:00,2422.68,2424.63,2420.44,2422.52
2023-11-22 07:00:00,2422.52,2422.52,2412.94,2414.56
2023-11-22 08:00:00,2414.56,2415.4,2404.29,2405.66
2023-11-22 09:00:00,2405.66,2405.66,2395.91,2399.1
2023-11-22 10:00:00,2399.1,2399.2,2395.97,2395.97
2023-11-22 11:00:00,2395.97,2399.7,2390.68,2397.65
2023-11-22 12:00:00,2397.65,2407.94,2397.65,2407.94
2023-11-22 13:00:00,2407.94,2416.12,2407.29,2415.89
2023-11-22 14:00:00,2415.89,2415.98,2407.95,2411.12
2023-11-22 15:00:00,2411.12,2411.54,2395.75,2395.75
2023-11-22 16:00:00,2395.75,2395.75,2384.95,2389.54
2023-11-22 17:00:00,2389.54,2391.95,2387.18,2391.95
2023-11-22 18:00:00,2391.95,2395.01,2378.81,2378.81
2023-11-22 19:00:00,2378.81,2378.81,2371.84,2373.47
2023-11-22 20:00:00,2373.47,2375.61,2370.81,2375.05
2023-11-22 21:00:00,2375.05,2375.05,2363.76,2363.76
2023-11-22 22:00:00,2363.76,2363.76,2356.31,2359.86
2023-11-22 23:00:00,2359.86,2363.38,2358.01,2363.38
2023-11-23 00:00:00,2363.38,2365.57,2361.48,2365.52
2023-11-23 01:00:00,2365.52,2380.7,2365.52,2379.55
2023-11-23 02:00:00,2379.55,2379.55,2357.14,2369.34
2023-11-23 03:00:00,2369.34,2376.2,2369.34,2373.9
2023-11-23 04:00:00,2373.9,2375.44,2359.85,2360.66
2023-11-23 05:00:00,2360.66,2362.03,2352.67,2352.67
2023-11-23 06:00:00,2352.67,2372.81,2352.67,2368.78
2023-11-23 07:00:00,2368.78,2373.86,2368.22,2368.22
2023-11-23 08:00:00,2368.22,2383.17,2368.22,2383.17
2023-11-23 09:00:00,2383.17,2385.08,2372.54,2375.45
2023-11-23 10:00:00,2375.45,2380.98,2375.45,2379.98
2023-11-23 11:00:00,2379.98,2380.64,2372.54,2372.68
2023-11-23 12:00:00,2372.68,2373.05,2364.83,2364.83
2023-11-23 13:00:00,2364.83,2367.96,2363.86,2367.96
2023-11-23 14:00:00,2367.96,2370.75,2363.66,2363.66
2023-11-23 15:00:00,2363.66,2365.18,2352.77,2355.74
2023-11-23 16:00:00,2355.74,2363.72,2351.59,2363.72
2023-11-23 17:00:00,2363.72,2370.08,2363.72,2365.34
2023-11-23 18:00:00,2365.34,2367.44,2358.67,2365.06
2023-11-23 19:00:00,2365.06,2368.89,2361.27,2368.89
2023-11-23 20:00:00,2368.89,2377.82,2368.89,2377.82
2023-11-23 21:00:00,2377.82,2378.13,2373.14,2376.22
2023-11-23 22:00:00,2376.22,2381.3,2376.22,2381.3
2023-11-23 23:00:00,2381.3,2391.58,2381.3,2391.58
2023-11-24 00:00:00,2391.58,2398.56,2391.58,2395.59
2023-11-24 01:00:00,2395.59,2396.18,2388.87,2391.35
2023-11-24 02:00:00,2391.35,2398.6,2390.15,2391.79
2023-11-24 03:00:00,2391.79,2395.35,2386.21,2390.46
2023-11-24 04:00:00,2390.46,2396.0,2387.98,2396.0
2023-11-24 05:00:00,2396.0,2401.39,2393.53,2394.68
2023-11-24 06:00:00,2394.68,2394.68,2386.42,2390.98
2023-11-24 07:00:00,2390.98,2393.88,2389.2,2389.2
2023-11-24 08:00:00,2389.2,2389.2,2377.71,2377.71
2023-11-24 09:00:00,2377.71,2378.84,2373.42,2378.84
2023-11-24 10:00:00,2378.84,2386.5,2377.59,2386.5
2023-11-24 11:00:00,2386.5,2386.5,2369.08,2369.08
2023-11-24 12:00:00,2369.08,2385.45,2369.08,2385.45
2023-11-24 13:00:00,2385.45,2387.86,2377.87,2377.87
2023-11-24 14:00:00,2377.87,2378.66,2375.08,2376.97
2023-11-24 15:00:00,2376.97,2382.27,2374.87,2382.27
2023-11-24 16:00:00,2382.27,2387.77,2382.15,2385.34
2023-11-24 17:00:00,2385.34,2392.79,2382.87,2385.12
2023-11-24 18:00:00,2385.12,2385.12,2379.56,2379.56
2023-11-24 19:00:00,2379.56,2384.15,2377.93,2382.93
2023-11-24 20:00:00,2382.93,2384.96,2381.21,2383.64
2023-11-24 21:00:00,2383.64,2394.91,2383.64,2392.63
2023-11-24 22:00:00,2392.63,2393.3,2389.56,2392.71
2023-11-24 23:00:00,2392.71,2398.76,2390.33,2391.95
2023-11-27 00:00:00,2391.95,2391.95,2385.58,2389.61
2023-11-27 01:00:00,2389.61,2418.37,2389.61,2410.41
2023-11-27 02:00:00,2410.41,2411.63,2406.73,2406.73
2023-11-27 03:00:00,2406.73,2407.41,2401.41,2407.41
2023-11-27 04:00:00,2407.41,2407.41,2403.27,2407.25
2023-11-27 05:00:00,2407.25,2416.35,2407.25,2414.62
2023-11-27 06:00:00,2414.62,2418.63,2414.62,2418.21
2023-11-27 07:00:00,2418.21,2422.46,2415.98,2422.46
2023-11-27 08:00:00,2422.46,2422.46,2415.46,2415.46
2023-11-27 09:00:00,2415.46,2422.83,2415.0,2422.13
2023-11-27 10:00:00,2422.13,2428.17,2421.46,2425.31
2023-11-27 11:00:00,2425.31,2431.36,2425.14,2428.84
2023-11-27 12:00:00,2428.84,2431.9,2423.89,2426.18
2023-11-27 13:00:00,2426.18,2430.56,2425.55,2430.56
2023-11-27 14:00:00,2430.56,2433.09,2428.22,2433.09
2023-11-27 15:00:00,2433.09,2444.3,2432.3,2443.74
2023-11-27 16:00:00,2443.74,2443.74,2437.14,2438.49
2023-11-27 17:00:00,2438.49,2439.33,2433.55,2439.33
2023-11-27 18:00:00,2439.33,2442.51,2434.16,2441.77
2023-11-27 19:00:00,2441.77,2452.02,2440.46,2452.02
2023-11-27 20:00:00,2452.02,2452.02,2448.34,2451.2
2023-11-27 21:00:00,2451.2,2458.65,2451.2,2455.71
2023-11-27 22:00:00,2455.71,2468.23,2455.71,2468.23
2023-11-27 23:00:00,2468.23,2472.52,2466.99,2471.1
2023-11-28 00:00:00,2471.1,2472.95,2467.99,2472.95
2023-11-28 01:00:00,2472.95,2477.75,2468.09,2470.3
2023-11-28 02:00:00,2470.3,2480.3,2470.3,2475.58
2023-11-28 03:00:00,2475.58,2476.42,2471.84,2476.42
2023-11-28 04:00:00,2476.42,2480.38,2472.29,2472.29
2023-11-28 05:00:00,2472.29,2472.29,2462.9,2465.1
2023-11-28 06:00:00,2465.1,2472.96,2465.1,2467.13
2023-11-28 07:00:00,2467.13,2468.81,2460.26,2461.3
2023-11-28 08:00:00,2461.3,2464.02,2454.27,2462.47
2023-11-28 09:00:00,2462.47,2470.25,2460.69,2465.27
2023-11-28 10:00:00,2465.27,2465.27,2457.69,2458.06
2023-11-28 11:00:00,2458.06,2470.13,2455.41,2467.88
2023-11-28 12:00:00,2467.88,2482.63,2467.88,2479.01
2023-11-28 13:00:00,2479.01,2479.99,2469.78,2471.16
2023-11-28 14:00:00,2471.16,2475.78,2470.32,2471.12
2023-11-28 15:00:00,2471.12,2471.12,2442.82,2442.82
2023-11-28 16:00:00,2442.82,2444.96,2440.85,2442.6
2023-11-28 17:00:00,2442.6,2442.83,2433.12,2435.22
2023-11-28 18:00:00,2435.22,2441.2,2433.73,2441.2
2023-11-28 19:00:00,2441.2,2441.2,2434.0,2436.02
2023-11-28 20:00:00,2436.02,2450.53,2436.02,2446.06
2023-11-28 21:00:00,2446.06,2451.85,2431.15,2431.15
2023-11-28 22:00:00,2431.15,2437.5,2430.35,2435.95
2023-11-28 23:00:00,2435.95,2440.5,2432.13,2438.56
2023-11-29 00:00:00,2438.56,2440.16,2423.68,2426.71
2023-11-29 01:00:00,2426.71,2426.71,2418.98,2418.98
2023-11-29 02:00:00,2418.98,2420.76,2410.27,2410.27
2023-11-29 03:00:00,2410.27,2413.26,2407.29,2410.69
2023-11-29 04:00:00,2410.69,2420.83,2408.37,2416.46
2023-11-29 05:00:00,2416.46,2416.46,2410.15,2411.24
2023-11-29 06:00:00,2411.24,2424.4,2411.24,2422.52
2023-11-29 07:00:00,2422.52,2425.58,2417.32,2424.36
2023-11-29 08:00:00,2424.36,2424.77,2420.23,2424.16
2023-11-29 09:00:00,2424.16,2430.92,2422.73,2428.96
2023-11-29 10:00:00,2428.96,2436.88,2422.43,2436.88
2023-11-29 11:00:00,2436.88,2440.42,2435.96,2436.71
2023-11-29 12:00:00,2436.71,2448.13,2435.5,2448.13
2023-11-29 13:00:00,2448.13,2454.94,2443.94,2445.22
2023-11-29 14:00:00,2445.22,2453.74,2444.46,2453.74
2023-11-29 15:00:00,2453.74,2459.8,2450.97,2455.1
2023-11-29 16:00:00,2455.1,2455.1,2447.41,2448.81
2023-11-29 17:00:00,2448.81,2456.03,2444.1,2451.15
2023-11-29 18:00:00,2451.15,2464.41,2448.62,2464.41
2023-11-29 19:00:00,2464.41,2466.18,2454.41,2454.89
2023-11-29 20:00:00,2454.89,2462.87,2452.44,2460.93
2023-11-29 21:00:00,2460.93,2465.18,2456.65,2456.65
2023-11-29 22:00:00,2456.65,2459.2,2450.65,2452.09
2023-11-29 23:00:00,2452.09,2452.09,2443.26,2444.45
2023-11-30 00:00:00,2444.45,2444.45,2434.2,2439.28
2023-11-30 01:00:00,2439.28,2445.46,2437.41,2441.01
2023-11-30 02:00:00,2441.01,2448.75,2441.01,2447.73
2023-11-30 03:00:00,2447.73,2447.73,2433.86,2433.86
2023-11-30 04:00:00,2433.86,2437.29,2428.93,2429.7
2023-11-30 05:00:00,2429.7,2429.75,2415.54,2420.04
2023-11-30 06:00:00,2420.04,2420.93,2416.05,2420.18
2023-11-30 07:00:00,2420.18,2422.07,2412.31,2412.31
2023-11-30 08:00:00,2412.31,2415.83,2401.13,2401.13
2023-11-30 09:00:00,2401.13,2403.02,2394.8,2403.02
2023-11-30 10:00:00,2403.02,2410.61,2403.02,2407.24
2023-11-30 11:00:00,2407.24,2407.24,2399.12,2399.12
2023-11-30 12:00:00,2399.12,2408.7,2399.12,2408.43
2023-11-30 13:00:00,2408.43,2409.15,2396.82,2397.28
2023-11-30 14:00:00,2397.28,2397.71,2376.44,2376.44
2023-11-30 15:00:00,2376.44,2376.44,2371.83,2371.83
2023-11-30 16:00:00,2371.83,2372.64,2361.01,2361.89
2023-11-30 17:00:00,2361.89,2361.89,2348.01,2348.01
2023-11-30 18:00:00,2348.01,2348.54,2342.95,2343.87
2023-11-30 19:00:00,2343.87,2346.41,2339.44,2346.41
2023-11-30 20:00:00,2346.41,2352.71,2346.41,2349.92
2023-11-30 21:00:00,2349.92,2361.73,2348.35,2360.41
2023-11-30 22:00:00,2360.41,2362.62,2352.83,2359.78
2023-11-30 23:00:00,2359.78,2364.0,2356.48,2357.17
2023-12-01 00:00:00,2357.17,2357.59,2353.82,2355.58
2023-12-01 01:00:00,2355.58,2360.73,2352.61,2360.73
2023-12-01 02:00:00,2360.73,2365.26,2360.73,2364.85
2023-12-01 03:00:00,2364.85,2364.85,2356.82,2360.85
2023-12-01 04:00:00,2360.85,2361.94,2356.15,2359.17
2023-12-01 05:00:00,2359.17,2371.61,2359.17,2369.15
2023-12-01 06:00:00,2369.15,2374.42,2368.34,2374.42
2023-12-01 07:00:00,2374.42,2375.0,2370.69,2375.0
2023-12-01 08:00:00,2375.0,2377.89,2372.68,2373.66
2023-12-01 09:00:00,2373.66,2378.41,2372.12,2375.23
2023-12-01 10:00:00,2375.23,2375.63,2365.2,2369.83
2023-12-01 11:00:00,2369.83,2375.54,2368.76,2373.72
2023-12-01 12:00:00,2373.72,2381.26,2373.72,2381.26
2023-12-01 13:00:00,2381.26,2388.33,2377.44,2388.33
2023-12-01 14:00:00,2388.33,2394.97,2386.56,2386.77
2023-12-01 15:00:00,2386.77,2392.69,2386.77,2391.23
2023-12-01 16:00:00,2391.23,2391.23,2367.31,2369.08
2023-12-01 17:00:00,2369.08,2369.34,2365.12,2366.85
2023-12-01 18:00:00,2366.85,2367.25,2352.1,2352.1
2023-12-01 19:00:00,2352.1,2371.34,2352.1,2371.34
2023-12-01 20:00:00,2371.34,2371.34,2354.76,2355.47
2023-12-01 21:00:00,2355.47,2360.41,2351.99,2352.13
2023-12-01 22:00:00,2352.13,2360.12,2352.13,2358.03
2023-12-01 23:00:00,2358.03,2358.03,2342.9,2342.9
2023-12-04 00:00:00,2342.9,2342.9,2334.82,2335.87
2023-12-04 01:00:00,2335.87,2335.87,2330.08,2330.08
2023-12-04 02:00:00,2330.08,2334.07,2320.84,2320.84
2023-12-04 03:00:00,2320.84,2330.38,2316.82,2330.38
2023-12-04 04:00:00,2330.38,2332.82,2324.09,2324.09
2023-12-04 05:00:00,2324.09,2325.53,2320.41,2321.1
2023-12-04 06:00:00,2321.1,2322.93,2318.11,2318.64
2023-12-04 07:00:00,2318.64,2318.64,2298.97,2298.97
2023-12-04 08:00:00,2298.97,2300.54,2293.96,2294.74
2023-12-04 09:00:00,2294.74,2306.0,2293.65,2306.0
2023-12-04 10:00:00,2306.0,2306.0,2299.37,2301.66
2023-12-04 11:00:00,2301.66,2312.45,2301.66,2309.13
2023-12-04 12:00:00,2309.13,2315.28,2309.13,2311.89
2023-12-04 13:00:00,2311.89,2313.82,2308.69,2313.82
2023-12-04 14:00:00,2313.82,2318.32,2307.96,2318.32
2023-12-04 15:00:00,2318.32,2323.41,2318.17,2321.15
2023-12-04 16:00:00,2321.15,2322.6,2319.15,2320.44
2023-12-04 17:00:00,2320.44,2320.44,2316.89,2320.22
2023-12-04 18:00:00,2320.22,2323.18,2317.97,2318.4
2023-12-04 19:00:00,2318.4,2318.4,2311.66,2314.75
2023-12-04 20:00:00,2314.75,2315.78,2309.47,2309.68
2023-12-04 21:00:00,2309.68,2314.97,2308.2,2308.96
2023-12-04 22:00:00,2308.96,2311.79,2305.15,2306.09
2023-12-04 23:00:00,2306.09,2308.43,2304.91,2305.89
2023-12-05 00:00:00,2305.89,2313.46,2305.46,2313.46
2023-12-05 01:00:00,2313.46,2314.21,2309.88,2309.88
2023-12-05 02:00:00,2309.88,2315.06,2308.08,2314.92
2023-12-05 03:00:00,2314.92,2327.07,2314.92,2324.62
2023-12-05 04:00:00,2324.62,2329.41,2323.32,2324.45
2023-12-05 05:00:00,2324.45,2329.38,2323.46,2325.02
2023-12-05 06:00:00,2325.02,2325.02,2316.22,2316.36
2023-12-05 07:00:00,2316.36,2316.36,2303.21,2303.21
2023-12-05 08:00:00,2303.21,2324.42,2303.21,2324.42
2023-12-05 09:00:00,2324.42,2337.4,2324.42,2335.55
2023-12-05 10:00:00,2335.55,2341.46,2333.92,2337.18
2023-12-05 11:00:00,2337.18,2342.77,2336.98,2336.98
2023-12-05 12:00:00,2336.98,2341.0,2334.69,2336.29
2023-12-05 13:00:00,2336.29,2338.19,2333.7,2333.87
2023-12-05 14:00:00,2333.87,2339.09,2330.06,2330.18
2023-12-05 15:00:00,2330.18,2333.17,2322.04,2326.24
2023-12-05 16:00:00,2326.24,2327.17,2317.96,2317.96
2023-12-05 17:00:00,2317.96,2320.57,2316.18,2320.48
2023-12-05 18:00:00,2320.48,2323.19,2318.54,2322.79
2023-12-05 19:00:00,2322.79,2323.41,2316.42,2321.18
2023-12-05 20:00:00,2321.18,2321.24,2303.42,2304.65
2023-12-05 21:00:00,2304.65,2312.64,2303.53,2311.83
2023-12-05 22:00:00,2311.83,2320.02,2311.01,2320.02
2023-12-05 23:00:00,2320.02,2323.64,2318.39,2322.05
2023-12-06 00:00:00,2322.05,2323.39,2312.95,2312.95
2023-12-06 01:00:00,2312.95,2326.04,2312.95,2325.45
2023-12-06 02:00:00,2325.45,2328.9,2323.99,2325.39
2023-12-06 03:00:00,2325.39,2334.12,2324.03,2333.43
2023-12-06 04:00:00,2333.43,2338.48,2332.27,2335.37
2023-12-06 05:00:00,2335.37,2348.51,2334.5,2348.51
2023-12-06 06:00:00,2348.51,2348.51,2336.55,2336.55
2023-12-06 07:00:00,2336.55,2341.34,2334.66,2338.34
2023-12-06 08:00:00,2338.34,2341.77,2335.81,2340.96
2023-12-06 09:00:00,2340.96,2342.6,2336.33,2342.6
2023-12-06 10:00:00,2342.6,2342.95,2337.91,2337.91
2023-12-06 11:00:00,2337.91,2345.58,2335.42,2344.0
2023-12-06 12:00:00,2344.0,2347.76,2339.95,2347.76
2023-12-06 13:00:00,2347.76,2350.67,2347.34,2348.59
2023-12-06 14:00:00,2348.59,2358.91,2348.59,2349.6
2023-12-06 15:00:00,2349.6,2351.91,2342.94,2344.02
2023-12-06 16:00:00,2344.02,2344.02,2334.89,2341.37
2023-12-06 17:00:00,2341.37,2353.73,2341.37,2353.73
2023-12-06 18:00:00,2353.73,2355.06,2343.14,2343.14
2023-12-06 19:00:00,2343.14,2343.14,2327.75,2327.75
2023-12-06 20:00:00,2327.75,2328.77,2316.34,2316.34
2023-12-06 21:00:00,2316.34,2325.33,2315.8,2325.33
2023-12-06 22:00:00,2325.33,2327.81,2318.11,2326.28
2023-12-06 23:00:00,2326.28,2326.73,2313.94,2316.51
2023-12-07 00:00:00,2316.51,2316.64,2314.07,2316.06
2023-12-07 01:00:00,2316.06,2316.06,2295.89,2299.76
2023-12-07 02:00:00,2299.76,2305.94,2299.76,2305.41
2023-12-07 03:00:00,2305.41,2310.64,2305.41,2310.54
2023-12-07 04:00:00,2310.54,2321.42,2310.54,2317.48
2023-12-07 05:00:00,2317.48,2324.8,2317.39,2324.8
2023-12-07 06:00:00,2324.8,2328.22,2323.89,2327.51
2023-12-07 07:00:00,2327.51,2329.42,2315.39,2317.18
2023-12-07 08:00:00,2317.18,2318.55,2314.49,2314.49
2023-12-07 09:00:00,2314.49,2314.66,2307.02,2307.52
2023-12-07 10:00:00,2307.52,2313.82,2306.01,2313.82
2023-12-07 11:00:00,2313.82,2323.3,2312.14,2318.12
2023-12-07 12:00:00,2318.12,2322.55,2317.17,2319.95
2023-12-07 13:00:00,2319.95,2320.8,2314.35,2315.69
2023-12-07 14:00:00,2315.69,2330.41,2315.69,2330.41
2023-12-07 15:00:00,2330.41,2334.05,2328.14,2328.58
2023-12-07 16:00:00,2328.58,2337.63,2325.81,2337.63
2023-12-07 17:00:00,2337.63,2347.59,2337.3,2347.59
2023-12-07 18:00:00,2347.59,2351.9,2347.06,2347.08
2023-12-07 19:00:00,2347.08,2349.69,2344.94,2346.89
2023-12-07 20:00:00,2346.89,2347.87,2327.54,2327.54
2023-12-07 21:00:00,2327.54,2336.08,2325.3,2330.66
2023-12-07 22:00:00,2330.66,2344.21,2330.66,2344.21
2023-12-07 23:00:00,2344.21,2350.24,2341.36,2349.05
2023-12-08 00:00:00,2349.05,2363.53,2349.05,2363.53
2023-12-08 01:00:00,2363.53,2363.53,2351.26,2351.26
2023-12-08 02:00:00,2351.26,2357.21,2349.44,2357.21
2023-12-08 03:00:00,2357.21,2357.21,2346.64,2347.77
2023-12-08 04:00:00,2347.77,2348.31,2339.83,2339.83
2023-12-08 05:00:00,2339.83,2341.44,2333.97,2334.65
2023-12-08 06:00:00,2334.65,2340.2,2327.51,2340.2
2023-12-08 07:00:00,2340.2,2344.59,2334.99,2342.38
2023-12-08 08:00:00,2342.38,2354.26,2337.29,2351.85
2023-12-08 09:00:00,2351.85,2357.01,2350.83,2357.01
2023-12-08 10:00:00,2357.01,2363.38,2352.43,2355.42
2023-12-08 11:00:00,2355.42,2356.33,2354.15,2356.32
2023-12-08 12:00:00,2356.32,2361.69,2355.76,2361.69
2023-12-08 13:00:00,2361.69,2365.25,2352.1,2352.47
2023-12-08 14:00:00,2352.47,2357.33,2349.9,2357.13
2023-12-08 15:00:00,2357.13,2357.35,2349.84,2349.84
2023-12-08 16:00:00,2349.84,2356.05,2345.18,2354.97
2023-12-08 17:00:00,2354.97,2365.51,2354.97,2365.51
2023-12-08 18:00:00,2365.51,2369.13,2349.03,2349.03
2023-12-08 19:00:00,2349.03,2353.83,2347.28,2351.26
2023-12-08 20:00:00,2351.26,2351.26,2342.33,2346.57
2023-12-08 21:00:00,2346.57,2346.71,2340.01,2344.97
2023-12-08 22:00:00,2344.97,2350.45,2344.52,2344.52
2023-12-08 23:00:00,2344.52,2352.82,2342.33,2348.1
2023-12-11 00:00:00,2348.1,2350.88,2339.27,2339.27
2023-12-11 01:00:00,2339.27,2339.27,2331.67,2331.67
2023-12-11 02:00:00,2331.67,2346.72,2331.2,2344.32
2023-12-11 03:00:00,2344.32,2345.72,2343.02,2343.02
2023-12-11 04:00:00,2343.02,2352.48,2341.82,2352.48
2023-12-11 05:00:00,2352.48,2356.98,2350.95,2352.35
2023-12-11 06:00:00,2352.35,2352.35,2336.89,2336.89
2023-12-11 07:00:00,2336.89,2340.24,2333.92,2333.92
2023-12-11 08:00:00,2333.92,2334.63,2329.83,2330.39
2023-12-11 09:00:00,2330.39,2334.07,2330.39,2332.53
2023-12-11 10:00:00,2332.53,2333.66,2328.78,2328.78
2023-12-11 11:00:00,2328.78,2334.78,2328.78,2333.25
2023-12-11 12:00:00,2333.25,2341.93,2332.43,2337.25
2023-12-11 13:00:00,2337.25,2337.25,2331.67,2334.16
2023-12-11 14:00:00,2334.16,2338.26,2334.16,2338.0
2023-12-11 15:00:00,2338.0,2338.0,2323.59,2328.88
2023-12-11 16:00:00,2328.88,2333.96,2328.88,2333.53
2023-12-11 17:00:00,2333.53,2335.0,2324.56,2326.43
2023-12-11 18:00:00,2326.43,2326.43,2321.56,2325.17
2023-12-11 19:00:00,2325.17,2332.49,2325.17,2332.49
2023-12-11 20:00:00,2332.49,2332.58,2324.13,2327.0
2023-12-11 21:00:00,2327.0,2337.26,2326.97,2335.94
2023-12-11 22:00:00,2335.94,2335.94,2329.66,2330.1
2023-12-11 23:00:00,2330.1,2335.33,2327.06,2330.93
2023-12-12 00:00:00,2330.93,2331.98,2328.61,2331.09
2023-12-12 01:00:00,2331.09,2334.64,2329.55,2334.64
2023-12-12 02:00:00,2334.64,2341.75,2334.64,2339.52
2023-12-12 03:00:00,2339.52,2346.28,2339.52,2344.68
2023-12-12 04:00:00,2344.68,2344.68,2332.46,2336.21
2023-12-12 05:00:00,2336.21,2343.08,2331.1,2335.19
2023-12-12 06:00:00,2335.19,2342.72,2335.19,2340.06
2023-12-12 07:00:00,2340.06,2340.06,2332.19,2332.19
2023-12-12 08:00:00,2332.19,2338.4,2331.49,2331.49
2023-12-12 09:00:00,2331.49,2331.49,2324.64,2327.87
2023-12-12 10:00:00,2327.87,2329.04,2319.57,2321.62
2023-12-12 11:00:00,2321.62,2324.96,2319.97,2323.7
2023-12-12 12:00:00,2323.7,2332.75,2319.55,2332.75
2023-12-12 13:00:00,2332.75,2336.28,2331.17,2336.25
2023-12-12 14:00:00,2336.25,2342.02,2334.67,2342.02
2023-12-12 15:00:00,2342.02,2344.11,2335.18,2336.34
2023-12-12 16:00:00,2336.34,2352.03,2336.34,2347.76
2023-12-12 17:00:00,2347.76,2350.22,2344.99,2350.22
2023-12-12 18:00:00,2350.22,2359.02,2350.22,2359.02
2023-12-12 19:00:00,2359.02,2359.02,2349.95,2353.96
2023-12-12 20:00:00,2353.96,2357.42,2350.21,2350.21
2023-12-12 21:00:00,2350.21,2352.95,2344.1,2344.1
2023-12-12 22:00:00,2344.1,2348.99,2342.66,2348.99
2023-12-12 23:00:00,2348.99,2358.72,2348.06,2358.29
2023-12-13 00:00:00,2358.29,2364.7,2358.29,2364.4
2023-12-13 01:00:00,2364.4,2373.72,2361.73,2365.83
2023-12-13 02:00:00,2365.83,2372.26,2361.55,2372.0
2023-12-13 03:00:00,2372.0,2372.0,2362.78,2362.78
2023-12-13 04:00:00,2362.78,2364.96,2356.41,2363.78
2023-12-13 05:00:00,2363.78,2367.86,2363.14,2365.44
2023-12-13 06:00:00,2365.44,2365.44,2347.82,2348.42
2023-12-13 07:00:00,2348.42,2348.42,2335.39,2335.39
2023-12-13 08:00:00,2335.39,2340.4,2331.59,2340.4
2023-12-13 09:00:00,2340.4,2346.95,2340.4,2341.58
2023-12-13 10:00:00,2341.58,2344.51,2337.32,2339.97
2023-12-13 11:00:00,2339.97,2341.72,2335.57,2336.85
2023-12-13 12:00:00,2336.85,2336.85,2326.53,2328.41
2023-12-13 13:00:00,2328.41,2329.08,2319.27,2319.27
2023-12-13 14:00:00,2319.27,2319.27,2313.07,2315.46
2023-12-13 15:00:00,2315.46,2322.05,2314.47,2320.95
2023-12-13 16:00:00,2320.95,2333.82,2320.95,2333.82
2023-12-13 17:00:00,2333.82,2336.9,2330.54,2334.19
2023-12-13 18:00:00,2334.19,2339.74,2328.97,2339.16
2023-12-13 19:00:00,2339.16,2339.16,2331.36,2337.53
2023-12-13 20:00:00,2337.53,2342.41,2336.14,2341.0
2023-12-13 21:00:00,2341.0,2341.0,2330.36,2330.36
2023-12-13 22:00:00,2330.36,2332.2,2326.87,2326.87
2023-12-13 23:00:00,2326.87,2326.87,2316.31,2316.37
2023-12-14 00:00:00,2316.37,2316.37,2308.08,2310.25
2023-12-14 01:00:00,2310.25,2311.2,2298.67,2298.67
2023-12-14 02:00:00,2298.67,2300.94,2298.03,2300.94
2023-12-14 03:00:00,2300.94,2302.37,2286.54,2289.16
2023-12-14 04:00:00,2289.16,2293.19,2286.61,2291.19
2023-12-14 05:00:00,2291.19,2302.78,2291.19,2301.46
2023-12-14 06:00:00,2301.46,2306.53,2300.13,2300.13
2023-12-14 07:00:00,2300.13,2300.71,2288.88,2290.96
2023-12-14 08:00:00,2290.96,2290.96,2285.17,2288.79
2023-12-14 09:00:00,2288.79,2289.54,2274.54,2274.75
2023-12-14 10:00:00,2274.75,2279.86,2272.58,2272.58
2023-12-14 11:00:00,2272.58,2284.99,2270.12,2284.99
2023-12-14 12:00:00,2284.99,2284.99,2275.64,2281.24
2023-12-14 13:00:00,2281.24,2284.54,2279.8,2282.64
2023-12-14 14:00:00,2282.64,2287.24,2282.03,2285.33
2023-12-14 15:00:00,2285.33,2285.99,2277.81,2277.81
2023-12-14 16:00:00,2277.81,2279.63,2273.02,2279.05
2023-12-14 17:00:00,2279.05,2280.29,2272.51,2280.29
2023-12-14 18:00:00,2280.29,2280.29,2261.53,2265.43
2023-12-14 19:00:00,2265.43,2265.43,2260.37,2264.53
2023-12-14 20:00:00,2264.53,2269.11,2262.87,2264.01
2023-12-14 21:00:00,2264.01,2268.82,2261.92,2268.82
2023-12-14 22:00:00,2268.82,2271.22,2266.15,2266.15
2023-12-14 23:00:00,2266.15,2269.92,2266.11,2269.92
2023-12-15 00:00:00,2269.92,2270.87,2259.38,2259.38
2023-12-15 01:00:00,2259.38,2261.77,2256.16,2261.1
2023-12-15 02:00:00,2261.1,2277.11,2261.1,2272.87
2023-12-15 03:00:00,2272.87,2280.13,2269.48,2280.13
2023-12-15 04:00:00,2280.13,2285.91,2278.03,2284.92
2023-12-15 05:00:00,2284.92,2284.92,2276.75,2281.25
2023-12-15 06:00:00,2281.25,2281.92,2276.49,2280.23
2023-12-15 07:00:00,2280.23,2282.79,2278.63,2282.79
2023-12-15 08:00:00,2282.79,2287.35,2278.99,2286.6
2023-12-15 09:00:00,2286.6,2286.6,2277.14,2279.62
2023-12-15 10:00:00,2279.62,2292.71,2279.13,2291.31
2023-12-15 11:00:00,2291.31,2301.15,2291.29,2301.15
2023-12-15 12:00:00,2301.15,2307.54,2301.15,2304.86
2023-12-15 13:00:00,2304.86,2308.75,2300.59,2306.96
2023-12-15 14:00:00,2306.96,2306.96,2295.48,2297.56
2023-12-15 15:00:00,2297.56,2302.11,2297.56,2300.09
2023-12-15 16:00:00,2300.09,2307.05,2296.44,2304.37
2023-12-15 17:00:00,2304.37,2304.37,2297.97,2298.65
2023-12-15 18:00:00,2298.65,2300.71,2295.61,2298.31
2023-12-15 19:00:00,2298.31,2299.8,2295.04,2299.8
2023-12-15 20:00:00,2299.8,2306.28,2293.3,2306.28
2023-12-15 21:00:00,2306.28,2307.72,2302.53,2302.53
2023-12-15 22:00:00,2302.53,2303.55,2298.04,2298.2
2023-12-15 23:00:00,2298.2,2301.65,2296.03,2301.2
2023-12-18 00:00:00,2301.2,2301.74,2294.64,2301.13
2023-12-18 01:00:00,2301.13,2310.3,2301.13,2310.3
2023-12-18 02:00:00,2310.3,2314.48,2305.22,2314.48
2023-12-18 03:00:00,2314.48,2322.96,2313.87,2315.19
2023-12-18 04:00:00,2315.19,2325.15,2315.19,2321.12
2023-12-18 05:00:00,2321.12,2321.62,2315.21,2316.1
2023-12-18 06:00:00,2316.1,2320.31,2313.81,2315.84
2023-12-18 07:00:00,2315.84,2316.45,2310.54,2311.14
2023-12-18 08:00:00,2311.14,2313.39,2310.14,2313.25
2023-12-18 09:00:00,2313.25,2316.97,2311.8,2315.9
2023-12-18 10:00:00,2315.9,2321.71,2311.91,2321.71
2023-12-18 11:00:00,2321.71,2321.71,2317.45,2319.05
2023-12-18 12:00:00,2319.05,2320.14,2309.03,2310.04
2023-12-18 13:00:00,2310.04,2318.46,2308.56,2314.93
2023-12-18 14:00:00,2314.93,2314.93,2307.08,2308.1
2023-12-18 15:00:00,2308.1,2308.1,2299.98,2300.04
2023-12-18 16:00:00,2300.04,2301.42,2295.04,2301.19
2023-12-18 17:00:00,2301.19,2301.19,2293.92,2294.78
2023-12-18 18:00:00,2294.78,2297.18,2293.58,2297.18
2023-12-18 19:00:00,2297.18,2297.77,2289.86,2289.86
2023-12-18 20:00:00,2289.86,2295.15,2288.8,2295.15
2023-12-18 21:00:00,2295.15,2301.11,2292.2,2301.11
2023-12-18 22:00:00,2301.11,2309.09,2297.79,2299.54
2023-12-18 23:00:00,2299.54,2301.89,2291.96,2293.62
2023-12-19 00:00:00,2293.62,2293.62,2288.11,2288.11
2023-12-19 01:00:00,2288.11,2290.49,2285.52,2290.49
2023-12-19 02:00:00,2290.49,2290.67,2284.98,2285.03
2023-12-19 03:00:00,2285.03,2287.81,2281.49,2287.81
2023-12-19 04:00:00,2287.81,2288.82,2282.37,2282.78
2023-12-19 05:00:00,2282.78,2282.78,2275.98,2275.98
2023-12-19 06:00:00,2275.98,2283.41,2275.89,2282.12
2023-12-19 07:00:00,2282.12,2290.23,2280.06,2289.52
2023-12-19 08:00:00,2289.52,2291.18,2285.3,2285.3
2023-12-19 09:00:00,2285.3,2289.35,2285.03,2285.75
2023-12-19 10:00:00,2285.75,2292.31,2283.81,2284.61
2023-12-19 11:00:00,2284.61,2286.78,2282.16,2284.37
2023-12-19 12:00:00,2284.37,2284.37,2271.27,2273.13
2023-12-19 13:00:00,2273.13,2279.29,2272.04,2273.54
2023-12-19 14:00:00,2273.54,2276.22,2272.46,2272.91
2023-12-19 15:00:00,2272.91,2274.31,2267.75,2271.82
2023-12-19 16:00:00,2271.82,2273.49,2267.2,2272.96
2023-12-19 17:00:00,2272.96,2279.82,2271.4,2279.82
2023-12-19 18:00:00,2279.82,2281.58,2275.67,2277.56
2023-12-19 19:00:00,2277.56,2285.84,2277.44,2285.79
2023-12-19 20:00:00,2285.79,2285.79,2280.65,2283.0
2023-12-19 21:00:00,2283.0,2288.82,2278.77,2282.3
2023-12-19 22:00:00,2282.3,2287.66,2280.78,2285.11
2023-12-19 23:00:00,2285.11,2291.25,2284.01,2289.3
2023-12-20 00:00:00,2289.3,2292.98,2285.02,2287.64
2023-12-20 01:00:00,2287.64,2293.07,2281.59,2281.59
2023-12-20 02:00:00,2281.59,2286.46,2280.19,2281.56
2023-12-20 03:00:00,2281.56,2284.66,2278.26,2283.89
2023-12-20 04:00:00,2283.89,2291.18,2282.31,2288.63
2023-12-20 05:00:00,2288.63,2288.63,2275.68,2277.6
2023-12-20 06:00:00,2277.6,2278.0,2265.85,2265.85
2023-12-20 07:00:00,2265.85,2268.77,2259.25,2259.87
2023-12-20 08:00:00,2259.87,2263.9,2258.71,2263.16
2023-12-20 09:00:00,2263.16,2266.23,2262.57,2264.16
2023-12-20 10:00:00,2264.16,2270.34,2258.84,2258.84
2023-12-20 11:00:00,2258.84,2269.75,2258.52,2268.99
2023-12-20 12:00:00,2268.99,2269.03,2253.63,2258.23
2023-12-20 13:00:00,2258.23,2260.97,2257.64,2260.97
2023-12-20 14:00:00,2260.97,2260.97,2251.65,2257.64
2023-12-20 15:00:00,2257.64,2263.49,2255.19,2255.19
2023-12-20 16:00:00,2255.19,2259.21,2255.18,2258.78
2023-12-20 17:00:00,2258.78,2263.04,2256.36,2258.2
2023-12-20 18:00:00,2258.2,2258.2,2249.16,2249.16
2023-12-20 19:00:00,2249.16,2257.89,2248.1,2257.86
2023-12-20 20:00:00,2257.86,2260.91,2251.83,2255.44
2023-12-20 21:00:00,2255.44,2255.44,2243.3,2243.45
2023-12-20 22:00:00,2243.45,2253.39,2243.45,2253.39
2023-12-20 23:00:00,2253.39,2255.89,2246.89,2249.46
2023-12-21 00:00:00,2249.46,2260.07,2246.15,2260.07
2023-12-21 01:00:00,2260.07,2263.01,2257.05,2260.94
2023-12-21 02:00:00,2260.94,2268.14,2260.94,2265.23
2023-12-21 03:00:00,2265.23,2283.89,2264.91,2283.89
2023-12-21 04:00:00,2283.89,2289.4,2282.78,2287.42
2023-12-21 05:00:00,2287.42,2289.24,2278.54,2281.24
2023-12-21 06:00:00,2281.24,2287.96,2279.45,2280.73
2023-12-21 07:00:00,2280.73,2284.39,2279.63,2284.39
2023-12-21 08:00:00,2284.39,2291.72,2279.85,2291.52
2023-12-21 09:00:00,2291.52,2297.76,2289.77,2290.1
2023-12-21 10:00:00,2290.1,2290.1,2282.47,2287.0
2023-12-21 11:00:00,2287.0,2287.32,2282.09,2285.2
2023-12-21 12:00:00,2285.2,2288.93,2277.7,2283.16
2023-12-21 13:00:00,2283.16,2288.8,2281.3,2283.46
2023-12-21 14:00:00,2283.46,2286.36,2282.93,2282.93
2023-12-21 15:00:00,2282.93,2284.96,2276.8,2276.8
2023-12-21 16:00:00,2276.8,2286.73,2276.8,2283.04
2023-12-21 17:00:00,2283.04,2284.29,2280.85,2284.29
2023-12-21 18:00:00,2284.29,2291.77,2284.29,2291.5
2023-12-21 19:00:00,2291.5,2298.17,2290.62,2294.38
2023-12-21 20:00:00,2294.38,2295.91,2287.35,2287.35
2023-12-21 21:00:00,2287.35,2289.93,2283.66,2287.95
2023-12-21 22:00:00,2287.95,2288.5,2284.98,2287.17
2023-12-21 23:00:00,2287.17,2305.26,2287.17,2305.26
2023-12-22 00:00:00,2305.26,2305.26,2300.02,2301.47
2023-12-22 01:00:00,2301.47,2309.28,2301.47,2309.28
2023-12-22 02:00:00,2309.28,2309.28,2303.05,2305.15
2023-12-22 03:00:00,2305.15,2308.12,2302.42,2308.12
2023-12-22 04:00:00,2308.12,2318.98,2308.12,2318.98
2023-12-22 05:00:00,2318.98,2328.47,2318.98,2328.47
2023-12-22 06:00:00,2328.47,2328.47,2321.46,2322.61
2023-12-22 07:00:00,2322.61,2322.61,2315.7,2315.7
2023-12-22 08:00:00,2315.7,2316.0,2306.5,2306.5
2023-12-22 09:00:00,2306.5,2306.5,2299.42,2300.29
2023-12-22 10:00:00,2300.29,2300.29,2291.75,2292.02
2023-12-22 11:00:00,2292.02,2292.38,2284.92,2291.59
2023-12-22 12:00:00,2291.59,2301.53,2290.35,2301.53
2023-12-22 13:00:00,2301.53,2302.67,2295.02,2295.02
2023-12-22 14:00:00,2295.02,2295.02,2282.71,2282.71
2023-12-22 15:00:00,2282.71,2283.28,2277.39,2283.28
2023-12-22 16:00:00,2283.28,2294.71,2283.28,2294.56
2023-12-22 17:00:00,2294.56,2300.35,2294.56,2295.51
2023-12-22 18:00:00,2295.51,2305.95,2295.51,2305.23
2023-12-22 19:00:00,2305.23,2305.23,2297.38,2297.88
2023-12-22 20:00:00,2297.88,2298.33,2287.64,2287.91
2023-12-22 21:00:00,2287.91,2290.31,2282.7,2282.7
2023-12-22 22:00:00,2282.7,2290.37,2278.75,2283.63
2023-12-22 23:00:00,2283.63,2289.79,2281.27,2283.27
2023-12-25 00:00:00,2283.27,2293.45,2282.96,2293.45
2023-12-25 01:00:00,2293.45,2298.01,2289.6,2293.89
2023-12-25 02:00:00,2293.89,2297.0,2291.64,2295.44
2023-12-25 03:00:00,2295.44,2297.43,2294.31,2294.37
2023-12-25 04:00:00,2294.37,2307.02,2294.35,2304.7
2023-12-25 05:00:00,2304.7,2310.8,2300.42,2310.8
2023-12-25 06:00:00,2310.8,2314.12,2306.9,2306.9
2023-12-25 07:00:00,2306.9,2316.4,2303.71,2316.4
2023-12-25 08:00:00,2316.4,2316.4,2310.1,2316.09
2023-12-25 09:00:00,2316.09,2320.96,2315.27,2320.96
2023-12-25 10:00:00,2320.96,2325.49,2319.44,2322.11
2023-12-25 11:00:00,2322.11,2326.34,2318.22,2318.22
2023-12-25 12:00:00,2318.22,2324.86,2313.94,2324.86
2023-12-25 13:00:00,2324.86,2333.77,2322.37,2330.08
2023-12-25 14:00:00,2330.08,2331.07,2322.69,2323.64
2023-12-25 15:00:00,2323.64,2331.11,2323.64,2326.0
2023-12-25 16:00:00,2326.0,2334.42,2326.0,2327.59
2023-12-25 17:00:00,2327.59,2332.06,2326.22,2331.21
2023-12-25 18:00:00,2331.21,2342.82,2328.85,2342.82
2023-12-25 19:00:00,2342.82,2348.03,2342.52,2345.8
2023-12-25 20:00:00,2345.8,2346.55,2336.84,2336.84
2023-12-25 21:00:00,2336.84,2336.84,2329.06,2333.86
2023-12-25 22:00:00,2333.86,2337.82,2331.42,2337.82
2023-12-25 23:00:00,2337.82,2337.82,2329.89,2329.95
2023-12-26 00:00:00,2329.95,2331.89,2325.3,2325.3
2023-12-26 01:00:00,2325.3,2325.35,2317.58,2322.67
2023-12-26 02:00:00,2322.67,2324.11,2316.7,2317.41
2023-12-26 03:00:00,2317.41,2327.27,2317.14,2325.53
2023-12-26 04:00:00,2325.53,2334.71,2325.53,2330.43
2023-12-26 05:00:00,2330.43,2341.74,2330.43,2341.74
2023-12-26 06:00:00,2341.74,2342.07,2327.5,2331.34
2023-12-26 07:00:00,2331.34,2336.39,2327.79,2327.79
2023-12-26 08:00:00,2327.79,2331.24,2320.57,2322.71
2023-12-26 09:00:00,2322.71,2326.39,2319.9,2326.39
2023-12-26 10:00:00,2326.39,2329.23,2324.65,2329.23
2023-12-26 11:00:00,2329.23,2330.12,2324.87,2328.94
2023-12-26 12:00:00,2328.94,2331.52,2317.55,2319.82
2023-12-26 13:00:00,2319.82,2321.86,2309.67,2311.94
2023-12-26 14:00:00,2311.94,2313.76,2300.97,2306.47
2023-12-26 15:00:00,2306.47,2310.69,2305.36,2306.87
2023-12-26 16:00:00,2306.87,2306.87,2287.41,2290.11
2023-12-26 17:00:00,2290.11,2292.53,2281.28,2284.72
2023-12-26 18:00:00,2284.72,2285.39,2270.07,2270.07
2023-12-26 19:00:00,2270.07,2280.46,2269.04,2280.46
2023-12-26 20:00:00,2280.46,2287.46,2277.3,2283.45
2023-12-26 21:00:00,2283.45,2292.0,2282.36,2291.55
2023-12-26 22:00:00,2291.55,2292.76,2288.24,2291.88
2023-12-26 23:00:00,2291.88,2291.88,2279.0,2279.0
2023-12-27 00:00:00,2279.0,2290.08,2279.0,2290.08
2023-12-27 01:00:00,2290.08,2290.08,2284.66,2288.06
2023-12-27 02:00:00,2288.06,2288.69,2282.17,2284.61
2023-12-27 03:00:00,2284.61,2290.82,2284.61,2286.36
2023-12-27 04:00:00,2286.36,2296.64,2286.36,2292.97
2023-12-27 05:00:00,2292.97,2308.07,2292.97,2302.94
2023-12-27 06:00:00,2302.94,2308.4,2301.99,2306.68
2023-12-27 07:00:00,2306.68,2314.14,2304.23,2314.14
2023-12-27 08:00:00,2314.14,2314.14,2308.24,2309.99
2023-12-27 09:00:00,2309.99,2312.76,2301.5,2304.88
2023-12-27 10:00:00,2304.88,2310.58,2304.88,2309.58
2023-12-27 11:00:00,2309.58,2320.49,2309.58,2318.82
2023-12-27 12:00:00,2318.82,2323.75,2312.8,2323.75
2023-12-27 13:00:00,2323.75,2330.48,2323.75,2327.35
2023-12-27 14:00:00,2327.35,2327.35,2315.64,2317.06
2023-12-27 15:00:00,2317.06,2324.75,2312.42,2312.42
2023-12-27 16:00:00,2312.42,2315.21,2307.83,2308.95
2023-12-27 17:00:00,2308.95,2319.57,2308.95,2315.96
2023-12-27 18:00:00,2315.96,2322.55,2310.5,2322.55
2023-12-27 19:00:00,2322.55,2324.85,2321.28,2321.28
2023-12-27 20:00:00,2321.28,2321.28,2309.86,2309.86
2023-12-27 21:00:00,2309.86,2309.86,2299.21,2303.81
2023-12-27 22:00:00,2303.81,2306.89,2300.63,2306.89
2023-12-27 23:00:00,2306.89,2308.33,2287.61,2287.61
2023-12-28 00:00:00,2287.61,2287.61,2282.66,2286.51
2023-12-28 01:00:00,2286.51,2292.88,2286.51,2290.07
2023-12-28 02:00:00,2290.07,2290.07,2282.76,2282.76
2023-12-28 03:00:00,2282.76,2284.93,2276.61,2276.61
2023-12-28 04:00:00,2276.61,2277.41,2273.24,2275.76
2023-12-28 05:00:00,2275.76,2281.62,2275.76,2278.36
2023-12-28 06:00:00,2278.36,2278.36,2270.95,2270.95
2023-12-28 07:00:00,2270.95,2270.95,2259.05,2259.05
2023-12-28 08:00:00,2259.05,2259.9,2251.37,2252.54
2023-12-28 09:00:00,2252.54,2257.41,2252.54,2255.05
2023-12-28 10:00:00,2255.05,2255.05,2249.76,2249.76
2023-12-28 11:00:00,2249.76,2258.99,2248.7,2258.18
2023-12-28 12:00:00,2258.18,2258.26,2255.28,2255.66
2023-12-28 13:00:00,2255.66,2256.45,2248.31,2250.89
2023-12-28 14:00:00,2250.89,2260.19,2250.89,2258.95
2023-12-28 15:00:00,2258.95,2258.95,2253.7,2255.86
2023-12-28 16:00:00,2255.86,2257.86,2253.97,2256.04
2023-12-28 17:00:00,2256.04,2256.53,2250.25,2254.03
2023-12-28 18:00:00,2254.03,2258.43,2253.39,2256.55
2023-12-28 19:00:00,2256.55,2262.96,2252.88,2252.88
2023-12-28 20:00:00,2252.88,2254.29,2239.22,2239.66
2023-12-28 21:00:00,2239.66,2241.9,2236.19,2241.9
2023-12-28 22:00:00,2241.9,2253.09,2239.73,2253.09
2023-12-28 23:00:00,2253.09,2258.82,2251.85,2254.94
2023-12-29 00:00:00,2254.94,2267.59,2254.94,2267.59
2023-12-29 01:00:00,2267.59,2273.64,2267.42,2269.6
2023-12-29 02:00:00,2269.6,2274.69,2268.18,2274.69
2023-12-29 03:00:00,2274.69,2274.84,2269.73,2269.73
2023-12-29 04:00:00,2269.73,2271.11,2264.1,2269.7
2023-12-29 05:00:00,2269.7,2275.73,2269.7,2274.5
2023-12-29 06:00:00,2274.5,2277.47,2272.81,2273.48
2023-12-29 07:00:00,2273.48,2275.86,2260.54,2263.78
2023-12-29 08:00:00,2263.78,2268.94,2261.54,2265.84
2023-12-29 09:00:00,2265.84,2266.52,2261.1,2266.52
2023-12-29 10:00:00,2266.52,2268.4,2260.53,2265.63
2023-12-29 11:00:00,2265.63,2266.0,2253.27,2253.86
2023-12-29 12:00:00,2253.86,2265.29,2253.86,2261.04
2023-12-29 13:00:00,2261.04,2266.95,2260.7,2264.75
2023-12-29 14:00:00,2264.75,2269.76,2262.22,2265.57
2023-12-29 15:00:00,2265.57,2273.18,2263.73,2273.18
2023-12-29 16:00:00,2273.18,2282.94,2268.64,2282.94
2023-12-29 17:00:00,2282.94,2287.02,2280.46,2286.28
2023-12-29 18:00:00,2286.28,2289.04,2278.95,2282.14
2023-12-29 19:00:00,2282.14,2285.7,2277.07,2277.07
2023-12-29 20:00:00,2277.07,2285.7,2277.07,2285.03
2023-12-29 21:00:00,2285.03,2287.12,2282.3,2284.59
2023-12-29 22:00:00,2284.59,2286.09,2275.04,2275.04
2023-12-29 23:00:00,2275.04,2279.62,2272.19,2278.04
2024-01-01 00:00:00,2278.04,2283.91,2278.04,2281.23
2024-01-01 01:00:00,2281.23,2285.83,2278.0,2285.03
2024-01-01 02:00:00,2285.03,2285.03,2272.48,2272.48
2024-01-01 03:00:00,2272.48,2278.63,2265.36,2278.63
2024-01-01 04:00:00,2278.63,2281.08,2268.83,2268.83
2024-01-01 05:00:00,2268.83,2275.13,2268.83,2275.13
2024-01-01 06:00:00,2275.13,2277.21,2268.45,2268.45
2024-01-01 07:00:00,2268.45,2275.31,2267.56,2275.27
2024-01-01 08:00:00,2275.27,2276.15,2266.01,2268.0
2024-01-01 09:00:00,2268.0,2273.51,2260.65,2260.65
2024-01-01 10:00:00,2260.65,2271.81,2260.65,2271.81
2024-01-01 11:00:00,2271.81,2273.8,2269.98,2272.81
2024-01-01 12:00:00,2272.81,2284.73,2272.81,2281.38
2024-01-01 13:00:00,2281.38,2283.8,2276.94,2281.48
2024-01-01 14:00:00,2281.48,2287.72,2280.8,2284.64
2024-01-01 15:00:00,2284.64,2292.77,2283.28,2292.77
2024-01-01 16:00:00,2292.77,2311.56,2290.1,2311.56
2024-01-01 17:00:00,2311.56,2315.49,2310.11,2315.49
2024-01-01 18:00:00,2315.49,2319.84,2315.49,2316.81
2024-01-01 19:00:00,2316.81,2327.9,2314.03,2327.9
2024-01-01 20:00:00,2327.9,2330.88,2324.27,2328.65
2024-01-01 21:00:00,2328.65,2335.92,2327.98,2330.31
2024-01-01 22:00:00,2330.31,2331.14,2326.3,2331.14
2024-01-01 23:00:00,2331.14,2350.81,2331.07,2350.52
2024-01-02 00:00:00,2350.52,2350.52,2345.04,2348.1
2024-01-02 01:00:00,2348.1,2350.32,2347.09,2349.99
2024-01-02 02:00:00,2349.99,2354.02,2346.38,2346.38
2024-01-02 03:00:00,2346.38,2346.38,2342.96,2344.17
2024-01-02 04:00:00,2344.17,2346.0,2342.65,2342.88
2024-01-02 05:00:00,2342.88,2345.31,2340.33,2345.31
2024-01-02 06:00:00,2345.31,2355.72,2343.36,2354.21
2024-01-02 07:00:00,2354.21,2359.25,2353.67,2356.59
2024-01-02 08:00:00,2356.59,2357.31,2348.04,2351.27
2024-01-02 09:00:00,2351.27,2357.35,2351.01,2352.8
2024-01-02 10:00:00,2352.8,2359.3,2351.19,2356.51
2024-01-02 11:00:00,2356.51,2368.65,2356.51,2366.72
2024-01-02 12:00:00,2366.72,2368.4,2352.78,2354.08
2024-01-02 13:00:00,2354.08,2357.88,2354.08,2354.7
2024-01-02 14:00:00,2354.7,2365.17,2354.7,2363.07
2024-01-02 15:00:00,2363.07,2364.22,2360.45,2361.91
2024-01-02 16:00:00,2361.91,2362.73,2354.45,2354.6
2024-01-02 17:00:00,2354.6,2354.63,2350.07,2354.06
2024-01-02 18:00:00,2354.06,2355.8,2346.11,2350.8
2024-01-02 19:00:00,2350.8,2356.26,2347.76,2356.26
2024-01-02 20:00:00,2356.26,2357.27,2353.88,2356.88
2024-01-02 21:00:00,2356.88,2356.88,2339.44,2343.27
2024-01-02 22:00:00,2343.27,2351.99,2335.09,2338.3
2024-01-02 23:00:00,2338.3,2347.12,2338.3,2341.9
2024-01-03 00:00:00,2341.9,2347.76,2341.9,2346.0
2024-01-03 01:00:00,2346.0,2349.8,2344.44,2349.8
2024-01-03 02:00:00,2349.8,2357.74,2349.03,2354.63
2024-01-03 03:00:00,2354.63,2361.31,2350.51,2351.6
2024-01-03 04:00:00,2351.6,2356.15,2345.54,2352.25
2024-01-03 05:00:00,2352.25,2357.88,2352.1,2355.24
2024-01-03 06:00:00,2355.24,2363.1,2354.5,2356.6
2024-01-03 07:00:00,2356.6,2357.8,2346.64,2346.77
2024-01-03 08:00:00,2346.77,2346.77,2335.34,2335.9
2024-01-03 09:00:00,2335.9,2341.7,2333.55,2338.39
2024-01-03 10:00:00,2338.39,2345.96,2338.39,2343.1
2024-01-03 11:00:00,2343.1,2344.99,2341.05,2344.99
2024-01-03 12:00:00,2344.99,2348.43,2338.07,2338.16
2024-01-03 13:00:00,2338.16,2342.5,2331.47,2334.43
2024-01-03 14:00:00,2334.43,2334.43,2320.12,2320.12
2024-01-03 15:00:00,2320.12,2323.11,2304.83,2304.83
2024-01-03 16:00:00,2304.83,2307.27,2303.02,2305.51
2024-01-03 17:00:00,2305.51,2314.22,2303.65,2312.59
2024-01-03 18:00:00,2312.59,2312.59,2300.98,2301.07
2024-01-03 19:00:00,2301.07,2303.39,2298.01,2301.43
2024-01-03 20:00:00,2301.43,2315.61,2301.43,2307.12
2024-01-03 21:00:00,2307.12,2310.68,2307.12,2307.63
2024-01-03 22:00:00,2307.63,2315.4,2307.63,2314.71
2024-01-03 23:00:00,2314.71,2323.0,2314.71,2319.76
2024-01-04 00:00:00,2319.76,2322.39,2317.45,2319.84
2024-01-04 01:00:00,2319.84,2321.23,2316.57,2319.71
2024-01-04 02:00:00,2319.71,2319.71,2312.42,2312.42
2024-01-04 03:00:00,2312.42,2321.15,2310.58,2321.15
2024-01-04 04:00:00,2321.15,2331.7,2320.24,2329.72
2024-01-04 05:00:00,2329.72,2336.44,2329.6,2329.6
2024-01-04 06:00:00,2329.6,2335.2,2328.2,2334.52
2024-01-04 07:00:00,2334.52,2342.38,2334.13,2340.64
2024-01-04 08:00:00,2340.64,2361.2,2340.33,2361.2
2024-01-04 09:00:00,2361.2,2369.56,2360.87,2369.56
2024-01-04 10:00:00,2369.56,2369.56,2358.88,2362.83
2024-01-04 11:00:00,2362.83,2366.11,2353.41,2353.61
2024-01-04 12:00:00,2353.61,2357.63,2350.54,2352.65
2024-01-04 13:00:00,2352.65,2354.99,2347.91,2354.99
2024-01-04 14:00:00,2354.99,2356.01,2347.37,2348.13
2024-01-04 15:00:00,2348.13,2348.13,2342.48,2344.66
2024-01-04 16:00:00,2344.66,2344.66,2337.55,2337.55
2024-01-04 17:00:00,2337.55,2337.98,2334.35,2335.36
2024-01-04 18:00:00,2335.36,2338.75,2331.07,2338.75
2024-01-04 19:00:00,2338.75,2344.57,2338.75,2342.29
2024-01-04 20:00:00,2342.29,2348.97,2341.64,2348.52
2024-01-04 21:00:00,2348.52,2351.14,2346.69,2351.14
2024-01-04 22:00:00,2351.14,2362.08,2345.87,2362.08
2024-01-04 23:00:00,2362.08,2362.08,2359.45,2360.59
2024-01-05 00:00:00,2360.59,2374.99,2360.59,2374.99
2024-01-05 01:00:00,2374.99,2378.08,2373.02,2375.5
2024-01-05 02:00:00,2375.5,2377.24,2369.37,2376.25
2024-01-05 03:00:00,2376.25,2385.31,2371.59,2384.92
2024-01-05 04:00:00,2384.92,2384.92,2379.23,2379.88
2024-01-05 05:00:00,2379.88,2382.79,2379.11,2381.9
2024-01-05 06:00:00,2381.9,2385.23,2376.91,2376.91
2024-01-05 07:00:00,2376.91,2377.58,2366.9,2367.8
2024-01-05 08:00:00,2367.8,2368.72,2362.97,2362.97
2024-01-05 09:00:00,2362.97,2365.28,2359.6,2361.3
2024-01-05 10:00:00,2361.3,2371.33,2361.3,2368.28
2024-01-05 11:00:00,2368.28,2370.56,2366.78,2368.47
2024-01-05 12:00:00,2368.47,2372.36,2357.38,2357.38
2024-01-05 13:00:00,2357.38,2371.66,2357.38,2371.26
2024-01-05 14:00:00,2371.26,2372.59,2366.57,2367.73
2024-01-05 15:00:00,2367.73,2378.23,2367.73,2376.39
2024-01-05 16:00:00,2376.39,2382.45,2376.39,2378.57
2024-01-05 17:00:00,2378.57,2380.51,2372.51,2372.51
2024-01-05 18:00:00,2372.51,2381.05,2372.51,2381.05
2024-01-05 19:00:00,2381.05,2384.14,2374.75,2383.38
2024-01-05 20:00:00,2383.38,2385.75,2376.22,2379.19
2024-01-05 21:00:00,2379.19,2380.04,2369.23,2370.28
2024-01-05 22:00:00,2370.28,2375.77,2367.76,2374.48
2024-01-05 23:00:00,2374.48,2381.79,2374.48,2381.79
2024-01-08 00:00:00,2381.79,2386.0,2379.44,2386.0
2024-01-08 01:00:00,2386.0,2389.14,2382.2,2387.86
2024-01-08 02:00:00,2387.86,2402.61,2387.86,2402.61
2024-01-08 03:00:00,2402.61,2402.61,2397.2,2398.0
2024-01-08 04:00:00,2398.0,2415.59,2398.0,2415.59
2024-01-08 05:00:00,2415.59,2415.59,2401.77,2401.77
2024-01-08 06:00:00,2401.77,2402.12,2395.13,2395.13
2024-01-08 07:00:00,2395.13,2403.96,2392.86,2403.96
2024-01-08 08:00:00,2403.96,2406.72,2402.0,2405.5
2024-01-08 09:00:00,2405.5,2412.55,2404.79,2410.76
2024-01-08 10:00:00,2410.76,2421.17,2409.75,2417.95
2024-01-08 11:00:00,2417.95,2418.53,2410.59,2412.56
2024-01-08 12:00:00,2412.56,2412.56,2394.78,2394.78
2024-01-08 13:00:00,2394.78,2411.84,2394.78,2410.33
2024-01-08 14:00:00,2410.33,2411.98,2407.52,2407.52
2024-01-08 15:00:00,2407.52,2417.58,2405.89,2417.58
2024-01-08 16:00:00,2417.58,2422.28,2415.09,2421.73
2024-01-08 17:00:00,2421.73,2425.12,2418.8,2422.11
2024-01-08 18:00:00,2422.11,2422.33,2416.45,2421.55
2024-01-08 19:00:00,2421.55,2438.66,2421.55,2436.24
2024-01-08 20:00:00,2436.24,2440.57,2430.5,2434.68
2024-01-08 21:00:00,2434.68,2434.68,2427.24,2430.04
2024-01-08 22:00:00,2430.04,2436.32,2430.03,2433.47
2024-01-08 23:00:00,2433.47,2435.57,2423.88,2429.91
2024-01-09 00:00:00,2429.91,2434.29,2429.3,2430.32
2024-01-09 01:00:00,2430.32,2430.32,2422.59,2426.37
2024-01-09 02:00:00,2426.37,2428.06,2422.31,2423.86
2024-01-09 03:00:00,2423.86,2423.86,2417.55,2419.79
2024-01-09 04:00:00,2419.79,2419.79,2411.84,2417.58
2024-01-09 05:00:00,2417.58,2421.57,2416.82,2417.65
2024-01-09 06:00:00,2417.65,2422.56,2417.02,2420.26
2024-01-09 07:00:00,2420.26,2420.26,2416.27,2418.77
2024-01-09 08:00:00,2418.77,2424.6,2416.41,2418.04
2024-01-09 09:00:00,2418.04,2424.73,2417.61,2424.57
2024-01-09 10:00:00,2424.57,2431.58,2423.97,2426.69
2024-01-09 11:00:00,2426.69,2427.14,2418.71,2418.71
2024-01-09 12:00:00,2418.71,2425.76,2417.72,2420.4
2024-01-09 13:00:00,2420.4,2424.29,2416.27,2418.33
2024-01-09 14:00:00,2418.33,2418.33,2411.37,2414.16
2024-01-09 15:00:00,2414.16,2418.77,2411.17,2418.77
2024-01-09 16:00:00,2418.77,2426.39,2417.01,2419.7
2024-01-09 17:00:00,2419.7,2425.09,2417.64,2418.96
2024-01-09 18:00:00,2418.96,2425.26,2417.49,2418.57
2024-01-09 19:00:00,2418.57,2426.0,2417.42,2422.66
2024-01-09 20:00:00,2422.66,2422.93,2416.89,2422.28
2024-01-09 21:00:00,2422.28,2422.28,2416.51,2416.51
2024-01-09 22:00:00,2416.51,2416.51,2412.81,2415.22
2024-01-09 23:00:00,2415.22,2415.22,2408.41,2408.41
2024-01-10 00:00:00,2408.41,2411.63,2406.2,2408.61
2024-01-10 01:00:00,2408.61,2411.53,2402.01,2405.0
2024-01-10 02:00:00,2405.0,2419.65,2405.0,2419.65
2024-01-10 03:00:00,2419.65,2428.73,2419.65,2428.73
2024-01-10 04:00:00,2428.73,2439.67,2428.73,2434.68
2024-01-10 05:00:00,2434.68,2445.7,2431.66,2445.7
2024-01-10 06:00:00,2445.7,2455.75,2445.7,2451.55
2024-01-10 07:00:00,2451.55,2451.6,2446.98,2448.52
2024-01-10 08:00:00,2448.52,2457.67,2440.6,2445.77
2024-01-10 09:00:00,2445.77,2445.77,2431.71,2444.64
2024-01-10 10:00:00,2444.64,2456.14,2444.52,2451.44
2024-01-10 11:00:00,2451.44,2461.5,2449.67,2454.98
2024-01-10 12:00:00,2454.98,2454.98,2442.4,2448.3
2024-01-10 13:00:00,2448.3,2450.16,2435.93,2438.02
2024-01-10 14:00:00,2438.02,2441.47,2436.51,2441.47
2024-01-10 15:00:00,2441.47,2441.47,2434.61,2436.9
2024-01-10 16:00:00,2436.9,2441.16,2434.88,2439.75
2024-01-10 17:00:00,2439.75,2439.75,2433.52,2433.86
2024-01-10 18:00:00,2433.86,2440.62,2430.7,2434.34
2024-01-10 19:00:00,2434.34,2441.58,2434.34,2441.58
2024-01-10 20:00:00,2441.58,2441.58,2427.0,2427.99
2024-01-10 21:00:00,2427.99,2427.99,2400.83,2408.05
2024-01-10 22:00:00,2408.05,2409.26,2406.19,2407.3
2024-01-10 23:00:00,2407.3,2413.9,2403.37,2403.37
2024-01-11 00:00:00,2403.37,2413.2,2403.01,2411.99
2024-01-11 01:00:00,2411.99,2417.38,2411.62,2417.38
2024-01-11 02:00:00,2417.38,2417.38,2412.63,2415.79
2024-01-11 03:00:00,2415.79,2421.44,2415.26,2418.0
2024-01-11 04:00:00,2418.0,2422.83,2414.49,2416.0
2024-01-11 05:00:00,2416.0,2420.39,2416.0,2419.22
2024-01-11 06:00:00,2419.22,2425.03,2416.42,2416.42
2024-01-11 07:00:00,2416.42,2423.93,2413.18,2423.93
2024-01-11 08:00:00,2423.93,2428.78,2423.62,2426.5
2024-01-11 09:00:00,2426.5,2444.04,2426.2,2444.04
2024-01-11 10:00:00,2444.04,2444.04,2438.25,2441.88
2024-01-11 11:00:00,2441.88,2441.88,2435.68,2437.76
2024-01-11 12:00:00,2437.76,2445.77,2437.42,2443.25
2024-01-11 13:00:00,2443.25,2456.09,2443.25,2456.09
2024-01-11 14:00:00,2456.09,2464.77,2455.3,2464.65
2024-01-11 15:00:00,2464.65,2475.12,2462.95,2475.12
2024-01-11 16:00:00,2475.12,2475.47,2465.98,2466.64
2024-01-11 17:00:00,2466.64,2473.58,2466.64,2468.61
2024-01-11 18:00:00,2468.61,2472.0,2465.78,2469.3
2024-01-11 19:00:00,2469.3,2469.3,2454.47,2456.79
2024-01-11 20:00:00,2456.79,2474.29,2456.79,2464.66
2024-01-11 21:00:00,2464.66,2468.6,2463.78,2465.96
2024-01-11 22:00:00,2465.96,2466.83,2462.31,2465.72
2024-01-11 23:00:00,2465.72,2470.76,2465.5,2469.42
2024-01-12 00:00:00,2469.42,2470.64,2463.48,2467.98
2024-01-12 01:00:00,2467.98,2467.98,2446.62,2446.62
2024-01-12 02:00:00,2446.62,2448.28,2442.77,2442.77
2024-01-12 03:00:00,2442.77,2443.81,2438.78,2441.27
2024-01-12 04:00:00,2441.27,2444.12,2435.62,2437.36
2024-01-12 05:00:00,2437.36,2437.36,2429.0,2429.27
2024-01-12 06:00:00,2429.27,2432.09,2424.96,2425.22
2024-01-12 07:00:00,2425.22,2425.36,2422.2,2425.36
2024-01-12 08:00:00,2425.36,2429.92,2416.07,2426.78
2024-01-12 09:00:00,2426.78,2428.83,2419.38,2421.71
2024-01-12 10:00:00,2421.71,2427.34,2418.8,2427.34
2024-01-12 11:00:00,2427.34,2443.94,2427.34,2428.13
2024-01-12 12:00:00,2428.13,2428.13,2410.66,2423.93
2024-01-12 13:00:00,2423.93,2424.79,2414.64,2414.64
2024-01-12 14:00:00,2414.64,2420.28,2413.91,2419.78
2024-01-12 15:00:00,2419.78,2423.04,2416.83,2421.78
2024-01-12 16:00:00,2421.78,2422.48,2416.36,2420.72
2024-01-12 17:00:00,2420.72,2424.39,2418.9,2422.64
2024-01-12 18:00:00,2422.64,2425.26,2417.79,2418.05
2024-01-12 19:00:00,2418.05,2425.42,2416.77,2422.96
2024-01-12 20:00:00,2422.96,2426.24,2419.29,2422.8
2024-01-12 21:00:00,2422.8,2427.3,2418.94,2423.72
2024-01-12 22:00:00,2423.72,2424.86,2420.42,2420.42
2024-01-12 23:00:00,2420.42,2421.59,2415.95,2418.59
2024-01-15 00:00:00,2418.59,2423.12,2410.73,2414.21
2024-01-15 01:00:00,2414.21,2420.64,2413.22,2413.22
2024-01-15 02:00:00,2413.22,2424.03,2411.35,2423.28
2024-01-15 03:00:00,2423.28,2424.95,2416.47,2416.47
2024-01-15 04:00:00,2416.47,2421.43,2412.31,2421.43
2024-01-15 05:00:00,2421.43,2421.43,2405.84,2406.66
2024-01-15 06:00:00,2406.66,2408.7,2403.43,2403.43
2024-01-15 07:00:00,2403.43,2412.01,2398.37,2412.01
2024-01-15 08:00:00,2412.01,2414.49,2412.01,2412.56
2024-01-15 09:00:00,2412.56,2412.68,2408.6,2408.6
2024-01-15 10:00:00,2408.6,2416.74,2408.6,2415.94
2024-01-15 11:00:00,2415.94,2420.48,2414.12,2414.12
2024-01-15 12:00:00,2414.12,2414.74,2408.59,2409.22
2024-01-15 13:00:00,2409.22,2418.42,2407.91,2414.55
2024-01-15 14:00:00,2414.55,2416.49,2402.76,2402.76
2024-01-15 15:00:00,2402.76,2403.63,2392.82,2393.2
2024-01-15 16:00:00,2393.2,2399.02,2393.2,2398.48
2024-01-15 17:00:00,2398.48,2400.05,2394.61,2400.05
2024-01-15 18:00:00,2400.05,2402.73,2394.58,2394.58
2024-01-15 19:00:00,2394.58,2396.43,2391.28,2394.87
2024-01-15 20:00:00,2394.87,2395.26,2383.65,2383.65
2024-01-15 21:00:00,2383.65,2386.62,2380.11,2382.96
2024-01-15 22:00:00,2382.96,2383.15,2371.8,2375.54
2024-01-15 23:00:00,2375.54,2381.79,2375.54,2377.48
2024-01-16 00:00:00,2377.48,2380.14,2374.67,2376.01
2024-01-16 01:00:00,2376.01,2378.31,2372.48,2372.48
2024-01-16 02:00:00,2372.48,2373.21,2355.93,2355.93
2024-01-16 03:00:00,2355.93,2360.96,2354.72,2354.72
2024-01-16 04:00:00,2354.72,2354.72,2348.39,2348.63
2024-01-16 05:00:00,2348.63,2350.96,2340.83,2350.84
2024-01-16 06:00:00,2350.84,2356.19,2344.12,2344.66
2024-01-16 07:00:00,2344.66,2346.22,2340.53,2341.51
2024-01-16 08:00:00,2341.51,2341.51,2332.94,2340.17
2024-01-16 09:00:00,2340.17,2341.72,2336.96,2339.65
2024-01-16 10:00:00,2339.65,2340.6,2334.89,2338.63
2024-01-16 11:00:00,2338.63,2338.63,2333.05,2333.05
2024-01-16 12:00:00,2333.05,2347.24,2333.05,2346.69
2024-01-16 13:00:00,2346.69,2352.27,2344.49,2350.47
2024-01-16 14:00:00,2350.47,2352.88,2345.38,2345.38
2024-01-16 15:00:00,2345.38,2347.62,2334.52,2336.15
2024-01-16 16:00:00,2336.15,2337.33,2333.37,2333.37
2024-01-16 17:00:00,2333.37,2333.37,2319.81,2319.95
2024-01-16 18:00:00,2319.95,2330.51,2319.95,2329.29
2024-01-16 19:00:00,2329.29,2329.29,2317.07,2317.07
2024-01-16 20:00:00,2317.07,2320.85,2317.04,2320.85
2024-01-16 21:00:00,2320.85,2320.85,2314.44,2317.14
2024-01-16 22:00:00,2317.14,2319.44,2315.36,2317.65
2024-01-16 23:00:00,2317.65,2327.06,2317.65,2327.06
2024-01-17 00:00:00,2327.06,2327.06,2318.93,2321.34
2024-01-17 01:00:00,2321.34,2322.28,2315.05,2315.05
2024-01-17 02:00:00,2315.05,2323.48,2310.34,2311.31
2024-01-17 03:00:00,2311.31,2312.39,2298.05,2299.54
2024-01-17 04:00:00,2299.54,2299.54,2292.39,2294.2
2024-01-17 05:00:00,2294.2,2305.45,2294.2,2302.66
2024-01-17 06:00:00,2302.66,2304.21,2299.87,2299.87
2024-01-17 07:00:00,2299.87,2299.87,2294.39,2294.75
2024-01-17 08:00:00,2294.75,2300.61,2293.38,2300.61
2024-01-17 09:00:00,2300.61,2313.85,2300.61,2313.85
2024-01-17 10:00:00,2313.85,2313.85,2307.6,2307.6
2024-01-17 11:00:00,2307.6,2314.19,2306.01,2313.33
2024-01-17 12:00:00,2313.33,2327.55,2313.33,2320.4
2024-01-17 13:00:00,2320.4,2324.2,2318.53,2321.31
2024-01-17 14:00:00,2321.31,2321.31,2312.14,2319.96
2024-01-17 15:00:00,2319.96,2322.41,2317.59,2320.81
2024-01-17 16:00:00,2320.81,2320.81,2312.33,2312.68
2024-01-17 17:00:00,2312.68,2316.75,2312.68,2313.94
2024-01-17 18:00:00,2313.94,2313.94,2308.7,2308.7
2024-01-17 19:00:00,2308.7,2320.07,2308.7,2316.87
2024-01-17 20:00:00,2316.87,2320.11,2316.82,2317.51
2024-01-17 21:00:00,2317.51,2323.51,2317.51,2321.46
2024-01-17 22:00:00,2321.46,2323.33,2313.68,2313.68
2024-01-17 23:00:00,2313.68,2314.24,2308.88,2314.24
2024-01-18 00:00:00,2314.24,2321.06,2314.24,2317.54
2024-01-18 01:00:00,2317.54,2321.33,2317.02,2321.21
2024-01-18 02:00:00,2321.21,2323.54,2318.73,2320.03
2024-01-18 03:00:00,2320.03,2320.5,2314.53,2319.35
2024-01-18 04:00:00,2319.35,2319.35,2311.3,2314.98
2024-01-18 05:00:00,2314.98,2314.98,2311.8,2313.64
2024-01-18 06:00:00,2313.64,2315.14,2310.62,2311.8
2024-01-18 07:00:00,2311.8,2316.64,2310.36,2310.36
2024-01-18 08:00:00,2310.36,2313.13,2306.74,2313.13
2024-01-18 09:00:00,2313.13,2319.35,2312.51,2312.51
2024-01-18 10:00:00,2312.51,2318.21,2310.3,2310.3
2024-01-18 11:00:00,2310.3,2312.55,2309.96,2311.76
2024-01-18 12:00:00,2311.76,2313.47,2302.98,2311.13
2024-01-18 13:00:00,2311.13,2312.94,2307.45,2312.76
2024-01-18 14:00:00,2312.76,2312.76,2309.51,2310.36
2024-01-18 15:00:00,2310.36,2311.48,2304.51,2309.98
2024-01-18 16:00:00,2309.98,2310.24,2306.4,2306.4
2024-01-18 17:00:00,2306.4,2317.65,2306.16,2316.77
2024-01-18 18:00:00,2316.77,2321.2,2313.03,2318.17
2024-01-18 19:00:00,2318.17,2318.17,2305.09,2305.09
2024-01-18 20:00:00,2305.09,2319.47,2303.3,2314.71
2024-01-18 21:00:00,2314.71,2315.61,2305.65,2305.65
2024-01-18 22:00:00,2305.65,2313.49,2303.47,2308.11
2024-01-18 23:00:00,2308.11,2308.11,2301.97,2303.53
2024-01-19 00:00:00,2303.53,2317.09,2303.53,2317.09
2024-01-19 01:00:00,2317.09,2317.09,2309.08,2314.01
2024-01-19 02:00:00,2314.01,2321.01,2313.93,2321.01
2024-01-19 03:00:00,2321.01,2321.28,2315.07,2315.09
2024-01-19 04:00:00,2315.09,2321.94,2314.46,2317.67
2024-01-19 05:00:00,2317.67,2320.16,2311.55,2311.55
2024-01-19 06:00:00,2311.55,2313.29,2305.09,2305.09
2024-01-19 07:00:00,2305.09,2305.88,2302.92,2302.93
2024-01-19 08:00:00,2302.93,2309.14,2302.38,2304.39
2024-01-19 09:00:00,2304.39,2317.72,2303.2,2313.97
2024-01-19 10:00:00,2313.97,2313.97,2297.33,2298.69
2024-01-19 11:00:00,2298.69,2315.11,2298.56,2310.6
2024-01-19 12:00:00,2310.6,2312.92,2307.64,2312.92
2024-01-19 13:00:00,2312.92,2315.69,2306.55,2315.14
2024-01-19 14:00:00,2315.14,2315.22,2303.34,2305.06
2024-01-19 15:00:00,2305.06,2309.72,2302.97,2303.53
2024-01-19 16:00:00,2303.53,2318.93,2303.53,2318.93
2024-01-19 17:00:00,2318.93,2318.93,2304.92,2308.41
2024-01-19 18:00:00,2308.41,2323.38,2308.41,2320.65
2024-01-19 19:00:00,2320.65,2321.49,2309.12,2309.58
2024-01-19 20:00:00,2309.58,2311.08,2299.42,2301.39
2024-01-19 21:00:00,2301.39,2307.57,2301.39,2306.97
2024-01-19 22:00:00,2306.97,2320.6,2306.92,2317.94
2024-01-19 23:00:00,2317.94,2323.4,2307.47,2313.28
2024-01-22 00:00:00,2313.28,2320.6,2313.28,2320.15
2024-01-22 01:00:00,2320.15,2320.15,2310.06,2315.9
2024-01-22 02:00:00,2315.9,2318.53,2310.75,2318.53
2024-01-22 03:00:00,2318.53,2319.25,2313.63,2319.25
2024-01-22 04:00:00,2319.25,2319.51,2316.56,2318.05
2024-01-22 05:00:00,2318.05,2329.81,2316.23,2327.96
2024-01-22 06:00:00,2327.96,2329.27,2313.47,2315.43
2024-01-22 07:00:00,2315.43,2321.46,2315.43,2319.26
2024-01-22 08:00:00,2319.26,2323.83,2317.89,2323.51
2024-01-22 09:00:00,2323.51,2325.44,2319.1,2322.01
2024-01-22 10:00:00,2322.01,2326.16,2320.28,2324.58
2024-01-22 11:00:00,2324.58,2324.58,2313.55,2313.55
2024-01-22 12:00:00,2313.55,2319.75,2311.57,2319.75
2024-01-22 13:00:00,2319.75,2323.47,2314.96,2315.4
2024-01-22 14:00:00,2315.4,2315.4,2308.55,2312.36
2024-01-22 15:00:00,2312.36,2312.36,2305.32,2308.69
2024-01-22 16:00:00,2308.69,2319.45,2308.17,2315.16
2024-01-22 17:00:00,2315.16,2319.67,2311.91,2313.21
2024-01-22 18:00:00,2313.21,2313.77,2305.56,2313.77
2024-01-22 19:00:00,2313.77,2321.35,2313.06,2318.12
2024-01-22 20:00:00,2318.12,2322.1,2315.79,2315.79
2024-01-22 21:00:00,2315.79,2320.93,2311.56,2320.93
2024-01-22 22:00:00,2320.93,2324.16,2316.16,2318.95
2024-01-22 23:00:00,2318.95,2323.75,2314.55,2320.91
2024-01-23 00:00:00,2320.91,2332.58,2319.25,2332.58
2024-01-23 01:00:00,2332.58,2336.62,2328.03,2333.5
2024-01-23 02:00:00,2333.5,2333.5,2328.11,2328.75
2024-01-23 03:00:00,2328.75,2333.35,2323.75,2327.23
2024-01-23 04:00:00,2327.23,2332.79,2324.35,2329.59
2024-01-23 05:00:00,2329.59,2337.6,2329.59,2334.96
2024-01-23 06:00:00,2334.96,2337.73,2329.59,2329.59
2024-01-23 07:00:00,2329.59,2340.34,2327.3,2339.96
2024-01-23 08:00:00,2339.96,2343.42,2337.89,2338.34
2024-01-23 09:00:00,2338.34,2341.01,2330.25,2334.12
2024-01-23 10:00:00,2334.12,2334.12,2325.83,2330.49
2024-01-23 11:00:00,2330.49,2336.12,2330.49,2334.58
2024-01-23 12:00:00,2334.58,2334.58,2316.82,2316.82
2024-01-23 13:00:00,2316.82,2317.31,2304.69,2309.22
2024-01-23 14:00:00,2309.22,2312.8,2308.86,2311.34
2024-01-23 15:00:00,2311.34,2313.56,2300.15,2301.63
2024-01-23 16:00:00,2301.63,2304.31,2299.3,2301.72
2024-01-23 17:00:00,2301.72,2316.88,2301.72,2308.22
2024-01-23 18:00:00,2308.22,2308.22,2298.69,2300.07
2024-01-23 19:00:00,2300.07,2300.52,2292.03,2292.03
2024-01-23 20:00:00,2292.03,2299.31,2290.16,2290.16
2024-01-23 21:00:00,2290.16,2292.17,2283.79,2292.17
2024-01-23 22:00:00,2292.17,2293.72,2286.64,2289.19
2024-01-23 23:00:00,2289.19,2289.19,2280.98,2284.11
2024-01-24 00:00:00,2284.11,2284.92,2279.11,2279.4
2024-01-24 01:00:00,2279.4,2280.52,2276.23,2276.38
2024-01-24 02:00:00,2276.38,2278.52,2269.15,2269.15
2024-01-24 03:00:00,2269.15,2271.28,2266.82,2268.63
2024-01-24 04:00:00,2268.63,2271.67,2265.41,2271.63
2024-01-24 05:00:00,2271.63,2271.63,2264.1,2267.93
2024-01-24 06:00:00,2267.93,2269.53,2267.02,2268.25
2024-01-24 07:00:00,2268.25,2269.55,2262.1,2264.74
2024-01-24 08:00:00,2264.74,2271.21,2263.99,2271.21
2024-01-24 09:00:00,2271.21,2273.35,2268.69,2268.69
2024-01-24 10:00:00,2268.69,2273.01,2265.34,2271.32
2024-01-24 11:00:00,2271.32,2275.72,2268.92,2274.65
2024-01-24 12:00:00,2274.65,2276.52,2269.58,2269.6
2024-01-24 13:00:00,2269.6,2269.6,2255.06,2255.06
2024-01-24 14:00:00,2255.06,2255.06,2231.22,2232.33
2024-01-24 15:00:00,2232.33,2238.46,2231.59,2238.41
2024-01-24 16:00:00,2238.41,2244.34,2238.41,2242.36
2024-01-24 17:00:00,2242.36,2242.36,2232.84,2232.84
2024-01-24 18:00:00,2232.84,2241.28,2232.73,2239.97
2024-01-24 19:00:00,2239.97,2239.97,2234.33,2238.92
2024-01-24 20:00:00,2238.92,2241.7,2236.8,2236.8
2024-01-24 21:00:00,2236.8,2237.23,2233.06,2237.23
2024-01-24 22:00:00,2237.23,2237.23,2223.47,2223.95
2024-01-24 23:00:00,2223.95,2223.95,2214.85,2214.85
2024-01-25 00:00:00,2214.85,2222.97,2214.85,2215.01
2024-01-25 01:00:00,2215.01,2216.16,2205.87,2208.3
2024-01-25 02:00:00,2208.3,2208.3,2196.26,2201.97
2024-01-25 03:00:00,2201.97,2207.27,2201.97,2204.18
2024-01-25 04:00:00,2204.18,2206.49,2198.82,2201.62
2024-01-25 05:00:00,2201.62,2202.3,2191.86,2192.31
2024-01-25 06:00:00,2192.31,2193.41,2190.57,2192.7
2024-01-25 07:00:00,2192.7,2194.4,2180.53,2180.53
2024-01-25 08:00:00,2180.53,2199.66,2180.53,2197.78
2024-01-25 09:00:00,2197.78,2205.36,2197.78,2198.82
2024-01-25 10:00:00,2198.82,2198.82,2192.67,2193.45
2024-01-25 11:00:00,2193.45,2195.39,2186.32,2186.32
2024-01-25 12:00:00,2186.32,2192.55,2184.33,2190.08
2024-01-25 13:00:00,2190.08,2190.08,2183.17,2185.52
2024-01-25 14:00:00,2185.52,2194.46,2185.52,2194.46
2024-01-25 15:00:00,2194.46,2194.46,2187.21,2187.21
2024-01-25 16:00:00,2187.21,2187.21,2182.92,2185.71
2024-01-25 17:00:00,2185.71,2188.71,2183.74,2183.82
2024-01-25 18:00:00,2183.82,2185.5,2182.56,2183.42
2024-01-25 19:00:00,2183.42,2193.7,2183.42,2192.27
2024-01-25 20:00:00,2192.27,2193.91,2188.92,2189.85
2024-01-25 21:00:00,2189.85,2196.7,2187.62,2196.18
2024-01-25 22:00:00,2196.18,2201.49,2188.53,2188.53
2024-01-25 23:00:00,2188.53,2188.53,2181.64,2182.51
2024-01-26 00:00:00,2182.51,2182.51,2163.78,2169.33
2024-01-26 01:00:00,2169.33,2171.14,2165.43,2165.43
2024-01-26 02:00:00,2165.43,2170.65,2159.39,2159.39
2024-01-26 03:00:00,2159.39,2165.26,2158.83,2164.15
2024-01-26 04:00:00,2164.15,2169.1,2164.15,2169.1
2024-01-26 05:00:00,2169.1,2190.13,2169.1,2182.79
2024-01-26 06:00:00,2182.79,2192.35,2182.79,2192.19
2024-01-26 07:00:00,2192.19,2192.19,2183.29,2184.33
2024-01-26 08:00:00,2184.33,2186.83,2181.32,2184.22
2024-01-26 09:00:00,2184.22,2184.22,2176.93,2179.17
2024-01-26 10:00:00,2179.17,2183.6,2175.39,2175.39
2024-01-26 11:00:00,2175.39,2180.54,2172.78,2172.78
2024-01-26 12:00:00,2172.78,2177.83,2169.35,2171.66
2024-01-26 13:00:00,2171.66,2179.29,2171.66,2176.67
2024-01-26 14:00:00,2176.67,2183.36,2176.58,2181.38
2024-01-26 15:00:00,2181.38,2186.56,2181.15,2185.88
2024-01-26 16:00:00,2185.88,2190.68,2184.18,2184.86
2024-01-26 17:00:00,2184.86,2188.13,2180.2,2188.13
2024-01-26 18:00:00,2188.13,2195.34,2188.13,2191.41
2024-01-26 19:00:00,2191.41,2191.41,2187.5,2187.76
2024-01-26 20:00:00,2187.76,2188.92,2182.92,2183.74
2024-01-26 21:00:00,2183.74,2184.95,2178.22,2184.95
2024-01-26 22:00:00,2184.95,2186.34,2181.25,2186.34
2024-01-26 23:00:00,2186.34,2190.22,2186.05,2189.22
2024-01-29 00:00:00,2189.22,2190.94,2186.3,2187.6
2024-01-29 01:00:00,2187.6,2198.32,2186.84,2195.15
2024-01-29 02:00:00,2195.15,2195.15,2182.42,2182.64
2024-01-29 03:00:00,2182.64,2182.64,2175.48,2175.91
2024-01-29 04:00:00,2175.91,2178.64,2170.34,2170.34
2024-01-29 05:00:00,2170.34,2178.57,2170.34,2178.57
2024-01-29 06:00:00,2178.57,2184.11,2174.72,2175.4
2024-01-29 07:00:00,2175.4,2188.95,2175.4,2185.97
2024-01-29 08:00:00,2185.97,2187.6,2182.04,2182.04
2024-01-29 09:00:00,2182.04,2185.91,2181.37,2185.91
2024-01-29 10:00:00,2185.91,2194.68,2184.53,2194.68
2024-01-29 11:00:00,2194.68,2196.61,2192.37,2196.61
2024-01-29 12:00:00,2196.61,2196.61,2187.6,2187.6
2024-01-29 13:00:00,2187.6,2191.23,2181.52,2191.23
2024-01-29 14:00:00,2191.23,2202.24,2190.5,2200.94
2024-01-29 15:00:00,2200.94,2210.86,2200.94,2209.46
2024-01-29 16:00:00,2209.46,2212.21,2206.93,2207.42
2024-01-29 17:00:00,2207.42,2207.42,2197.39,2203.64
2024-01-29 18:00:00,2203.64,2205.84,2198.72,2205.24
2024-01-29 19:00:00,2205.24,2206.1,2199.23,2201.39
2024-01-29 20:00:00,2201.39,2201.39,2193.8,2195.26
2024-01-29 21:00:00,2195.26,2199.55,2195.26,2197.57
2024-01-29 22:00:00,2197.57,2198.3,2193.52,2193.52
2024-01-29 23:00:00,2193.52,2202.72,2192.42,2202.72
2024-01-30 00:00:00,2202.72,2208.94,2202.72,2207.11
2024-01-30 01:00:00,2207.11,2212.56,2207.11,2211.0
2024-01-30 02:00:00,2211.0,2211.0,2200.81,2204.92
2024-01-30 03:00:00,2204.92,2207.09,2203.77,2205.85
2024-01-30 04:00:00,2205.85,2207.56,2201.13,2202.39
2024-01-30 05:00:00,2202.39,2212.25,2202.39,2212.25
2024-01-30 06:00:00,2212.25,2212.47,2206.55,2212.41
2024-01-30 07:00:00,2212.41,2212.41,2191.14,2192.11
2024-01-30 08:00:00,2192.11,2193.99,2189.57,2189.7
2024-01-30 09:00:00,2189.7,2199.23,2188.95,2192.22
2024-01-30 10:00:00,2192.22,2201.22,2192.22,2200.72
2024-01-30 11:00:00,2200.72,2205.16,2199.67,2201.64
2024-01-30 12:00:00,2201.64,2203.38,2194.0,2196.01
2024-01-30 13:00:00,2196.01,2206.76,2196.01,2205.59
2024-01-30 14:00:00,2205.59,2210.72,2204.5,2210.72
2024-01-30 15:00:00,2210.72,2211.37,2197.06,2197.06
2024-01-30 16:00:00,2197.06,2197.1,2184.08,2188.0
2024-01-30 17:00:00,2188.0,2198.48,2186.41,2198.48
2024-01-30 18:00:00,2198.48,2198.8,2194.49,2197.41
2024-01-30 19:00:00,2197.41,2208.02,2197.04,2205.12
2024-01-30 20:00:00,2205.12,2214.86,2205.12,2214.86
2024-01-30 21:00:00,2214.86,2215.65,2203.0,2208.24
2024-01-30 22:00:00,2208.24,2209.34,2205.86,2206.84
2024-01-30 23:00:00,2206.84,2211.44,2203.51,2211.44
2024-01-31 00:00:00,2211.44,2219.2,2211.44,2218.32
2024-01-31 01:00:00,2218.32,2218.32,2212.76,2215.06
2024-01-31 02:00:00,2215.06,2217.86,2212.1,2216.17
2024-01-31 03:00:00,2216.17,2217.13,2213.05,2215.04
2024-01-31 04:00:00,2215.04,2226.25,2215.04,2218.07
2024-01-31 05:00:00,2218.07,2218.07,2211.34,2214.72
2024-01-31 06:00:00,2214.72,2215.49,2208.79,2211.26
2024-01-31 07:00:00,2211.26,2218.42,2209.17,2216.28
2024-01-31 08:00:00,2216.28,2220.39,2212.21,2220.39
2024-01-31 09:00:00,2220.39,2222.49,2218.69,2221.57
2024-01-31 10:00:00,2221.57,2224.5,2214.76,2214.79
2024-01-31 11:00:00,2214.79,2226.68,2214.79,2226.64
2024-01-31 12:00:00,2226.64,2232.6,2225.62,2232.26
2024-01-31 13:00:00,2232.26,2233.99,2226.58,2230.99
2024-01-31 14:00:00,2230.99,2234.56,2225.58,2227.58
2024-01-31 15:00:00,2227.58,2237.5,2227.58,2235.84
2024-01-31 16:00:00,2235.84,2240.65,2235.84,2240.1
2024-01-31 17:00:00,2240.1,2244.68,2239.68,2244.34
2024-01-31 18:00:00,2244.34,2251.78,2236.75,2251.78
2024-01-31 19:00:00,2251.78,2260.17,2251.55,2259.61
2024-01-31 20:00:00,2259.61,2261.09,2256.41,2257.68
2024-01-31 21:00:00,2257.68,2259.73,2253.35,2253.35
2024-01-31 22:00:00,2253.35,2268.65,2253.35,2268.65
2024-01-31 23:00:00,2268.65,2268.65,2256.7,2258.57
2024-02-01 00:00:00,2258.57,2264.5,2257.39,2258.97
2024-02-01 01:00:00,2258.97,2266.48,2258.97,2260.85
2024-02-01 02:00:00,2260.85,2260.95,2249.74,2249.74
2024-02-01 03:00:00,2249.74,2254.28,2247.45,2254.28
2024-02-01 04:00:00,2254.28,2257.97,2247.65,2250.2
2024-02-01 05:00:00,2250.2,2251.69,2237.15,2237.15
2024-02-01 06:00:00,2237.15,2241.53,2234.66,2235.45
2024-02-01 07:00:00,2235.45,2236.72,2228.71,2236.72
2024-02-01 08:00:00,2236.72,2251.2,2234.28,2250.01
2024-02-01 09:00:00,2250.01,2255.21,2247.89,2255.21
2024-02-01 10:00:00,2255.21,2255.93,2242.76,2244.98
2024-02-01 11:00:00,2244.98,2250.82,2244.15,2250.82
2024-02-01 12:00:00,2250.82,2250.82,2245.84,2245.84
2024-02-01 13:00:00,2245.84,2250.64,2243.98,2250.64
2024-02-01 14:00:00,2250.64,2252.0,2243.05,2244.4
2024-02-01 15:00:00,2244.4,2245.73,2242.47,2243.41
2024-02-01 16:00:00,2243.41,2243.41,2237.2,2237.91
2024-02-01 17:00:00,2237.91,2247.07,2237.49,2245.28
2024-02-01 18:00:00,2245.28,2247.03,2238.32,2240.31
2024-02-01 19:00:00,2240.31,2246.44,2240.31,2242.19
2024-02-01 20:00:00,2242.19,2244.2,2238.26,2238.26
2024-02-01 21:00:00,2238.26,2242.38,2230.13,2230.13
2024-02-01 22:00:00,2230.13,2230.13,2215.19,2216.01
2024-02-01 23:00:00,2216.01,2216.01,2206.52,2210.11
2024-02-02 00:00:00,2210.11,2223.57,2209.2,2221.97
2024-02-02 01:00:00,2221.97,2231.24,2221.02,2221.02
2024-02-02 02:00:00,2221.02,2223.89,2215.53,2223.89
2024-02-02 03:00:00,2223.89,2223.95,2217.04,2217.04
2024-02-02 04:00:00,2217.04,2229.55,2215.7,2229.55
2024-02-02 05:00:00,2229.55,2231.9,2227.64,2227.66
2024-02-02 06:00:00,2227.66,2235.68,2227.47,2235.68
2024-02-02 07:00:00,2235.68,2238.69,2231.45,2235.9
2024-02-02 08:00:00,2235.9,2235.9,2230.52,2235.32
2024-02-02 09:00:00,2235.32,2236.53,2230.96,2230.96
2024-02-02 10:00:00,2230.96,2233.59,2227.87,2233.59
2024-02-02 11:00:00,2233.59,2234.94,2226.71,2230.87
2024-02-02 12:00:00,2230.87,2232.19,2229.35,2231.12
2024-02-02 13:00:00,2231.12,2237.62,2231.12,2236.97
2024-02-02 14:00:00,2236.97,2250.07,2236.97,2250.07
2024-02-02 15:00:00,2250.07,2254.71,2249.39,2253.79
2024-02-02 16:00:00,2253.79,2268.9,2253.79,2265.07
2024-02-02 17:00:00,2265.07,2270.27,2263.61,2263.61
2024-02-02 18:00:00,2263.61,2278.75,2263.61,2278.36
2024-02-02 19:00:00,2278.36,2278.36,2270.57,2271.45
2024-02-02 20:00:00,2271.45,2276.36,2269.15,2274.79
2024-02-02 21:00:00,2274.79,2275.04,2265.73,2268.97
2024-02-02 22:00:00,2268.97,2270.66,2261.6,2263.36
2024-02-02 23:00:00,2263.36,2263.95,2249.08,2250.11
2024-02-05 00:00:00,2250.11,2250.11,2239.58,2239.58
2024-02-05 01:00:00,2239.58,2241.01,2234.28,2241.01
2024-02-05 02:00:00,2241.01,2243.58,2239.06,2241.76
2024-02-05 03:00:00,2241.76,2243.75,2239.51,2243.14
2024-02-05 04:00:00,2243.14,2244.53,2235.95,2240.84
2024-02-05 05:00:00,2240.84,2244.27,2240.52,2241.12
2024-02-05 06:00:00,2241.12,2247.28,2240.08,2242.98
2024-02-05 07:00:00,2242.98,2246.48,2238.54,2244.05
2024-02-05 08:00:00,2244.05,2247.23,2243.75,2246.28
2024-02-05 09:00:00,2246.28,2252.19,2235.43,2240.72
2024-02-05 10:00:00,2240.72,2258.49,2240.72,2258.49
2024-02-05 11:00:00,2258.49,2264.05,2257.18,2260.91
2024-02-05 12:00:00,2260.91,2273.36,2259.71,2272.13
2024-02-05 13:00:00,2272.13,2277.25,2271.3,2271.3
2024-02-05 14:00:00,2271.3,2273.3,2267.61,2267.61
2024-02-05 15:00:00,2267.61,2267.61,2259.92,2265.13
2024-02-05 16:00:00,2265.13,2269.02,2259.97,2263.16
2024-02-05 17:00:00,2263.16,2268.14,2260.24,2268.14
2024-02-05 18:00:00,2268.14,2280.62,2268.14,2280.62
2024-02-05 19:00:00,2280.62,2280.62,2272.58,2278.17
2024-02-05 20:00:00,2278.17,2278.71,2274.67,2278.09
2024-02-05 21:00:00,2278.09,2280.26,2274.09,2276.11
2024-02-05 22:00:00,2276.11,2279.95,2274.43,2275.74
2024-02-05 23:00:00,2275.74,2297.52,2275.74,2294.75
2024-02-06 00:00:00,2294.75,2297.82,2287.11,2287.11
2024-02-06 01:00:00,2287.11,2287.84,2275.28,2275.28
2024-02-06 02:00:00,2275.28,2280.95,2274.13,2276.47
2024-02-06 03:00:00,2276.47,2288.39,2275.74,2288.39
2024-02-06 04:00:00,2288.39,2288.39,2280.06,2286.91
2024-02-06 05:00:00,2286.91,2286.91,2282.82,2284.04
2024-02-06 06:00:00,2284.04,2284.04,2277.04,2278.56
2024-02-06 07:00:00,2278.56,2280.02,2270.91,2270.91
2024-02-06 08:00:00,2270.91,2277.37,2269.99,2276.57
2024-02-06 09:00:00,2276.57,2277.41,2271.94,2277.41
2024-02-06 10:00:00,2277.41,2285.45,2271.06,2284.19
2024-02-06 11:00:00,2284.19,2285.68,2279.35,2279.35
2024-02-06 12:00:00,2279.35,2282.49,2272.73,2272.73
2024-02-06 13:00:00,2272.73,2273.0,2267.64,2269.72
2024-02-06 14:00:00,2269.72,2271.85,2263.66,2264.16
2024-02-06 15:00:00,2264.16,2265.09,2253.22,2253.61
2024-02-06 16:00:00,2253.61,2257.08,2251.98,2256.05
2024-02-06 17:00:00,2256.05,2265.52,2255.55,2263.06
2024-02-06 18:00:00,2263.06,2265.06,2259.92,2265.06
2024-02-06 19:00:00,2265.06,2265.74,2255.89,2260.31
2024-02-06 20:00:00,2260.31,2266.53,2253.38,2264.06
2024-02-06 21:00:00,2264.06,2271.0,2260.77,2261.11
2024-02-06 22:00:00,2261.11,2262.02,2255.95,2255.95
2024-02-06 23:00:00,2255.95,2261.21,2246.72,2246.72
2024-02-07 00:00:00,2246.72,2255.82,2246.72,2255.82
2024-02-07 01:00:00,2255.82,2259.56,2252.87,2252.93
2024-02-07 02:00:00,2252.93,2259.26,2252.68,2256.04
2024-02-07 03:00:00,2256.04,2256.04,2248.43,2253.13
2024-02-07 04:00:00,2253.13,2254.03,2247.58,2251.73
2024-02-07 05:00:00,2251.73,2255.73,2251.2,2251.2
2024-02-07 06:00:00,2251.2,2255.18,2251.2,2255.18
2024-02-07 07:00:00,2255.18,2256.26,2245.93,2247.13
2024-02-07 08:00:00,2247.13,2247.13,2236.86,2237.52
2024-02-07 09:00:00,2237.52,2247.89,2236.95,2247.89
2024-02-07 10:00:00,2247.89,2251.57,2247.27,2249.93
2024-02-07 11:00:00,2249.93,2250.43,2247.5,2250.43
2024-02-07 12:00:00,2250.43,2251.38,2241.18,2242.36
2024-02-07 13:00:00,2242.36,2247.65,2241.68,2246.23
2024-02-07 14:00:00,2246.23,2246.45,2229.54,2231.27
2024-02-07 15:00:00,2231.27,2238.86,2228.56,2237.09
2024-02-07 16:00:00,2237.09,2239.51,2234.66,2236.84
2024-02-07 17:00:00,2236.84,2236.84,2229.07,2233.1
2024-02-07 18:00:00,2233.1,2233.1,2217.66,2217.66
2024-02-07 19:00:00,2217.66,2232.87,2216.45,2232.87
2024-02-07 20:00:00,2232.87,2235.0,2226.23,2227.39
2024-02-07 21:00:00,2227.39,2227.93,2223.44,2227.64
2024-02-07 22:00:00,2227.64,2227.64,2220.18,2222.08
2024-02-07 23:00:00,2222.08,2228.64,2217.42,2217.42
2024-02-08 00:00:00,2217.42,2217.42,2205.85,2211.05
2024-02-08 01:00:00,2211.05,2212.96,2204.71,2205.56
2024-02-08 02:00:00,2205.56,2206.19,2202.43,2206.19
2024-02-08 03:00:00,2206.19,2207.17,2201.41,2203.66
2024-02-08 04:00:00,2203.66,2203.73,2194.58,2198.08
2024-02-08 05:00:00,2198.08,2206.74,2198.08,2203.04
2024-02-08 06:00:00,2203.04,2203.16,2195.53,2197.81
2024-02-08 07:00:00,2197.81,2204.74,2197.56,2203.6
2024-02-08 08:00:00,2203.6,2210.81,2202.34,2208.14
2024-02-08 09:00:00,2208.14,2209.68,2204.39,2208.54
2024-02-08 10:00:00,2208.54,2208.54,2195.89,2195.89
2024-02-08 11:00:00,2195.89,2197.66,2190.44,2190.44
2024-02-08 12:00:00,2190.44,2198.92,2190.03,2198.92
2024-02-08 13:00:00,2198.92,2198.93,2191.83,2198.55
2024-02-08 14:00:00,2198.55,2205.36,2196.68,2205.36
2024-02-08 15:00:00,2205.36,2207.41,2200.68,2203.56
2024-02-08 16:00:00,2203.56,2211.84,2198.86,2211.84
2024-02-08 17:00:00,2211.84,2222.76,2211.84,2221.73
2024-02-08 18:00:00,2221.73,2228.65,2221.73,2228.65
2024-02-08 19:00:00,2228.65,2230.77,2220.06,2221.48
2024-02-08 20:00:00,2221.48,2227.7,2221.48,2223.93
2024-02-08 21:00:00,2223.93,2227.16,2221.7,2227.16
2024-02-08 22:00:00,2227.16,2241.02,2227.16,2241.02
2024-02-08 23:00:00,2241.02,2244.74,2239.37,2239.37
2024-02-09 00:00:00,2239.37,2241.78,2235.15,2241.78
2024-02-09 01:00:00,2241.78,2242.9,2239.9,2241.92
2024-02-09 02:00:00,2241.92,2250.27,2239.81,2250.27
2024-02-09 03:00:00,2250.27,2255.98,2250.27,2255.98
2024-02-09 04:00:00,2255.98,2257.58,2254.16,2256.22
2024-02-09 05:00:00,2256.22,2256.85,2245.4,2245.4
2024-02-09 06:00:00,2245.4,2248.3,2241.77,2242.99
2024-02-09 07:00:00,2242.99,2245.08,2241.38,2242.41
2024-02-09 08:00:00,2242.41,2249.57,2238.81,2248.75
2024-02-09 09:00:00,2248.75,2250.87,2245.25,2250.87
2024-02-09 10:00:00,2250.87,2251.29,2245.07,2247.26
2024-02-09 11:00:00,2247.26,2248.54,2243.05,2246.6
2024-02-09 12:00:00,2246.6,2255.03,2245.12,2252.04
2024-02-09 13:00:00,2252.04,2262.58,2252.04,2257.8
2024-02-09 14:00:00,2257.8,2258.48,2250.93,2250.93
2024-02-09 15:00:00,2250.93,2254.83,2249.96,2252.65
2024-02-09 16:00:00,2252.65,2253.19,2249.84,2252.85
2024-02-09 17:00:00,2252.85,2253.41,2248.06,2248.37
2024-02-09 18:00:00,2248.37,2257.09,2248.37,2251.36
2024-02-09 19:00:00,2251.36,2260.9,2248.48,2256.13
2024-02-09 20:00:00,2256.13,2261.9,2255.45,2257.93
2024-02-09 21:00:00,2257.93,2258.31,2252.29,2255.38
2024-02-09 22:00:00,2255.38,2258.74,2252.25,2252.86
2024-02-09 23:00:00,2252.86,2255.53,2248.34,2248.34
2024-02-12 00:00:00,2248.34,2251.22,2239.32,2239.32
2024-02-12 01:00:00,2239.32,2249.96,2238.74,2239.57
2024-02-12 02:00:00,2239.57,2253.5,2237.38,2253.5
2024-02-12 03:00:00,2253.5,2253.75,2247.58,2251.88
2024-02-12 04:00:00,2251.88,2254.93,2251.2,2254.53
2024-02-12 05:00:00,2254.53,2257.68,2249.94,2257.68
2024-02-12 06:00:00,2257.68,2258.4,2252.67,2256.05
2024-02-12 07:00:00,2256.05,2256.75,2253.64,2256.75
2024-02-12 08:00:00,2256.75,2262.79,2252.06,2262.79
2024-02-12 09:00:00,2262.79,2266.59,2259.46,2259.46
2024-02-12 10:00:00,2259.46,2272.91,2259.46,2271.74
2024-02-12 11:00:00,2271.74,2271.74,2255.67,2255.67
2024-02-12 12:00:00,2255.67,2257.23,2251.02,2251.02
2024-02-12 13:00:00,2251.02,2266.38,2251.02,2264.89
2024-02-12 14:00:00,2264.89,2265.8,2251.52,2251.52
2024-02-12 15:00:00,2251.52,2251.52,2241.64,2246.53
2024-02-12 16:00:00,2246.53,2246.77,2243.75,2246.77
2024-02-12 17:00:00,2246.77,2247.58,2239.6,2239.6
2024-02-12 18:00:00,2239.6,2248.3,2237.67,2246.76
2024-02-12 19:00:00,2246.76,2261.94,2245.38,2261.94
2024-02-12 20:00:00,2261.94,2266.32,2259.9,2264.88
2024-02-12 21:00:00,2264.88,2266.05,2257.53,2257.53
2024-02-12 22:00:00,2257.53,2259.59,2247.95,2249.04
2024-02-12 23:00:00,2249.04,2253.14,2248.38,2253.14
2024-02-13 00:00:00,2253.14,2258.2,2253.08,2255.34
2024-02-13 01:00:00,2255.34,2255.34,2246.12,2247.58
2024-02-13 02:00:00,2247.58,2248.88,2240.37,2241.17
2024-02-13 03:00:00,2241.17,2244.84,2238.58,2243.1
2024-02-13 04:00:00,2243.1,2244.35,2239.03,2239.03
2024-02-13 05:00:00,2239.03,2243.5,2238.79,2239.65
2024-02-13 06:00:00,2239.65,2246.93,2236.83,2246.6
2024-02-13 07:00:00,2246.6,2247.56,2240.91,2240.91
2024-02-13 08:00:00,2240.91,2244.36,2238.38,2244.36
2024-02-13 09:00:00,2244.36,2248.1,2241.21,2247.75
2024-02-13 10:00:00,2247.75,2247.75,2234.95,2238.29
2024-02-13 11:00:00,2238.29,2241.98,2235.69,2235.69
2024-02-13 12:00:00,2235.69,2239.5,2234.52,2237.02
2024-02-13 13:00:00,2237.02,2238.16,2232.21,2236.26
2024-02-13 14:00:00,2236.26,2242.05,2234.8,2237.79
2024-02-13 15:00:00,2237.79,2253.53,2237.78,2251.8
2024-02-13 16:00:00,2251.8,2251.8,2237.37,2239.1
2024-02-13 17:00:00,2239.1,2244.25,2239.1,2239.62
2024-02-13 18:00:00,2239.62,2248.09,2239.62,2246.31
2024-02-13 19:00:00,2246.31,2246.74,2227.71,2227.71
2024-02-13 20:00:00,2227.71,2236.68,2227.71,2236.68
2024-02-13 21:00:00,2236.68,2236.68,2229.55,2230.3
2024-02-13 22:00:00,2230.3,2231.9,2222.51,2225.24
2024-02-13 23:00:00,2225.24,2233.44,2222.61,2233.44
2024-02-14 00:00:00,2233.44,2233.44,2227.16,2228.67
2024-02-14 01:00:00,2228.67,2228.91,2225.32,2228.91
2024-02-14 02:00:00,2228.91,2234.45,2226.5,2233.97
2024-02-14 03:00:00,2233.97,2238.6,2230.36,2230.36
2024-02-14 04:00:00,2230.36,2241.14,2230.36,2241.14
2024-02-14 05:00:00,2241.14,2246.2,2238.13,2244.39
2024-02-14 06:00:00,2244.39,2250.38,2243.05,2248.92
2024-02-14 07:00:00,2248.92,2248.92,2242.94,2244.93
2024-02-14 08:00:00,2244.93,2248.43,2239.95,2245.17
2024-02-14 09:00:00,2245.17,2246.19,2242.64,2243.35
2024-02-14 10:00:00,2243.35,2249.17,2243.35,2249.17
2024-02-14 11:00:00,2249.17,2265.76,2246.94,2265.76
2024-02-14 12:00:00,2265.76,2265.76,2253.03,2253.03
2024-02-14 13:00:00,2253.03,2260.19,2250.5,2260.19
2024-02-14 14:00:00,2260.19,2260.2,2257.03,2257.03
2024-02-14 15:00:00,2257.03,2257.03,2251.58,2253.66
2024-02-14 16:00:00,2253.66,2258.19,2250.71,2258.19
2024-02-14 17:00:00,2258.19,2258.19,2252.42,2252.42
2024-02-14 18:00:00,2252.42,2257.39,2252.34,2252.48
2024-02-14 19:00:00,2252.48,2252.48,2243.23,2243.23
2024-02-14 20:00:00,2243.23,2247.99,2240.05,2243.62
2024-02-14 21:00:00,2243.62,2251.8,2243.62,2243.95
2024-02-14 22:00:00,2243.95,2250.91,2243.83,2250.03
2024-02-14 23:00:00,2250.03,2250.03,2231.12,2234.07
2024-02-15 00:00:00,2234.07,2240.95,2231.12,2234.29
2024-02-15 01:00:00,2234.29,2236.94,2232.87,2236.31
2024-02-15 02:00:00,2236.31,2236.31,2226.89,2231.28
2024-02-15 03:00:00,2231.28,2234.76,2229.54,2229.54
2024-02-15 04:00:00,2229.54,2231.4,2222.9,2223.72
2024-02-15 05:00:00,2223.72,2228.61,2219.87,2228.61
2024-02-15 06:00:00,2228.61,2241.22,2228.61,2241.22
2024-02-15 07:00:00,2241.22,2244.64,2236.73,2242.97
2024-02-15 08:00:00,2242.97,2243.54,2237.74,2240.66
2024-02-15 09:00:00,2240.66,2250.97,2237.49,2250.97
2024-02-15 10:00:00,2250.97,2253.07,2245.75,2252.49
2024-02-15 11:00:00,2252.49,2253.94,2244.93,2253.94
2024-02-15 12:00:00,2253.94,2262.08,2252.6,2254.07
2024-02-15 13:00:00,2254.07,2260.13,2254.07,2260.13
2024-02-15 14:00:00,2260.13,2261.42,2251.63,2251.63
2024-02-15 15:00:00,2251.63,2251.63,2241.24,2241.24
2024-02-15 16:00:00,2241.24,2248.0,2240.52,2246.04
2024-02-15 17:00:00,2246.04,2260.12,2242.03,2260.12
2024-02-15 18:00:00,2260.12,2267.22,2256.47,2258.92
2024-02-15 19:00:00,2258.92,2259.41,2249.02,2250.65
2024-02-15 20:00:00,2250.65,2257.32,2248.81,2250.86
2024-02-15 21:00:00,2250.86,2259.42,2250.64,2256.92
2024-02-15 22:00:00,2256.92,2261.05,2250.82,2261.05
2024-02-15 23:00:00,2261.05,2261.05,2249.83,2253.2
2024-02-16 00:00:00,2253.2,2253.2,2247.47,2248.15
2024-02-16 01:00:00,2248.15,2250.94,2248.15,2249.48
2024-02-16 02:00:00,2249.48,2250.36,2235.55,2243.85
2024-02-16 03:00:00,2243.85,2257.57,2243.85,2257.57
2024-02-16 04:00:00,2257.57,2259.18,2251.92,2253.67
2024-02-16 05:00:00,2253.67,2255.2,2250.16,2252.45
2024-02-16 06:00:00,2252.45,2252.74,2242.11,2244.85
2024-02-16 07:00:00,2244.85,2245.71,2239.86,2244.77
2024-02-16 08:00:00,2244.77,2247.5,2243.5,2245.14
2024-02-16 09:00:00,2245.14,2245.14,2227.65,2227.65
2024-02-16 10:00:00,2227.65,2229.12,2223.9,2229.12
2024-02-16 11:00:00,2229.12,2229.12,2212.79,2213.73
2024-02-16 12:00:00,2213.73,2221.79,2213.12,2221.79
2024-02-16 13:00:00,2221.79,2226.32,2215.7,2220.62
2024-02-16 14:00:00,2220.62,2223.73,2219.74,2221.37
2024-02-16 15:00:00,2221.37,2227.83,2221.37,2224.14
2024-02-16 16:00:00,2224.14,2224.14,2212.42,2212.42
2024-02-16 17:00:00,2212.42,2212.68,2208.87,2211.45
2024-02-16 18:00:00,2211.45,2217.89,2211.45,2217.24
2024-02-16 19:00:00,2217.24,2220.94,2212.92,2218.76
2024-02-16 20:00:00,2218.76,2247.34,2216.81,2247.34
2024-02-16 21:00:00,2247.34,2252.02,2246.85,2251.83
2024-02-16 22:00:00,2251.83,2258.21,2251.68,2253.57
2024-02-16 23:00:00,2253.57,2265.72,2253.57,2265.72
2024-02-19 00:00:00,2265.72,2266.45,2260.14,2262.43
2024-02-19 01:00:00,2262.43,2266.34,2261.93,2264.92
2024-02-19 02:00:00,2264.92,2266.21,2255.14,2255.48
2024-02-19 03:00:00,2255.48,2260.75,2253.95,2256.13
2024-02-19 04:00:00,2256.13,2260.5,2252.97,2258.21
2024-02-19 05:00:00,2258.21,2265.07,2258.21,2265.07
2024-02-19 06:00:00,2265.07,2265.23,2247.5,2252.18
2024-02-19 07:00:00,2252.18,2252.28,2246.08,2248.0
2024-02-19 08:00:00,2248.0,2248.0,2231.57,2231.87
2024-02-19 09:00:00,2231.87,2237.85,2229.75,2229.75
2024-02-19 10:00:00,2229.75,2229.75,2225.03,2227.86
2024-02-19 11:00:00,2227.86,2230.46,2226.64,2227.63
2024-02-19 12:00:00,2227.63,2229.28,2214.82,2216.03
2024-02-19 13:00:00,2216.03,2223.85,2214.46,2222.57
2024-02-19 14:00:00,2222.57,2234.43,2221.59,2233.38
2024-02-19 15:00:00,2233.38,2236.1,2228.34,2236.1
2024-02-19 16:00:00,2236.1,2240.01,2235.32,2240.01
2024-02-19 17:00:00,2240.01,2244.1,2238.95,2241.18
2024-02-19 18:00:00,2241.18,2245.56,2240.59,2243.89
2024-02-19 19:00:00,2243.89,2252.44,2243.89,2251.74
2024-02-19 20:00:00,2251.74,2251.74,2244.2,2248.08
2024-02-19 21:00:00,2248.08,2250.12,2245.13,2245.76
2024-02-19 22:00:00,2245.76,2253.17,2245.76,2252.94
2024-02-19 23:00:00,2252.94,2253.06,2249.7,2249.7
2024-02-20 00:00:00,2249.7,2256.22,2247.96,2252.45
2024-02-20 01:00:00,2252.45,2258.29,2251.52,2257.12
2024-02-20 02:00:00,2257.12,2262.29,2255.7,2257.81
2024-02-20 03:00:00,2257.81,2260.33,2249.74,2260.33
2024-02-20 04:00:00,2260.33,2262.72,2253.56,2259.18
2024-02-20 05:00:00,2259.18,2259.25,2239.1,2241.4
2024-02-20 06:00:00,2241.4,2245.45,2240.79,2245.06
2024-02-20 07:00:00,2245.06,2255.41,2241.15,2250.52
2024-02-20 08:00:00,2250.52,2251.27,2244.45,2244.66
2024-02-20 09:00:00,2244.66,2245.15,2239.92,2241.44
2024-02-20 10:00:00,2241.44,2241.44,2236.85,2237.42
2024-02-20 11:00:00,2237.42,2237.42,2228.19,2232.98
2024-02-20 12:00:00,2232.98,2233.0,2225.94,2225.94
2024-02-20 13:00:00,2225.94,2225.94,2218.21,2219.29
2024-02-20 14:00:00,2219.29,2224.67,2219.29,2224.6
2024-02-20 15:00:00,2224.6,2233.59,2224.57,2229.62
2024-02-20 16:00:00,2229.62,2235.12,2227.75,2235.12
2024-02-20 17:00:00,2235.12,2236.35,2229.6,2229.84
2024-02-20 18:00:00,2229.84,2231.54,2222.34,2222.34
2024-02-20 19:00:00,2222.34,2231.7,2222.34,2231.1
2024-02-20 20:00:00,2231.1,2234.66,2231.1,2231.47
2024-02-20 21:00:00,2231.47,2237.82,2223.64,2237.58
2024-02-20 22:00:00,2237.58,2243.93,2237.58,2243.46
2024-02-20 23:00:00,2243.46,2244.23,2239.03,2242.7
2024-02-21 00:00:00,2242.7,2254.26,2242.7,2254.26
2024-02-21 01:00:00,2254.26,2264.34,2253.55,2264.23
2024-02-21 02:00:00,2264.23,2283.8,2260.94,2283.8
2024-02-21 03:00:00,2283.8,2283.98,2280.06,2280.48
2024-02-21 04:00:00,2280.48,2285.34,2278.49,2285.34
2024-02-21 05:00:00,2285.34,2287.62,2278.06,2279.69
2024-02-21 06:00:00,2279.69,2291.28,2277.31,2290.75
2024-02-21 07:00:00,2290.75,2295.24,2288.67,2295.24
2024-02-21 08:00:00,2295.24,2295.28,2290.75,2292.35
2024-02-21 09:00:00,2292.35,2302.98,2292.35,2301.15
2024-02-21 10:00:00,2301.15,2310.1,2301.15,2307.27
2024-02-21 11:00:00,2307.27,2308.05,2301.69,2303.85
2024-02-21 12:00:00,2303.85,2306.01,2296.34,2299.79
2024-02-21 13:00:00,2299.79,2305.03,2297.41,2297.41
2024-02-21 14:00:00,2297.41,2304.14,2297.41,2300.79
2024-02-21 15:00:00,2300.79,2300.82,2296.88,2299.47
2024-02-21 16:00:00,2299.47,2311.24,2299.47,2309.24
2024-02-21 17:00:00,2309.24,2319.89,2309.15,2319.89
2024-02-21 18:00:00,2319.89,2328.63,2319.89,2325.86
2024-02-21 19:00:00,2325.86,2332.46,2325.86,2328.52
2024-02-21 20:00:00,2328.52,2328.52,2318.24,2326.75
2024-02-21 21:00:00,2326.75,2337.55,2326.36,2336.05
2024-02-21 22:00:00,2336.05,2343.54,2334.03,2335.75
2024-02-21 23:00:00,2335.75,2342.81,2334.91,2342.81
2024-02-22 00:00:00,2342.81,2343.42,2333.64,2336.14
2024-02-22 01:00:00,2336.14,2336.14,2320.76,2320.76
2024-02-22 02:00:00,2320.76,2332.58,2320.76,2330.65
2024-02-22 03:00:00,2330.65,2330.89,2324.5,2324.5
2024-02-22 04:00:00,2324.5,2333.19,2324.5,2325.03
2024-02-22 05:00:00,2325.03,2325.39,2316.95,2320.74
2024-02-22 06:00:00,2320.74,2320.74,2311.07,2311.07
2024-02-22 07:00:00,2311.07,2317.46,2309.35,2315.73
2024-02-22 08:00:00,2315.73,2315.73,2301.87,2301.87
2024-02-22 09:00:00,2301.87,2310.85,2298.27,2306.17
2024-02-22 10:00:00,2306.17,2306.17,2302.15,2302.81
2024-02-22 11:00:00,2302.81,2316.15,2300.99,2316.15
2024-02-22 12:00:00,2316.15,2320.97,2312.16,2312.94
2024-02-22 13:00:00,2312.94,2313.58,2302.82,2305.29
2024-02-22 14:00:00,2305.29,2308.37,2297.12,2308.2
2024-02-22 15:00:00,2308.2,2308.2,2303.3,2304.37
2024-02-22 16:00:00,2304.37,2311.86,2303.63,2311.21
2024-02-22 17:00:00,2311.21,2320.6,2311.21,2319.48
2024-02-22 18:00:00,2319.48,2319.52,2310.72,2312.96
2024-02-22 19:00:00,2312.96,2319.7,2311.38,2311.76
2024-02-22 20:00:00,2311.76,2312.76,2305.3,2308.85
2024-02-22 21:00:00,2308.85,2310.76,2304.67,2305.84
2024-02-22 22:00:00,2305.84,2310.53,2305.84,2307.48
2024-02-22 23:00:00,2307.48,2307.48,2284.49,2284.49
2024-02-23 00:00:00,2284.49,2285.14,2275.47,2282.05
2024-02-23 01:00:00,2282.05,2283.02,2273.7,2280.91
2024-02-23 02:00:00,2280.91,2280.91,2265.71,2266.42
2024-02-23 03:00:00,2266.42,2277.34,2266.42,2274.69
2024-02-23 04:00:00,2274.69,2277.82,2274.69,2275.91
2024-02-23 05:00:00,2275.91,2283.7,2274.03,2279.05
2024-02-23 06:00:00,2279.05,2281.17,2269.52,2270.96
2024-02-23 07:00:00,2270.96,2270.96,2260.76,2261.49
2024-02-23 08:00:00,2261.49,2261.84,2255.23,2257.58
2024-02-23 09:00:00,2257.58,2259.34,2251.84,2251.84
2024-02-23 10:00:00,2251.84,2254.47,2250.09,2250.69
2024-02-23 11:00:00,2250.69,2251.74,2243.66,2243.66
2024-02-23 12:00:00,2243.66,2256.47,2243.66,2255.09
2024-02-23 13:00:00,2255.09,2262.99,2255.09,2262.12
2024-02-23 14:00:00,2262.12,2263.75,2260.43,2263.64
2024-02-23 15:00:00,2263.64,2274.43,2263.64,2269.37
2024-02-23 16:00:00,2269.37,2279.38,2269.37,2278.11
2024-02-23 17:00:00,2278.11,2285.43,2277.7,2277.7
2024-02-23 18:00:00,2277.7,2290.21,2277.7,2290.21
2024-02-23 19:00:00,2290.21,2293.58,2284.42,2284.42
2024-02-23 20:00:00,2284.42,2286.89,2277.41,2277.41
2024-02-23 21:00:00,2277.41,2277.41,2269.86,2273.55
2024-02-23 22:00:00,2273.55,2280.85,2269.01,2279.95
2024-02-23 23:00:00,2279.95,2279.95,2270.95,2272.5
2024-02-26 00:00:00,2272.5,2275.0,2266.14,2270.6
2024-02-26 01:00:00,2270.6,2282.77,2270.6,2281.47
2024-02-26 02:00:00,2281.47,2285.79,2280.22,2284.0
2024-02-26 03:00:00,2284.0,2286.0,2278.99,2284.8
2024-02-26 04:00:00,2284.8,2289.72,2280.11,2280.11
2024-02-26 05:00:00,2280.11,2283.91,2259.84,2259.84
2024-02-26 06:00:00,2259.84,2260.03,2247.16,2247.16
2024-02-26 07:00:00,2247.16,2247.4,2243.1,2244.25
2024-02-26 08:00:00,2244.25,2250.42,2242.37,2250.06
2024-02-26 09:00:00,2250.06,2250.06,2236.93,2237.54
2024-02-26 10:00:00,2237.54,2239.12,2233.57,2237.54
2024-02-26 11:00:00,2237.54,2243.61,2236.83,2243.61
2024-02-26 12:00:00,2243.61,2245.71,2242.88,2243.49
2024-02-26 13:00:00,2243.49,2247.7,2242.07,2243.84
2024-02-26 14:00:00,2243.84,2246.95,2241.7,2246.95
2024-02-26 15:00:00,2246.95,2249.28,2236.21,2236.21
2024-02-26 16:00:00,2236.21,2242.85,2236.21,2242.85
2024-02-26 17:00:00,2242.85,2244.83,2241.32,2242.56
2024-02-26 18:00:00,2242.56,2249.32,2241.46,2249.32
2024-02-26 19:00:00,2249.32,2258.77,2249.24,2258.77
2024-02-26 20:00:00,2258.77,2266.73,2258.77,2265.98
2024-02-26 21:00:00,2265.98,2273.69,2265.13,2268.06
2024-02-26 22:00:00,2268.06,2268.06,2260.97,2261.63
2024-02-26 23:00:00,2261.63,2261.63,2252.13,2252.13
2024-02-27 00:00:00,2252.13,2252.13,2245.93,2248.05
2024-02-27 01:00:00,2248.05,2253.55,2248.05,2251.83
2024-02-27 02:00:00,2251.83,2262.73,2251.83,2262.73
2024-02-27 03:00:00,2262.73,2268.48,2260.04,2268.48
2024-02-27 04:00:00,2268.48,2275.53,2262.7,2271.16
2024-02-27 05:00:00,2271.16,2273.98,2267.51,2270.79
2024-02-27 06:00:00,2270.79,2279.23,2270.18,2277.62
2024-02-27 07:00:00,2277.62,2287.09,2277.58,2284.03
2024-02-27 08:00:00,2284.03,2284.79,2279.65,2284.17
2024-02-27 09:00:00,2284.17,2295.55,2284.17,2292.89
2024-02-27 10:00:00,2292.89,2294.83,2289.3,2291.49
2024-02-27 11:00:00,2291.49,2303.05,2291.49,2299.16
2024-02-27 12:00:00,2299.16,2299.16,2293.12,2296.19
2024-02-27 13:00:00,2296.19,2298.64,2295.89,2295.89
2024-02-27 14:00:00,2295.89,2297.42,2294.03,2295.13
2024-02-27 15:00:00,2295.13,2297.96,2289.57,2290.92
2024-02-27 16:00:00,2290.92,2290.92,2279.21,2280.76
2024-02-27 17:00:00,2280.76,2281.8,2276.38,2281.8
2024-02-27 18:00:00,2281.8,2286.95,2279.65,2286.95
2024-02-27 19:00:00,2286.95,2288.06,2274.15,2274.15
2024-02-27 20:00:00,2274.15,2281.76,2274.15,2274.61
2024-02-27 21:00:00,2274.61,2274.61,2269.62,2269.62
2024-02-27 22:00:00,2269.62,2278.15,2269.62,2270.49
2024-02-27 23:00:00,2270.49,2271.76,2257.4,2257.41
2024-02-28 00:00:00,2257.41,2258.45,2249.63,2252.25
2024-02-28 01:00:00,2252.25,2252.74,2243.93,2250.36
2024-02-28 02:00:00,2250.36,2266.6,2250.36,2266.6
2024-02-28 03:00:00,2266.6,2274.01,2265.17,2271.67
2024-02-28 04:00:00,2271.67,2275.58,2268.93,2275.58
2024-02-28 05:00:00,2275.58,2276.35,2270.31,2271.59
2024-02-28 06:00:00,2271.59,2283.74,2270.42,2274.22
2024-02-28 07:00:00,2274.22,2274.22,2260.02,2263.68
2024-02-28 08:00:00,2263.68,2270.81,2263.22,2270.75
2024-02-28 09:00:00,2270.75,2281.8,2270.75,2277.21
2024-02-28 10:00:00,2277.21,2280.87,2273.01,2275.89
2024-02-28 11:00:00,2275.89,2282.12,2274.45,2275.38
2024-02-28 12:00:00,2275.38,2277.97,2274.21,2277.97
2024-02-28 13:00:00,2277.97,2279.48,2267.94,2269.56
2024-02-28 14:00:00,2269.56,2273.52,2268.42,2272.27
2024-02-28 15:00:00,2272.27,2286.62,2271.3,2277.36
2024-02-28 16:00:00,2277.36,2281.0,2275.84,2281.0
2024-02-28 17:00:00,2281.0,2286.35,2281.0,2286.35
2024-02-28 18:00:00,2286.35,2286.56,2279.75,2279.75
2024-02-28 19:00:00,2279.75,2279.75,2270.41,2273.92
2024-02-28 20:00:00,2273.92,2277.71,2273.42,2275.5
2024-02-28 21:00:00,2275.5,2281.12,2275.08,2278.83
2024-02-28 22:00:00,2278.83,2282.99,2276.3,2276.88
2024-02-28 23:00:00,2276.88,2277.56,2274.65,2275.9
2024-02-29 00:00:00,2275.9,2279.41,2269.86,2269.86
2024-02-29 01:00:00,2269.86,2274.93,2266.8,2274.93
2024-02-29 02:00:00,2274.93,2275.19,2267.84,2267.84
2024-02-29 03:00:00,2267.84,2273.01,2266.39,2266.39
2024-02-29 04:00:00,2266.39,2266.51,2261.91,2261.91
2024-02-29 05:00:00,2261.91,2279.3,2261.91,2279.3
2024-02-29 06:00:00,2279.3,2281.71,2274.17,2276.83
2024-02-29 07:00:00,2276.83,2278.82,2273.8,2274.56
2024-02-29 08:00:00,2274.56,2276.37,2250.86,2253.18
2024-02-29 09:00:00,2253.18,2254.7,2238.83,2238.83
2024-02-29 10:00:00,2238.83,2245.11,2234.27,2234.4
2024-02-29 11:00:00,2234.4,2235.78,2228.29,2230.07
2024-02-29 12:00:00,2230.07,2231.72,2227.02,2227.02
2024-02-29 13:00:00,2227.02,2234.81,2226.8,2232.01
2024-02-29 14:00:00,2232.01,2232.51,2225.65,2227.49
2024-02-29 15:00:00,2227.49,2240.25,2227.49,2240.25
2024-02-29 16:00:00,2240.25,2242.89,2232.94,2233.69
2024-02-29 17:00:00,2233.69,2237.65,2231.0,2237.55
2024-02-29 18:00:00,2237.55,2247.96,2236.93,2236.96
2024-02-29 19:00:00,2236.96,2240.3,2234.09,2234.09
2024-02-29 20:00:00,2234.09,2239.27,2231.11,2239.27
2024-02-29 21:00:00,2239.27,2246.82,2239.27,2243.25
2024-02-29 22:00:00,2243.25,2250.82,2242.23,2246.96
2024-02-29 23:00:00,2246.96,2260.77,2244.97,2260.77
2024-03-01 00:00:00,2260.77,2268.74,2260.63,2268.74
2024-03-01 01:00:00,2268.74,2279.12,2268.74,2279.12
2024-03-01 02:00:00,2279.12,2280.5,2272.4,2279.5
2024-03-01 03:00:00,2279.5,2285.87,2277.51,2285.22
2024-03-01 04:00:00,2285.22,2295.3,2284.02,2294.29
2024-03-01 05:00:00,2294.29,2294.29,2285.54,2285.54
2024-03-01 06:00:00,2285.54,2290.15,2282.6,2290.15
2024-03-01 07:00:00,2290.15,2301.96,2290.15,2301.96
2024-03-01 08:00:00,2301.96,2308.78,2301.96,2308.32
2024-03-01 09:00:00,2308.32,2308.87,2305.73,2305.73
2024-03-01 10:00:00,2305.73,2308.57,2304.48,2307.34
2024-03-01 11:00:00,2307.34,2311.63,2300.84,2311.63
2024-03-01 12:00:00,2311.63,2312.32,2308.97,2308.97
2024-03-01 13:00:00,2308.97,2310.53,2304.58,2310.53
2024-03-01 14:00:00,2310.53,2310.53,2304.82,2305.78
2024-03-01 15:00:00,2305.78,2318.57,2305.78,2317.38
2024-03-01 16:00:00,2317.38,2319.91,2306.28,2312.37
2024-03-01 17:00:00,2312.37,2321.67,2308.6,2308.6
2024-03-01 18:00:00,2308.6,2314.66,2308.6,2310.21
2024-03-01 19:00:00,2310.21,2316.26,2310.01,2310.01
2024-03-01 20:00:00,2310.01,2312.21,2306.94,2306.94
2024-03-01 21:00:00,2306.94,2307.01,2300.51,2307.01
2024-03-01 22:00:00,2307.01,2307.01,2288.22,2288.22
2024-03-01 23:00:00,2288.22,2292.58,2288.22,2290.56
2024-03-04 00:00:00,2290.56,2291.81,2288.16,2288.95
2024-03-04 01:00:00,2288.95,2297.09,2288.95,2295.7
2024-03-04 02:00:00,2295.7,2296.91,2290.72,2293.5
2024-03-04 03:00:00,2293.5,2295.71,2290.66,2295.71
2024-03-04 04:00:00,2295.71,2299.77,2294.36,2298.77
2024-03-04 05:00:00,2298.77,2300.53,2296.79,2297.3
2024-03-04 06:00:00,2297.3,2298.88,2294.83,2295.38
2024-03-04 07:00:00,2295.38,2295.38,2287.1,2287.1
2024-03-04 08:00:00,2287.1,2288.15,2277.04,2277.04
2024-03-04 09:00:00,2277.04,2293.97,2277.04,2293.97
2024-03-04 10:00:00,2293.97,2295.98,2290.98,2295.21
2024-03-04 11:00:00,2295.21,2298.25,2290.9,2296.31
2024-03-04 12:00:00,2296.31,2300.2,2294.15,2300.2
2024-03-04 13:00:00,2300.2,2300.3,2297.35,2297.35
2024-03-04 14:00:00,2297.35,2297.35,2278.92,2281.7
2024-03-04 15:00:00,2281.7,2281.7,2268.84,2270.52
2024-03-04 16:00:00,2270.52,2277.03,2268.5,2274.91
2024-03-04 17:00:00,2274.91,2278.42,2268.52,2272.05
2024-03-04 18:00:00,2272.05,2274.46,2266.3,2273.37
2024-03-04 19:00:00,2273.37,2279.91,2269.3,2278.09
2024-03-04 20:00:00,2278.09,2279.83,2267.34,2278.07
2024-03-04 21:00:00,2278.07,2278.48,2274.11,2275.63
2024-03-04 22:00:00,2275.63,2279.58,2273.1,2276.88
2024-03-04 23:00:00,2276.88,2281.0,2275.7,2281.0
2024-03-05 00:00:00,2281.0,2282.79,2278.14,2279.75
2024-03-05 01:00:00,2279.75,2282.29,2275.77,2278.1
2024-03-05 02:00:00,2278.1,2281.89,2272.81,2281.89
2024-03-05 03:00:00,2281.89,2284.76,2272.97,2272.97
2024-03-05 04:00:00,2272.97,2278.14,2271.19,2273.0
2024-03-05 05:00:00,2273.0,2277.08,2270.26,2272.12
2024-03-05 06:00:00,2272.12,2272.12,2256.4,2256.4
2024-03-05 07:00:00,2256.4,2261.55,2253.42,2253.42
2024-03-05 08:00:00,2253.42,2259.6,2253.42,2256.44
2024-03-05 09:00:00,2256.44,2259.37,2253.62,2257.13
2024-03-05 10:00:00,2257.13,2260.75,2254.1,2256.56
2024-03-05 11:00:00,2256.56,2272.27,2255.4,2271.88
2024-03-05 12:00:00,2271.88,2271.88,2256.62,2258.46
2024-03-05 13:00:00,2258.46,2267.37,2258.46,2267.37
2024-03-05 14:00:00,2267.37,2277.52,2267.3,2277.49
2024-03-05 15:00:00,2277.49,2277.49,2267.61,2268.74
2024-03-05 16:00:00,2268.74,2274.7,2268.03,2273.72
2024-03-05 17:00:00,2273.72,2287.88,2273.72,2286.34
2024-03-05 18:00:00,2286.34,2293.99,2286.34,2289.36
2024-03-05 19:00:00,2289.36,2291.27,2287.55,2287.68
2024-03-05 20:00:00,2287.68,2288.69,2281.67,2282.65
2024-03-05 21:00:00,2282.65,2286.17,2280.89,2285.05
2024-03-05 22:00:00,2285.05,2292.88,2284.31,2292.88
2024-03-05 23:00:00,2292.88,2295.49,2290.21,2292.4
2024-03-06 00:00:00,2292.4,2299.01,2290.61,2299.01
2024-03-06 01:00:00,2299.01,2305.34,2292.71,2305.34
2024-03-06 02:00:00,2305.34,2318.82,2304.41,2311.91
2024-03-06 03:00:00,2311.91,2311.91,2299.49,2301.18
2024-03-06 04:00:00,2301.18,2306.21,2300.84,2306.21
2024-03-06 05:00:00,2306.21,2306.21,2292.53,2294.11
2024-03-06 06:00:00,2294.11,2294.11,2279.18,2282.3
2024-03-06 07:00:00,2282.3,2296.05,2278.73,2292.29
2024-03-06 08:00:00,2292.29,2297.68,2288.09,2288.09
2024-03-06 09:00:00,2288.09,2294.7,2287.73,2293.32
2024-03-06 10:00:00,2293.32,2297.89,2292.4,2295.3
2024-03-06 11:00:00,2295.3,2295.3,2289.14,2292.08
2024-03-06 12:00:00,2292.08,2296.0,2290.77,2292.47
2024-03-06 13:00:00,2292.47,2299.07,2292.47,2296.15
2024-03-06 14:00:00,2296.15,2301.73,2294.26,2294.81
2024-03-06 15:00:00,2294.81,2294.81,2287.9,2291.22
2024-03-06 16:00:00,2291.22,2291.22,2278.91,2279.98
2024-03-06 17:00:00,2279.98,2282.2,2277.03,2282.2
2024-03-06 18:00:00,2282.2,2284.2,2267.12,2267.12
2024-03-06 19:00:00,2267.12,2267.12,2257.73,2257.73
2024-03-06 20:00:00,2257.73,2262.6,2256.23,2260.88
2024-03-06 21:00:00,2260.88,2266.78,2257.3,2265.46
2024-03-06 22:00:00,2265.46,2277.5,2265.46,2270.11
2024-03-06 23:00:00,2270.11,2276.6,2270.11,2276.3
2024-03-07 00:00:00,2276.3,2283.01,2276.3,2279.43
2024-03-07 01:00:00,2279.43,2279.96,2272.12,2274.25
2024-03-07 02:00:00,2274.25,2279.59,2269.26,2269.57
2024-03-07 03:00:00,2269.57,2275.62,2268.63,2275.62
2024-03-07 04:00:00,2275.62,2281.34,2272.92,2275.56
2024-03-07 05:00:00,2275.56,2278.11,2272.71,2278.11
2024-03-07 06:00:00,2278.11,2279.83,2274.59,2276.75
2024-03-07 07:00:00,2276.75,2286.33,2276.75,2281.92
2024-03-07 08:00:00,2281.92,2281.92,2270.24,2272.93
2024-03-07 09:00:00,2272.93,2273.31,2253.17,2253.17
2024-03-07 10:00:00,2253.17,2264.52,2252.87,2264.52
2024-03-07 11:00:00,2264.52,2270.02,2263.01,2268.98
2024-03-07 12:00:00,2268.98,2268.98,2260.29,2260.89
2024-03-07 13:00:00,2260.89,2266.13,2255.3,2261.84
2024-03-07 14:00:00,2261.84,2267.73,2258.68,2264.39
2024-03-07 15:00:00,2264.39,2276.59,2264.39,2274.84
2024-03-07 16:00:00,2274.84,2275.94,2268.38,2269.85
2024-03-07 17:00:00,2269.85,2269.85,2263.71,2264.91
2024-03-07 18:00:00,2264.91,2271.05,2261.98,2271.05
2024-03-07 19:00:00,2271.05,2271.5,2262.55,2271.41
2024-03-07 20:00:00,2271.41,2278.85,2270.02,2277.83
2024-03-07 21:00:00,2277.83,2284.78,2277.41,2280.78
2024-03-07 22:00:00,2280.78,2280.78,2266.95,2267.06
2024-03-07 23:00:00,2267.06,2278.46,2266.97,2278.46
2024-03-08 00:00:00,2278.46,2283.14,2276.15,2279.91
2024-03-08 01:00:00,2279.91,2284.2,2276.39,2281.07
2024-03-08 02:00:00,2281.07,2283.73,2276.68,2276.68
2024-03-08 03:00:00,2276.68,2281.66,2275.46,2278.31
2024-03-08 04:00:00,2278.31,2279.73,2273.42,2275.81
2024-03-08 05:00:00,2275.81,2304.66,2272.94,2304.66
2024-03-08 06:00:00,2304.66,2307.55,2297.41,2307.55
2024-03-08 07:00:00,2307.55,2314.12,2304.09,2313.77
2024-03-08 08:00:00,2313.77,2323.26,2313.77,2323.26
2024-03-08 09:00:00,2323.26,2331.76,2323.26,2329.04
2024-03-08 10:00:00,2329.04,2335.33,2329.04,2334.08
2024-03-08 11:00:00,2334.08,2342.03,2334.08,2339.45
2024-03-08 12:00:00,2339.45,2339.9,2330.63,2332.92
2024-03-08 13:00:00,2332.92,2336.17,2330.11,2334.07
2024-03-08 14:00:00,2334.07,2334.07,2328.33,2328.34
2024-03-08 15:00:00,2328.34,2340.0,2327.45,2332.57
2024-03-08 16:00:00,2332.57,2337.43,2330.67,2337.43
2024-03-08 17:00:00,2337.43,2358.75,2337.39,2358.75
2024-03-08 18:00:00,2358.75,2358.75,2351.39,2351.39
2024-03-08 19:00:00,2351.39,2351.39,2342.46,2342.46
2024-03-08 20:00:00,2342.46,2343.84,2340.54,2341.69
2024-03-08 21:00:00,2341.69,2344.11,2337.61,2343.25
2024-03-08 22:00:00,2343.25,2347.14,2342.56,2345.11
2024-03-08 23:00:00,2345.11,2353.51,2345.11,2353.05
2024-03-11 00:00:00,2353.05,2354.61,2350.04,2353.4
2024-03-11 01:00:00,2353.4,2354.81,2341.61,2341.61
2024-03-11 02:00:00,2341.61,2356.36,2341.61,2356.36
2024-03-11 03:00:00,2356.36,2360.15,2350.0,2360.15
2024-03-11 04:00:00,2360.15,2360.15,2346.08,2349.18
2024-03-11 05:00:00,2349.18,2354.71,2349.18,2354.2
2024-03-11 06:00:00,2354.2,2354.2,2346.61,2346.61
2024-03-11 07:00:00,2346.61,2350.57,2344.94,2346.66
2024-03-11 08:00:00,2346.66,2349.63,2342.26,2342.26
2024-03-11 09:00:00,2342.26,2342.26,2336.29,2340.59
2024-03-11 10:00:00,2340.59,2344.55,2337.27,2338.66
2024-03-11 11:00:00,2338.66,2340.88,2337.5,2339.59
2024-03-11 12:00:00,2339.59,2340.17,2324.06,2324.06
2024-03-11 13:00:00,2324.06,2331.31,2324.06,2330.03
2024-03-11 14:00:00,2330.03,2331.23,2326.5,2328.02
2024-03-11 15:00:00,2328.02,2334.96,2322.13,2331.66
2024-03-11 16:00:00,2331.66,2341.67,2329.97,2341.43
2024-03-11 17:00:00,2341.43,2348.86,2338.06,2338.19
2024-03-11 18:00:00,2338.19,2341.32,2338.16,2339.44
2024-03-11 19:00:00,2339.44,2341.76,2331.99,2337.41
2024-03-11 20:00:00,2337.41,2339.03,2332.43,2332.43
2024-03-11 21:00:00,2332.43,2339.37,2329.02,2337.53
2024-03-11 22:00:00,2337.53,2337.53,2330.43,2334.76
2024-03-11 23:00:00,2334.76,2340.88,2332.09,2340.88
2024-03-12 00:00:00,2340.88,2344.69,2336.5,2341.75
2024-03-12 01:00:00,2341.75,2351.82,2339.65,2348.01
2024-03-12 02:00:00,2348.01,2355.89,2348.01,2355.41
2024-03-12 03:00:00,2355.41,2364.42,2355.21,2355.21
2024-03-12 04:00:00,2355.21,2355.59,2343.41,2343.66
2024-03-12 05:00:00,2343.66,2351.06,2341.02,2350.36
2024-03-12 06:00:00,2350.36,2355.75,2341.41,2343.65
2024-03-12 07:00:00,2343.65,2353.98,2343.65,2353.98
2024-03-12 08:00:00,2353.98,2365.45,2352.55,2362.3
2024-03-12 09:00:00,2362.3,2369.9,2359.5,2366.03
2024-03-12 10:00:00,2366.03,2372.54,2364.84,2369.94
2024-03-12 11:00:00,2369.94,2369.94,2361.41,2361.41
2024-03-12 12:00:00,2361.41,2361.41,2354.9,2360.43
2024-03-12 13:00:00,2360.43,2366.55,2359.63,2364.35
2024-03-12 14:00:00,2364.35,2371.36,2362.79,2371.36
2024-03-12 15:00:00,2371.36,2372.51,2368.98,2371.13
2024-03-12 16:00:00,2371.13,2380.25,2371.13,2380.25
2024-03-12 17:00:00,2380.25,2390.3,2380.25,2390.3
2024-03-12 18:00:00,2390.3,2390.3,2380.49,2384.49
2024-03-12 19:00:00,2384.49,2384.49,2373.1,2373.1
2024-03-12 20:00:00,2373.1,2377.34,2371.16,2377.34
2024-03-12 21:00:00,2377.34,2377.34,2362.17,2362.17
2024-03-12 22:00:00,2362.17,2363.57,2360.47,2362.72
2024-03-12 23:00:00,2362.72,2366.99,2362.72,2363.89
2024-03-13 00:00:00,2363.89,2363.89,2355.07,2358.33
2024-03-13 01:00:00,2358.33,2358.33,2345.94,2349.16
2024-03-13 02:00:00,2349.16,2349.16,2334.72,2334.72
2024-03-13 03:00:00,2334.72,2340.03,2331.92,2335.61
2024-03-13 04:00:00,2335.61,2347.56,2335.59,2347.16
2024-03-13 05:00:00,2347.16,2354.38,2344.82,2344.94
2024-03-13 06:00:00,2344.94,2345.01,2336.62,2337.68
2024-03-13 07:00:00,2337.68,2338.23,2329.72,2335.53
2024-03-13 08:00:00,2335.53,2336.03,2321.43,2324.74
2024-03-13 09:00:00,2324.74,2354.32,2322.79,2351.43
2024-03-13 10:00:00,2351.43,2351.43,2339.35,2339.51
2024-03-13 11:00:00,2339.51,2350.35,2338.7,2350.35
2024-03-13 12:00:00,2350.35,2367.83,2350.35,2366.03
2024-03-13 13:00:00,2366.03,2368.89,2359.44,2359.44
2024-03-13 14:00:00,2359.44,2366.6,2357.03,2357.03
2024-03-13 15:00:00,2357.03,2361.38,2354.27,2354.27
2024-03-13 16:00:00,2354.27,2362.8,2352.32,2361.48
2024-03-13 17:00:00,2361.48,2361.48,2352.83,2355.88
2024-03-13 18:00:00,2355.88,2355.94,2346.39,2350.77
2024-03-13 19:00:00,2350.77,2350.77,2338.14,2342.65
2024-03-13 20:00:00,2342.65,2346.55,2335.07,2335.07
2024-03-13 21:00:00,2335.07,2342.22,2334.77,2342.22
2024-03-13 22:00:00,2342.22,2349.09,2337.19,2347.72
2024-03-13 23:00:00,2347.72,2355.64,2347.72,2350.6
2024-03-14 00:00:00,2350.6,2359.82,2347.05,2359.82
2024-03-14 01:00:00,2359.82,2362.2,2356.16,2358.61
2024-03-14 02:00:00,2358.61,2362.57,2356.88,2360.16
2024-03-14 03:00:00,2360.16,2361.84,2356.99,2360.73
2024-03-14 04:00:00,2360.73,2371.91,2360.05,2371.91
2024-03-14 05:00:00,2371.91,2381.59,2371.91,2377.83
2024-03-14 06:00:00,2377.83,2378.66,2370.59,2378.25
2024-03-14 07:00:00,2378.25,2381.39,2373.2,2373.2
2024-03-14 08:00:00,2373.2,2378.18,2364.15,2364.15
2024-03-14 09:00:00,2364.15,2364.86,2350.83,2352.92
2024-03-14 10:00:00,2352.92,2359.25,2352.92,2354.99
2024-03-14 11:00:00,2354.99,2356.24,2349.32,2352.69
2024-03-14 12:00:00,2352.69,2360.88,2352.69,2358.46
2024-03-14 13:00:00,2358.46,2358.74,2354.44,2354.52
2024-03-14 14:00:00,2354.52,2356.36,2351.4,2356.36
2024-03-14 15:00:00,2356.36,2360.19,2353.04,2360.19
2024-03-14 16:00:00,2360.19,2360.19,2356.43,2358.15
2024-03-14 17:00:00,2358.15,2363.28,2355.04,2357.33
2024-03-14 18:00:00,2357.33,2363.74,2357.22,2363.61
2024-03-14 19:00:00,2363.61,2370.71,2363.61,2367.85
2024-03-14 20:00:00,2367.85,2374.27,2362.25,2374.27
2024-03-14 21:00:00,2374.27,2379.95,2364.81,2379.95
2024-03-14 22:00:00,2379.95,2383.44,2378.67,2382.01
2024-03-14 23:00:00,2382.01,2382.01,2363.41,2363.42
2024-03-15 00:00:00,2363.42,2374.32,2360.58,2372.63
2024-03-15 01:00:00,2372.63,2375.42,2366.11,2370.03
2024-03-15 02:00:00,2370.03,2380.0,2370.03,2377.72
2024-03-15 03:00:00,2377.72,2388.4,2377.24,2384.09
2024-03-15 04:00:00,2384.09,2387.4,2379.81,2383.3
2024-03-15 05:00:00,2383.3,2387.92,2379.08,2384.09
2024-03-15 06:00:00,2384.09,2395.44,2382.86,2395.44
2024-03-15 07:00:00,2395.44,2403.01,2395.44,2399.74
2024-03-15 08:00:00,2399.74,2406.11,2399.74,2405.15
2024-03-15 09:00:00,2405.15,2408.28,2399.26,2400.15
2024-03-15 10:00:00,2400.15,2403.08,2395.38,2403.08
2024-03-15 11:00:00,2403.08,2403.08,2388.43,2388.43
2024-03-15 12:00:00,2388.43,2388.43,2376.69,2387.73
2024-03-15 13:00:00,2387.73,2398.19,2387.73,2392.68
2024-03-15 14:00:00,2392.68,2395.61,2391.36,2393.43
2024-03-15 15:00:00,2393.43,2404.61,2392.64,2403.95
2024-03-15 16:00:00,2403.95,2406.3,2391.24,2391.24
2024-03-15 17:00:00,2391.24,2397.12,2391.24,2395.92
2024-03-15 18:00:00,2395.92,2400.09,2393.57,2393.57
2024-03-15 19:00:00,2393.57,2399.62,2392.17,2398.04
2024-03-15 20:00:00,2398.04,2406.67,2397.34,2401.66
2024-03-15 21:00:00,2401.66,2401.66,2396.12,2399.43
2024-03-15 22:00:00,2399.43,2400.89,2390.3,2391.48
2024-03-15 23:00:00,2391.48,2394.87,2390.43,2394.77
2024-03-18 00:00:00,2394.77,2401.47,2390.82,2400.07
2024-03-18 01:00:00,2400.07,2401.8,2393.47,2397.49
2024-03-18 02:00:00,2397.49,2409.0,2397.49,2399.4
2024-03-18 03:00:00,2399.4,2410.54,2399.4,2408.05
2024-03-18 04:00:00,2408.05,2411.23,2401.11,2401.11
2024-03-18 05:00:00,2401.11,2401.11,2387.42,2389.41
2024-03-18 06:00:00,2389.41,2389.41,2384.96,2384.96
2024-03-18 07:00:00,2384.96,2384.96,2375.29,2381.68
2024-03-18 08:00:00,2381.68,2390.59,2381.68,2389.2
2024-03-18 09:00:00,2389.2,2389.2,2367.84,2368.21
2024-03-18 10:00:00,2368.21,2373.0,2368.21,2371.38
2024-03-18 11:00:00,2371.38,2375.8,2370.19,2373.12
2024-03-18 12:00:00,2373.12,2376.46,2371.97,2374.49
2024-03-18 13:00:00,2374.49,2382.11,2374.48,2382.11
2024-03-18 14:00:00,2382.11,2382.11,2372.35,2376.6
2024-03-18 15:00:00,2376.6,2383.91,2375.32,2383.91
2024-03-18 16:00:00,2383.91,2394.19,2382.54,2391.96
2024-03-18 17:00:00,2391.96,2391.96,2385.74,2389.54
2024-03-18 18:00:00,2389.54,2392.75,2382.97,2382.97
2024-03-18 19:00:00,2382.97,2395.43,2382.97,2395.04
2024-03-18 20:00:00,2395.04,2398.29,2394.61,2394.61
2024-03-18 21:00:00,2394.61,2399.47,2392.19,2399.47
2024-03-18 22:00:00,2399.47,2401.6,2395.72,2400.42
2024-03-18 23:00:00,2400.42,2403.17,2398.7,2400.3
2024-03-19 00:00:00,2400.3,2405.08,2383.29,2383.29
2024-03-19 01:00:00,2383.29,2388.53,2383.29,2386.8
2024-03-19 02:00:00,2386.8,2387.82,2381.29,2385.17
2024-03-19 03:00:00,2385.17,2389.7,2384.59,2386.94
2024-03-19 04:00:00,2386.94,2389.08,2381.39,2381.39
2024-03-19 05:00:00,2381.39,2382.33,2367.49,2367.98
2024-03-19 06:00:00,2367.98,2367.98,2352.95,2356.43
2024-03-19 07:00:00,2356.43,2359.17,2354.13,2357.77
2024-03-19 08:00:00,2357.77,2357.77,2353.27,2353.54
2024-03-19 09:00:00,2353.54,2354.49,2348.63,2351.23
2024-03-19 10:00:00,2351.23,2354.91,2345.57,2354.87
2024-03-19 11:00:00,2354.87,2367.69,2351.58,2367.69
2024-03-19 12:00:00,2367.69,2369.88,2364.07,2364.07
2024-03-19 13:00:00,2364.07,2364.07,2360.2,2362.83
2024-03-19 14:00:00,2362.83,2365.67,2362.56,2362.82
2024-03-19 15:00:00,2362.82,2362.82,2357.11,2359.28
2024-03-19 16:00:00,2359.28,2364.06,2359.28,2361.16
2024-03-19 17:00:00,2361.16,2363.24,2353.91,2353.91
2024-03-19 18:00:00,2353.91,2361.59,2353.91,2358.43
2024-03-19 19:00:00,2358.43,2361.33,2357.05,2360.07
2024-03-19 20:00:00,2360.07,2360.51,2355.75,2356.64
2024-03-19 21:00:00,2356.64,2357.59,2351.88,2353.35
2024-03-19 22:00:00,2353.35,2360.99,2352.96,2352.96
2024-03-19 23:00:00,2352.96,2360.56,2352.96,2356.27
2024-03-20 00:00:00,2356.27,2357.69,2354.29,2354.34
2024-03-20 01:00:00,2354.34,2365.08,2353.97,2363.19
2024-03-20 02:00:00,2363.19,2365.59,2360.19,2364.11
2024-03-20 03:00:00,2364.11,2364.11,2357.46,2361.66
2024-03-20 04:00:00,2361.66,2367.55,2361.66,2367.55
2024-03-20 05:00:00,2367.55,2372.46,2367.2,2370.16
2024-03-20 06:00:00,2370.16,2376.01,2368.74,2370.37
2024-03-20 07:00:00,2370.37,2376.68,2368.29,2368.9
2024-03-20 08:00:00,2368.9,2370.29,2352.76,2354.14
2024-03-20 09:00:00,2354.14,2358.02,2354.14,2355.97
2024-03-20 10:00:00,2355.97,2356.62,2351.81,2354.5
2024-03-20 11:00:00,2354.5,2355.39,2350.77,2353.27
2024-03-20 12:00:00,2353.27,2355.0,2347.57,2354.0
2024-03-20 13:00:00,2354.0,2361.48,2354.0,2361.45
2024-03-20 14:00:00,2361.45,2361.45,2348.14,2350.9
2024-03-20 15:00:00,2350.9,2351.9,2345.19,2348.57
2024-03-20 16:00:00,2348.57,2351.03,2343.46,2344.19
2024-03-20 17:00:00,2344.19,2344.19,2338.84,2338.84
2024-03-20 18:00:00,2338.84,2346.91,2338.35,2346.91
2024-03-20 19:00:00,2346.91,2351.12,2342.91,2342.91
2024-03-20 20:00:00,2342.91,2348.53,2338.88,2348.53
2024-03-20 21:00:00,2348.53,2354.71,2348.45,2349.79
2024-03-20 22:00:00,2349.79,2354.66,2347.72,2353.22
2024-03-20 23:00:00,2353.22,2359.76,2353.0,2355.72
2024-03-21 00:00:00,2355.72,2356.93,2349.9,2355.0
2024-03-21 01:00:00,2355.0,2356.87,2350.34,2352.17
2024-03-21 02:00:00,2352.17,2369.17,2352.17,2369.17
2024-03-21 03:00:00,2369.17,2377.73,2365.73,2369.05
2024-03-21 04:00:00,2369.05,2377.35,2367.29,2373.03
2024-03-21 05:00:00,2373.03,2377.4,2373.03,2375.42
2024-03-21 06:00:00,2375.42,2375.42,2370.07,2371.25
2024-03-21 07:00:00,2371.25,2373.49,2362.27,2362.27
2024-03-21 08:00:00,2362.27,2371.76,2362.27,2370.36
2024-03-21 09:00:00,2370.36,2373.55,2368.08,2370.06
2024-03-21 10:00:00,2370.06,2375.13,2369.68,2372.87
2024-03-21 11:00:00,2372.87,2373.38,2367.78,2370.6
2024-03-21 12:00:00,2370.6,2372.87,2365.04,2365.04
2024-03-21 13:00:00,2365.04,2373.24,2364.38,2373.24
2024-03-21 14:00:00,2373.24,2380.2,2373.24,2378.77
2024-03-21 15:00:00,2378.77,2389.68,2378.77,2389.18
2024-03-21 16:00:00,2389.18,2389.18,2378.58,2380.67
2024-03-21 17:00:00,2380.67,2380.8,2370.62,2370.62
2024-03-21 18:00:00,2370.62,2384.83,2370.62,2384.83
2024-03-21 19:00:00,2384.83,2386.81,2379.68,2381.28
2024-03-21 20:00:00,2381.28,2390.56,2381.28,2386.83
2024-03-21 21:00:00,2386.83,2390.77,2385.34,2386.7
2024-03-21 22:00:00,2386.7,2395.96,2382.19,2395.96
2024-03-21 23:00:00,2395.96,2397.17,2392.52,2394.79
2024-03-22 00:00:00,2394.79,2399.65,2394.57,2394.57
2024-03-22 01:00:00,2394.57,2396.86,2391.64,2391.64
2024-03-22 02:00:00,2391.64,2401.18,2391.27,2400.19
2024-03-22 03:00:00,2400.19,2406.62,2400.19,2406.59
2024-03-22 04:00:00,2406.59,2412.37,2405.53,2411.52
2024-03-22 05:00:00,2411.52,2413.1,2407.83,2413.1
2024-03-22 06:00:00,2413.1,2416.56,2413.1,2413.51
2024-03-22 07:00:00,2413.51,2419.97,2409.24,2416.08
2024-03-22 08:00:00,2416.08,2420.14,2413.31,2417.52
2024-03-22 09:00:00,2417.52,2420.81,2413.31,2413.31
2024-03-22 10:00:00,2413.31,2419.65,2412.48,2419.42
2024-03-22 11:00:00,2419.42,2431.3,2419.42,2423.27
2024-03-22 12:00:00,2423.27,2430.89,2423.27,2429.7
2024-03-22 13:00:00,2429.7,2430.3,2423.3,2427.69
2024-03-22 14:00:00,2427.69,2427.69,2420.91,2427.05
2024-03-22 15:00:00,2427.05,2427.05,2414.87,2418.6
2024-03-22 16:00:00,2418.6,2430.28,2418.6,2430.28
2024-03-22 17:00:00,2430.28,2442.41,2430.28,2435.5
2024-03-22 18:00:00,2435.5,2444.92,2434.15,2442.78
2024-03-22 19:00:00,2442.78,2450.43,2442.78,2450.2
2024-03-22 20:00:00,2450.2,2455.32,2449.46,2453.09
2024-03-22 21:00:00,2453.09,2456.82,2450.08,2451.79
2024-03-22 22:00:00,2451.79,2453.01,2444.03,2444.03
2024-03-22 23:00:00,2444.03,2444.7,2434.39,2436.22
2024-03-25 00:00:00,2436.22,2447.01,2434.64,2445.97
2024-03-25 01:00:00,2445.97,2446.96,2441.54,2441.54
2024-03-25 02:00:00,2441.54,2441.54,2431.12,2432.2
2024-03-25 03:00:00,2432.2,2437.39,2431.33,2437.25
2024-03-25 04:00:00,2437.25,2438.35,2432.54,2432.54
2024-03-25 05:00:00,2432.54,2435.88,2426.21,2426.21
2024-03-25 06:00:00,2426.21,2426.21,2420.36,2423.64
2024-03-25 07:00:00,2423.64,2423.64,2418.77,2420.3
2024-03-25 08:00:00,2420.3,2423.03,2416.45,2423.0
2024-03-25 09:00:00,2423.0,2423.0,2414.35,2414.35
2024-03-25 10:00:00,2414.35,2423.38,2413.95,2419.23
2024-03-25 11:00:00,2419.23,2419.27,2405.93,2405.93
2024-03-25 12:00:00,2405.93,2407.68,2397.42,2397.42
2024-03-25 13:00:00,2397.42,2402.37,2397.42,2398.3
2024-03-25 14:00:00,2398.3,2399.06,2394.78,2397.9
2024-03-25 15:00:00,2397.9,2403.5,2392.32,2403.5
2024-03-25 16:00:00,2403.5,2403.5,2396.81,2396.81
2024-03-25 17:00:00,2396.81,2408.29,2396.34,2406.16
2024-03-25 18:00:00,2406.16,2406.16,2399.45,2401.42
2024-03-25 19:00:00,2401.42,2405.96,2401.07,2401.07
2024-03-25 20:00:00,2401.07,2407.96,2400.86,2403.13
2024-03-25 21:00:00,2403.13,2403.49,2396.88,2398.33
2024-03-25 22:00:00,2398.33,2405.2,2397.7,2398.97
2024-03-25 23:00:00,2398.97,2409.42,2392.46,2409.42
2024-03-26 00:00:00,2409.42,2409.42,2400.22,2400.22
2024-03-26 01:00:00,2400.22,2406.79,2398.21,2406.79
2024-03-26 02:00:00,2406.79,2406.79,2399.59,2406.35
2024-03-26 03:00:00,2406.35,2411.62,2406.35,2410.47
2024-03-26 04:00:00,2410.47,2416.22,2410.47,2415.97
2024-03-26 05:00:00,2415.97,2417.62,2413.01,2417.62
2024-03-26 06:00:00,2417.62,2418.88,2411.97,2415.84
2024-03-26 07:00:00,2415.84,2417.76,2413.0,2415.05
2024-03-26 08:00:00,2415.05,2418.22,2412.74,2412.74
2024-03-26 09:00:00,2412.74,2414.59,2407.79,2411.13
2024-03-26 10:00:00,2411.13,2425.57,2409.99,2424.95
2024-03-26 11:00:00,2424.95,2432.13,2424.95,2427.19
2024-03-26 12:00:00,2427.19,2433.78,2425.06,2425.06
2024-03-26 13:00:00,2425.06,2430.35,2422.75,2429.71
2024-03-26 14:00:00,2429.71,2429.71,2424.25,2424.25
2024-03-26 15:00:00,2424.25,2428.12,2421.17,2427.06
2024-03-26 16:00:00,2427.06,2434.37,2427.06,2429.01
2024-03-26 17:00:00,2429.01,2429.01,2421.61,2425.35
2024-03-26 18:00:00,2425.35,2426.99,2419.71,2422.02
2024-03-26 19:00:00,2422.02,2422.02,2414.16,2414.82
2024-03-26 20:00:00,2414.82,2421.03,2413.81,2417.97
2024-03-26 21:00:00,2417.97,2421.51,2411.27,2412.26
2024-03-26 22:00:00,2412.26,2414.59,2409.91,2411.08
2024-03-26 23:00:00,2411.08,2427.01,2411.08,2415.95
2024-03-27 00:00:00,2415.95,2427.97,2410.59,2425.43
2024-03-27 01:00:00,2425.43,2428.29,2421.49,2428.29
2024-03-27 02:00:00,2428.29,2445.5,2428.29,2442.47
2024-03-27 03:00:00,2442.47,2442.47,2431.5,2440.13
2024-03-27 04:00:00,2440.13,2441.41,2428.77,2431.72
2024-03-27 05:00:00,2431.72,2440.05,2430.47,2439.32
2024-03-27 06:00:00,2439.32,2445.59,2435.7,2435.7
2024-03-27 07:00:00,2435.7,2437.79,2430.53,2435.63
2024-03-27 08:00:00,2435.63,2438.05,2427.92,2428.86
2024-03-27 09:00:00,2428.86,2428.86,2423.38,2427.86
2024-03-27 10:00:00,2427.86,2436.68,2421.61,2421.62
2024-03-27 11:00:00,2421.62,2421.62,2415.85,2421.21
2024-03-27 12:00:00,2421.21,2424.18,2413.27,2414.09
2024-03-27 13:00:00,2414.09,2422.25,2409.77,2420.71
2024-03-27 14:00:00,2420.71,2432.33,2420.71,2432.33
2024-03-27 15:00:00,2432.33,2435.27,2430.43,2431.63
2024-03-27 16:00:00,2431.63,2431.63,2421.63,2422.64
2024-03-27 17:00:00,2422.64,2434.8,2422.64,2425.66
2024-03-27 18:00:00,2425.66,2426.25,2421.3,2423.49
2024-03-27 19:00:00,2423.49,2430.72,2419.6,2428.32
2024-03-27 20:00:00,2428.32,2445.11,2428.32,2443.91
2024-03-27 21:00:00,2443.91,2450.85,2442.21,2450.14
2024-03-27 22:00:00,2450.14,2453.98,2436.59,2437.17
2024-03-27 23:00:00,2437.17,2437.17,2432.13,2434.82
2024-03-28 00:00:00,2434.82,2436.43,2423.03,2423.03
2024-03-28 01:00:00,2423.03,2435.74,2423.03,2433.79
2024-03-28 02:00:00,2433.79,2434.91,2421.76,2428.34
2024-03-28 03:00:00,2428.34,2428.7,2423.55,2428.7
2024-03-28 04:00:00,2428.7,2432.03,2424.39,2429.11
2024-03-28 05:00:00,2429.11,2432.97,2428.04,2432.97
2024-03-28 06:00:00,2432.97,2446.65,2431.92,2446.65
2024-03-28 07:00:00,2446.65,2446.65,2439.68,2444.64
2024-03-28 08:00:00,2444.64,2454.69,2437.94,2454.69
2024-03-28 09:00:00,2454.69,2454.69,2440.89,2441.43
2024-03-28 10:00:00,2441.43,2441.43,2431.76,2432.12
2024-03-28 11:00:00,2432.12,2436.82,2430.45,2434.29
2024-03-28 12:00:00,2434.29,2434.29,2427.3,2427.3
2024-03-28 13:00:00,2427.3,2439.4,2426.71,2439.4
2024-03-28 14:00:00,2439.4,2442.72,2438.28,2440.63
2024-03-28 15:00:00,2440.63,2443.94,2439.95,2439.95
2024-03-28 16:00:00,2439.95,2442.93,2438.42,2442.93
2024-03-28 17:00:00,2442.93,2445.98,2440.28,2444.4
2024-03-28 18:00:00,2444.4,2444.86,2440.43,2444.86
2024-03-28 19:00:00,2444.86,2448.57,2442.35,2447.89
2024-03-28 20:00:00,2447.89,2449.34,2441.95,2441.95
2024-03-28 21:00:00,2441.95,2449.59,2439.9,2448.95
2024-03-28 22:00:00,2448.95,2455.79,2447.58,2451.38
2024-03-28 23:00:00,2451.38,2458.18,2449.53,2456.0
2024-03-29 00:00:00,2456.0,2464.32,2446.78,2446.78
2024-03-29 01:00:00,2446.78,2452.64,2445.9,2446.24
2024-03-29 02:00:00,2446.24,2451.03,2446.15,2449.04
2024-03-29 03:00:00,2449.04,2461.66,2449.04,2461.0
2024-03-29 04:00:00,2461.0,2461.83,2457.79,2457.79
2024-03-29 05:00:00,2457.79,2472.53,2454.17,2469.74
2024-03-29 06:00:00,2469.74,2474.3,2466.91,2474.3
2024-03-29 07:00:00,2474.3,2476.89,2467.48,2470.68
2024-03-29 08:00:00,2470.68,2473.14,2469.28,2473.14
2024-03-29 09:00:00,2473.14,2480.23,2473.14,2478.48
2024-03-29 10:00:00,2478.48,2491.58,2477.58,2484.35
2024-03-29 11:00:00,2484.35,2486.54,2479.1,2479.1
2024-03-29 12:00:00,2479.1,2495.98,2479.1,2495.98
2024-03-29 13:00:00,2495.98,2512.13,2495.98,2511.17
2024-03-29 14:00:00,2511.17,2515.16,2502.86,2503.8
2024-03-29 15:00:00,2503.8,2516.72,2503.8,2516.72
2024-03-29 16:00:00,2516.72,2528.17,2516.72,2524.54
2024-03-29 17:00:00,2524.54,2536.39,2524.19,2535.89
2024-03-29 18:00:00,2535.89,2539.95,2525.93,2527.08
2024-03-29 19:00:00,2527.08,2532.54,2527.08,2532.36
2024-03-29 20:00:00,2532.36,2535.55,2528.6,2532.38
2024-03-29 21:00:00,2532.38,2533.81,2514.97,2514.97
2024-03-29 22:00:00,2514.97,2522.85,2514.97,2522.85
2024-03-29 23:00:00,2522.85,2530.42,2522.85,2528.57
2024-04-01 00:00:00,2528.57,2535.47,2528.57,2531.24
2024-04-01 01:00:00,2531.24,2531.24,2523.49,2526.0
2024-04-01 02:00:00,2526.0,2527.07,2519.83,2522.63
2024-04-01 03:00:00,2522.63,2540.73,2522.63,2536.07
2024-04-01 04:00:00,2536.07,2539.62,2530.72,2533.5
2024-04-01 05:00:00,2533.5,2537.72,2533.5,2537.54
2024-04-01 06:00:00,2537.54,2540.92,2529.98,2540.44
2024-04-01 07:00:00,2540.44,2541.0,2535.25,2538.23
2024-04-01 08:00:00,2538.23,2538.57,2529.95,2530.81
2024-04-01 09:00:00,2530.81,2530.81,2519.78,2519.78
2024-04-01 10:00:00,2519.78,2524.8,2515.0,2523.88
2024-04-01 11:00:00,2523.88,2524.23,2515.97,2515.97
2024-04-01 12:00:00,2515.97,2524.73,2512.27,2520.15
2024-04-01 13:00:00,2520.15,2520.15,2512.97,2512.97
2024-04-01 14:00:00,2512.97,2514.13,2510.9,2511.44
2024-04-01 15:00:00,2511.44,2515.75,2511.11,2511.27
2024-04-01 16:00:00,2511.27,2523.86,2511.27,2514.14
2024-04-01 17:00:00,2514.14,2519.79,2514.14,2516.69
2024-04-01 18:00:00,2516.69,2516.69,2505.25,2507.12
2024-04-01 19:00:00,2507.12,2512.62,2505.57,2512.62
2024-04-01 20:00:00,2512.62,2516.67,2509.06,2515.39
2024-04-01 21:00:00,2515.39,2523.27,2514.04,2523.27
2024-04-01 22:00:00,2523.27,2526.68,2520.59,2520.99
2024-04-01 23:00:00,2520.99,2520.99,2512.37,2512.86
2024-04-02 00:00:00,2512.86,2520.33,2512.86,2517.54
2024-04-02 01:00:00,2517.54,2524.61,2515.14,2523.54
2024-04-02 02:00:00,2523.54,2526.23,2511.06,2516.66
2024-04-02 03:00:00,2516.66,2518.06,2506.02,2506.02
2024-04-02 04:00:00,2506.02,2506.02,2495.41,2505.36
2024-04-02 05:00:00,2505.36,2507.54,2501.23,2507.01
2024-04-02 06:00:00,2507.01,2513.53,2507.01,2508.53
2024-04-02 07:00:00,2508.53,2508.53,2500.28,2505.78
2024-04-02 08:00:00,2505.78,2509.4,2504.48,2506.01
2024-04-02 09:00:00,2506.01,2510.16,2503.0,2510.16
2024-04-02 10:00:00,2510.16,2518.27,2510.16,2518.27
2024-04-02 11:00:00,2518.27,2518.27,2508.53,2511.16
2024-04-02 12:00:00,2511.16,2511.16,2496.67,2500.96
2024-04-02 13:00:00,2500.96,2500.96,2494.16,2494.16
2024-04-02 14:00:00,2494.16,2499.98,2491.29,2497.67
2024-04-02 15:00:00,2497.67,2499.22,2495.84,2495.84
2024-04-02 16:00:00,2495.84,2495.84,2485.91,2489.92
2024-04-02 17:00:00,2489.92,2495.21,2489.92,2495.21
2024-04-02 18:00:00,2495.21,2499.15,2492.12,2492.12
2024-04-02 19:00:00,2492.12,2498.23,2492.12,2492.78
2024-04-02 20:00:00,2492.78,2492.78,2486.63,2491.25
2024-04-02 21:00:00,2491.25,2499.08,2488.11,2499.08
2024-04-02 22:00:00,2499.08,2501.72,2493.24,2493.24
2024-04-02 23:00:00,2493.24,2503.89,2489.34,2490.72
2024-04-03 00:00:00,2490.72,2492.89,2488.36,2491.39
2024-04-03 01:00:00,2491.39,2495.8,2488.37,2492.8
2024-04-03 02:00:00,2492.8,2498.86,2491.14,2493.18
2024-04-03 03:00:00,2493.18,2496.46,2488.03,2488.03
2024-04-03 04:00:00,2488.03,2488.03,2480.97,2482.9
2024-04-03 05:00:00,2482.9,2485.73,2481.4,2485.73
2024-04-03 06:00:00,2485.73,2488.75,2479.73,2482.71
2024-04-03 07:00:00,2482.71,2484.95,2478.57,2484.95
2024-04-03 08:00:00,2484.95,2486.0,2480.65,2484.21
2024-04-03 09:00:00,2484.21,2484.21,2478.16,2481.84
2024-04-03 10:00:00,2481.84,2481.84,2474.77,2476.67
2024-04-03 11:00:00,2476.67,2486.92,2476.67,2486.85
2024-04-03 12:00:00,2486.85,2491.96,2486.52,2488.99
2024-04-03 13:00:00,2488.99,2489.76,2487.54,2489.61
2024-04-03 14:00:00,2489.61,2493.95,2483.95,2487.32
2024-04-03 15:00:00,2487.32,2489.96,2482.47,2482.47
2024-04-03 16:00:00,2482.47,2482.47,2471.16,2471.2
2024-04-03 17:00:00,2471.2,2472.4,2463.53,2463.53
2024-04-03 18:00:00,2463.53,2466.43,2460.78,2463.49
2024-04-03 19:00:00,2463.49,2472.77,2463.49,2469.56
2024-04-03 20:00:00,2469.56,2472.67,2467.11,2470.37
2024-04-03 21:00:00,2470.37,2473.0,2468.86,2472.65
2024-04-03 22:00:00,2472.65,2473.57,2466.4,2466.43
2024-04-03 23:00:00,2466.43,2467.4,2458.64,2458.64
2024-04-04 00:00:00,2458.64,2458.64,2446.92,2447.25
2024-04-04 01:00:00,2447.25,2447.25,2441.28,2441.82
2024-04-04 02:00:00,2441.82,2442.85,2438.9,2440.42
2024-04-04 03:00:00,2440.42,2457.99,2439.75,2457.99
2024-04-04 04:00:00,2457.99,2459.44,2454.48,2456.24
2024-04-04 05:00:00,2456.24,2463.37,2452.59,2456.47
2024-04-04 06:00:00,2456.47,2458.18,2449.34,2449.34
2024-04-04 07:00:00,2449.34,2452.44,2445.23,2451.44
2024-04-04 08:00:00,2451.44,2454.3,2447.76,2449.43
2024-04-04 09:00:00,2449.43,2458.3,2442.43,2458.3
2024-04-04 10:00:00,2458.3,2459.02,2451.48,2453.66
2024-04-04 11:00:00,2453.66,2460.28,2451.98,2460.28
2024-04-04 12:00:00,2460.28,2464.28,2459.18,2462.27
2024-04-04 13:00:00,2462.27,2467.4,2460.65,2467.21
2024-04-04 14:00:00,2467.21,2468.89,2461.96,2467.06
2024-04-04 15:00:00,2467.06,2471.51,2465.6,2469.65
2024-04-04 16:00:00,2469.65,2469.65,2460.54,2460.54
2024-04-04 17:00:00,2460.54,2466.37,2460.54,2462.96
2024-04-04 18:00:00,2462.96,2464.19,2456.74,2459.73
2024-04-04 19:00:00,2459.73,2462.04,2454.47,2454.47
2024-04-04 20:00:00,2454.47,2454.47,2433.33,2433.33
2024-04-04 21:00:00,2433.33,2433.73,2430.17,2432.84
2024-04-04 22:00:00,2432.84,2438.58,2432.43,2437.8
2024-04-04 23:00:00,2437.8,2438.05,2430.45,2432.16
2024-04-05 00:00:00,2432.16,2441.92,2432.16,2441.92
2024-04-05 01:00:00,2441.92,2448.08,2439.73,2447.49
2024-04-05 02:00:00,2447.49,2447.49,2439.05,2444.8
2024-04-05 03:00:00,2444.8,2445.71,2434.6,2437.6
2024-04-05 04:00:00,2437.6,2441.5,2431.14,2434.99
2024-04-05 05:00:00,2434.99,2438.67,2431.68,2431.68
2024-04-05 06:00:00,2431.68,2438.75,2428.72,2437.07
2024-04-05 07:00:00,2437.07,2442.13,2435.36,2442.01
2024-04-05 08:00:00,2442.01,2443.13,2439.67,2441.38
2024-04-05 09:00:00,2441.38,2444.48,2439.81,2443.3
2024-04-05 10:00:00,2443.3,2447.99,2437.36,2437.36
2024-04-05 11:00:00,2437.36,2439.78,2435.61,2438.55
2024-04-05 12:00:00,2438.55,2444.29,2435.6,2435.6
2024-04-05 13:00:00,2435.6,2435.6,2431.66,2435.16
2024-04-05 14:00:00,2435.16,2437.31,2429.56,2434.51
2024-04-05 15:00:00,2434.51,2435.43,2417.03,2417.03
2024-04-05 16:00:00,2417.03,2417.1,2403.25,2405.12
2024-04-05 17:00:00,2405.12,2414.39,2405.12,2413.4
2024-04-05 18:00:00,2413.4,2419.02,2413.23,2413.48
2024-04-05 19:00:00,2413.48,2420.38,2413.48,2420.38
2024-04-05 20:00:00,2420.38,2425.13,2413.19,2425.13
2024-04-05 21:00:00,2425.13,2428.63,2423.57,2425.57
2024-04-05 22:00:00,2425.57,2430.29,2422.19,2422.19
2024-04-05 23:00:00,2422.19,2422.19,2413.89,2413.9
2024-04-08 00:00:00,2413.9,2413.9,2409.94,2409.94
2024-04-08 01:00:00,2409.94,2426.53,2409.94,2426.53
2024-04-08 02:00:00,2426.53,2431.27,2415.8,2416.64
2024-04-08 03:00:00,2416.64,2425.2,2414.79,2423.47
2024-04-08 04:00:00,2423.47,2430.13,2423.03,2423.81
2024-04-08 05:00:00,2423.81,2425.21,2420.01,2420.01
2024-04-08 06:00:00,2420.01,2431.63,2420.01,2431.39
2024-04-08 07:00:00,2431.39,2442.28,2429.06,2438.73
2024-04-08 08:00:00,2438.73,2442.36,2432.33,2432.33
2024-04-08 09:00:00,2432.33,2447.58,2432.0,2446.56
2024-04-08 10:00:00,2446.56,2452.47,2446.46,2446.56
2024-04-08 11:00:00,2446.56,2448.84,2444.28,2446.05
2024-04-08 12:00:00,2446.05,2448.86,2443.79,2447.61
2024-04-08 13:00:00,2447.61,2450.58,2445.13,2449.15
2024-04-08 14:00:00,2449.15,2449.5,2445.33,2449.5
2024-04-08 15:00:00,2449.5,2457.33,2449.5,2456.94
2024-04-08 16:00:00,2456.94,2464.28,2455.89,2456.05
2024-04-08 17:00:00,2456.05,2456.05,2450.77,2452.11
2024-04-08 18:00:00,2452.11,2459.72,2452.11,2457.35
2024-04-08 19:00:00,2457.35,2458.78,2441.97,2441.97
2024-04-08 20:00:00,2441.97,2447.21,2435.76,2435.76
2024-04-08 21:00:00,2435.76,2435.78,2421.1,2431.7
2024-04-08 22:00:00,2431.7,2440.49,2430.71,2438.16
2024-04-08 23:00:00,2438.16,2440.07,2433.21,2433.21
2024-04-09 00:00:00,2433.21,2433.79,2431.36,2432.0
2024-04-09 01:00:00,2432.0,2441.61,2430.94,2440.08
2024-04-09 02:00:00,2440.08,2443.62,2438.0,2443.21
2024-04-09 03:00:00,2443.21,2446.28,2442.65,2443.24
2024-04-09 04:00:00,2443.24,2452.72,2443.24,2443.77
2024-04-09 05:00:00,2443.77,2449.37,2443.77,2446.55
2024-04-09 06:00:00,2446.55,2454.15,2444.83,2454.15
2024-04-09 07:00:00,2454.15,2458.47,2451.98,2455.16
2024-04-09 08:00:00,2455.16,2457.24,2447.06,2447.06
2024-04-09 09:00:00,2447.06,2448.72,2433.49,2433.49
2024-04-09 10:00:00,2433.49,2437.77,2432.19,2434.0
2024-04-09 11:00:00,2434.0,2451.17,2434.0,2442.52
2024-04-09 12:00:00,2442.52,2447.13,2430.24,2432.7
2024-04-09 13:00:00,2432.7,2437.54,2431.25,2437.28
2024-04-09 14:00:00,2437.28,2446.01,2436.28,2446.01
2024-04-09 15:00:00,2446.01,2446.01,2439.77,2439.77
2024-04-09 16:00:00,2439.77,2456.24,2439.77,2456.24
2024-04-09 17:00:00,2456.24,2457.52,2451.37,2457.52
2024-04-09 18:00:00,2457.52,2462.94,2456.35,2459.32
2024-04-09 19:00:00,2459.32,2471.75,2459.32,2463.92
2024-04-09 20:00:00,2463.92,2470.06,2463.03,2470.06
2024-04-09 21:00:00,2470.06,2470.06,2460.25,2467.73
2024-04-09 22:00:00,2467.73,2467.73,2460.94,2464.14
2024-04-09 23:00:00,2464.14,2473.83,2464.14,2473.83
2024-04-10 00:00:00,2473.83,2473.83,2459.47,2459.64
2024-04-10 01:00:00,2459.64,2466.03,2457.27,2465.51
2024-04-10 02:00:00,2465.51,2466.14,2453.72,2465.08
2024-04-10 03:00:00,2465.08,2475.82,2464.18,2469.53
2024-04-10 04:00:00,2469.53,2476.29,2469.53,2476.29
2024-04-10 05:00:00,2476.29,2484.9,2473.44,2479.41
2024-04-10 06:00:00,2479.41,2480.24,2473.89,2476.2
2024-04-10 07:00:00,2476.2,2482.76,2472.26,2482.76
2024-04-10 08:00:00,2482.76,2491.34,2481.35,2488.08
2024-04-10 09:00:00,2488.08,2491.54,2483.29,2487.26
2024-04-10 10:00:00,2487.26,2487.7,2477.77,2478.89
2024-04-10 11:00:00,2478.89,2480.85,2466.94,2466.94
2024-04-10 12:00:00,2466.94,2480.33,2466.94,2480.28
2024-04-10 13:00:00,2480.28,2490.52,2480.28,2490.52
2024-04-10 14:00:00,2490.52,2490.52,2477.42,2477.42
2024-04-10 15:00:00,2477.42,2482.56,2470.79,2480.49
2024-04-10 16:00:00,2480.49,2482.81,2477.9,2481.39
2024-04-10 17:00:00,2481.39,2488.47,2480.71,2488.47
2024-04-10 18:00:00,2488.47,2493.36,2487.1,2487.98
2024-04-10 19:00:00,2487.98,2488.57,2482.54,2483.02
2024-04-10 20:00:00,2483.02,2485.3,2480.27,2485.3
2024-04-10 21:00:00,2485.3,2486.14,2468.51,2468.51
2024-04-10 22:00:00,2468.51,2478.53,2467.79,2478.41
2024-04-10 23:00:00,2478.41,2479.4,2459.6,2459.6
2024-04-11 00:00:00,2459.6,2463.46,2456.94,2463.46
2024-04-11 01:00:00,2463.46,2467.17,2459.1,2463.79
2024-04-11 02:00:00,2463.79,2467.26,2463.46,2464.51
2024-04-11 03:00:00,2464.51,2467.82,2456.25,2461.29
2024-04-11 04:00:00,2461.29,2461.29,2456.8,2458.15
2024-04-11 05:00:00,2458.15,2462.78,2451.71,2451.71
2024-04-11 06:00:00,2451.71,2457.48,2449.22,2457.48
2024-04-11 07:00:00,2457.48,2459.05,2453.03,2453.03
